所在区域,开发区,房屋总价,30,房屋户型,1室0厅1卫,所在楼层,高楼层 (共16层),建筑面积,43.92O,户型结构,平层,建筑类型,塔楼,房屋朝向,东,建筑结构,钢混结构,装修情况,简装,梯户比例,两梯三十七户,供暖方式,集中供暖,配备电梯,有
所在区域,开发区,房屋总价,132,房屋户型,2室2厅2卫,所在楼层,低楼层 (共30层),建筑面积,85.29O,户型结构,平层,建筑类型,板楼,房屋朝向,南,建筑结构,框架结构,装修情况,精装,梯户比例,两梯六户,供暖方式,集中供暖,配备电梯,有
所在区域,开发区,房屋总价,56.5,房屋户型,2室1厅1卫,所在楼层,中楼层 (共7层),建筑面积,72.04O,户型结构,平层,建筑类型,板楼,房屋朝向,南 北,建筑结构,钢混结构,装修情况,精装,梯户比例,一梯三户,供暖方式,集中供暖
所在区域,开发区,房屋总价,245,房屋户型,3室2厅2卫,所在楼层,高楼层 (共23层),建筑面积,147.52O,户型结构,平层,建筑类型,板楼,房屋朝向,南 北,建筑结构,钢混结构,装修情况,精装,梯户比例,两梯四户,供暖方式,集中供暖,配备电梯,有
所在区域,开发区,房屋总价,45,房屋户型,2室1厅1卫,所在楼层,中楼层 (共6层),建筑面积,55.86O,户型结构,平层,建筑类型,板楼,房屋朝向,南,建筑结构,砖混结构,装修情况,精装,梯户比例,一梯三户,供暖方式,集中供暖
所在区域,开发区,房屋总价,45,房屋户型,2室1厅1卫,所在楼层,中楼层 (共7层),建筑面积,60.63O,户型结构,平层,建筑类型,板楼,房屋朝向,南 北,建筑结构,钢混结构,装修情况,其他,梯户比例,一梯三户,供暖方式,集中供暖
所在区域,开发区,房屋总价,96.8,房屋户型,2室1厅1卫,所在楼层,中楼层 (共26层),建筑面积,78O,户型结构,平层,套内面积,78O,建筑类型,板楼,房屋朝向,南 北,建筑结构,框架结构,装修情况,简装,梯户比例,一梯三户,供暖方式,集中供暖,配备电梯,有
所在区域,开发区,房屋总价,42,房屋户型,1室1厅1卫,所在楼层,中楼层 (共29层),建筑面积,40.11O,户型结构,平层,建筑类型,板楼,房屋朝向,东,建筑结构,钢混结构,装修情况,简装,梯户比例,两梯四户,供暖方式,集中供暖,配备电梯,有
所在区域,开发区,房屋总价,65,房屋户型,2室1厅1卫,所在楼层,低楼层 (共7层),建筑面积,76.7O,户型结构,平层,建筑类型,板楼,房屋朝向,南 北,建筑结构,混合结构,装修情况,其他,梯户比例,一梯两户,供暖方式,集中供暖
所在区域,开发区,房屋总价,80,房屋户型,2室1厅1卫,所在楼层,高楼层 (共32层),建筑面积,63.39O,户型结构,平层,建筑类型,塔楼,房屋朝向,南 西,建筑结构,钢混结构,装修情况,其他,梯户比例,六梯二十三户,供暖方式,集中供暖,配备电梯,有
所在区域,开发区,房屋总价,61.5,房屋户型,2室1厅1卫,所在楼层,低楼层 (共31层),建筑面积,62.6O,户型结构,平层,建筑类型,板楼,房屋朝向,南 北,建筑结构,钢混结构,装修情况,简装,梯户比例,两梯三户,供暖方式,集中供暖,配备电梯,有
所在区域,开发区,房屋总价,102.5,房屋户型,2室1厅1卫,所在楼层,中楼层 (共28层),建筑面积,89.12O,户型结构,平层,建筑类型,板楼,房屋朝向,南 北,建筑结构,框架结构,装修情况,毛坯,梯户比例,两梯三户,供暖方式,集中供暖,配备电梯,有
所在区域,开发区,房屋总价,36,房屋户型,1室1厅1卫,所在楼层,高楼层 (共33层),建筑面积,41.79O,户型结构,平层,建筑类型,塔楼,房屋朝向,南,建筑结构,钢混结构,装修情况,简装,梯户比例,三梯十八户,供暖方式,集中供暖,配备电梯,有
所在区域,开发区,房屋总价,77.5,房屋户型,2室1厅1卫,所在楼层,中楼层 (共18层),建筑面积,78O,户型结构,平层,套内面积,78O,建筑类型,板楼,房屋朝向,南 北,建筑结构,钢混结构,装修情况,简装,梯户比例,一梯三户,供暖方式,集中供暖,配备电梯,有
所在区域,开发区,房屋总价,83,房屋户型,2室2厅1卫,所在楼层,高楼层 (共33层),建筑面积,73.6O,户型结构,平层,建筑类型,板楼,房屋朝向,南 北,建筑结构,框架结构,装修情况,精装,梯户比例,两梯三户,供暖方式,集中供暖,配备电梯,有
所在区域,开发区,房屋总价,74,房屋户型,2室1厅1卫,所在楼层,中楼层 (共7层),建筑面积,82.91O,户型结构,平层,建筑类型,板楼,房屋朝向,南 北,建筑结构,砖混结构,装修情况,精装,梯户比例,一梯三户,供暖方式,集中供暖
所在区域,开发区,房屋总价,21,房屋户型,1室1厅1卫,所在楼层,中楼层 (共22层),建筑面积,27.94O,户型结构,平层,建筑类型,板楼,房屋朝向,北,建筑结构,框架结构,装修情况,精装,梯户比例,两梯六户,供暖方式,集中供暖,配备电梯,有
所在区域,开发区,房屋总价,76,房屋户型,2室1厅1卫,所在楼层,低楼层 (共6层),建筑面积,64.2O,户型结构,平层,建筑类型,板楼,房屋朝向,南 北,建筑结构,钢混结构,装修情况,简装,梯户比例,一梯三户,供暖方式,集中供暖
所在区域,开发区,房屋总价,146.8,房屋户型,3室2厅2卫,所在楼层,中楼层 (共18层),建筑面积,118.54O,户型结构,平层,建筑类型,板楼,房屋朝向,南 北,建筑结构,钢混结构,装修情况,精装,梯户比例,一梯两户,供暖方式,集中供暖,配备电梯,有
所在区域,开发区,房屋总价,63,房屋户型,1室1厅1卫,所在楼层,高楼层 (共6层),建筑面积,54.5O,户型结构,平层,建筑类型,板楼,房屋朝向,南 北,建筑结构,钢混结构,装修情况,精装,梯户比例,一梯三户,供暖方式,集中供暖,配备电梯,有
所在区域,开发区,房屋总价,61,房屋户型,2室1厅1卫,所在楼层,高楼层 (共6层),建筑面积,55.51O,户型结构,平层,建筑类型,板楼,房屋朝向,南 北,建筑结构,钢混结构,装修情况,其他,梯户比例,一梯三户,供暖方式,集中供暖
所在区域,开发区,房屋总价,276,房屋户型,3室2厅2卫,所在楼层,中楼层 (共5层),建筑面积,132.76O,户型结构,平层,套内面积,132O,建筑类型,板楼,房屋朝向,南 北,建筑结构,钢混结构,装修情况,毛坯,梯户比例,一梯两户,供暖方式,集中供暖,配备电梯,有
所在区域,开发区,房屋总价,99,房屋户型,2室1厅1卫,所在楼层,低楼层 (共7层),建筑面积,76.45O,户型结构,平层,建筑类型,板楼,房屋朝向,南,建筑结构,混合结构,装修情况,精装,梯户比例,一梯两户,供暖方式,集中供暖
所在区域,开发区,房屋总价,38.8,房屋户型,1室0厅1卫,所在楼层,低楼层 (共28层),建筑面积,59.31O,户型结构,平层,建筑类型,塔楼,房屋朝向,东,建筑结构,钢混结构,装修情况,其他,梯户比例,三梯二十四户,供暖方式,集中供暖,配备电梯,有,用水类型,商水,用电类型,商电
所在区域,开发区,房屋总价,140,房屋户型,2室1厅1卫,所在楼层,低楼层 (共6层),建筑面积,65.12O,户型结构,平层,建筑类型,板楼,房屋朝向,南 北,建筑结构,混合结构,装修情况,简装,梯户比例,一梯两户,供暖方式,集中供暖
所在区域,开发区,房屋总价,84.8,房屋户型,2室2厅1卫,所在楼层,低楼层 (共11层),建筑面积,88.19O,户型结构,平层,建筑类型,板楼,房屋朝向,南 北,建筑结构,钢混结构,装修情况,简装,梯户比例,一梯两户,供暖方式,集中供暖,配备电梯,有
所在区域,开发区,房屋总价,82,房屋户型,2室2厅1卫,所在楼层,高楼层 (共10层),建筑面积,83.01O,户型结构,平层,套内面积,75O,建筑类型,板楼,房屋朝向,南 北,建筑结构,钢混结构,装修情况,精装,梯户比例,一梯两户,供暖方式,集中供暖,配备电梯,有
所在区域,开发区,房屋总价,220,房屋户型,3室2厅1卫,所在楼层,低楼层 (共9层),建筑面积,111.24O,户型结构,平层,建筑类型,板楼,房屋朝向,南 北,建筑结构,钢混结构,装修情况,精装,梯户比例,一梯两户,供暖方式,集中供暖,配备电梯,有
所在区域,开发区,房屋总价,82,房屋户型,2室1厅1卫,所在楼层,中楼层 (共4层),建筑面积,93.86O,户型结构,平层,建筑类型,板楼,房屋朝向,南 北,建筑结构,钢混结构,装修情况,简装,梯户比例,一梯两户,供暖方式,集中供暖,配备电梯,有
所在区域,开发区,房屋总价,47,房屋户型,2室1厅1卫,所在楼层,高楼层 (共7层),建筑面积,64.7O,户型结构,平层,建筑类型,板楼,房屋朝向,南,建筑结构,混合结构,装修情况,简装,梯户比例,一梯三户,供暖方式,集中供暖,配备电梯,有
所在区域,开发区,房屋总价,190,房屋户型,3室2厅1卫,所在楼层,高楼层 (共33层),建筑面积,118O,户型结构,平层,建筑类型,板楼,房屋朝向,南 北,建筑结构,钢混结构,装修情况,其他,梯户比例,两梯三户,供暖方式,集中供暖,配备电梯,有
所在区域,开发区,房屋总价,207.5,房屋户型,3室2厅2卫,所在楼层,中楼层 (共5层),建筑面积,114.81O,户型结构,平层,建筑类型,板楼,房屋朝向,南 北,建筑结构,钢混结构,装修情况,精装,梯户比例,一梯两户,供暖方式,集中供暖
所在区域,开发区,房屋总价,43,房屋户型,1室0厅1卫,所在楼层,低楼层 (共33层),建筑面积,47.6O,户型结构,平层,建筑类型,塔楼,房屋朝向,东,建筑结构,钢混结构,装修情况,其他,梯户比例,六梯三十八户,供暖方式,集中供暖,配备电梯,有
所在区域,开发区,房屋总价,92,房屋户型,2室1厅1卫,所在楼层,中楼层 (共18层),建筑面积,64.96O,户型结构,平层,建筑类型,板楼,房屋朝向,南,建筑结构,钢混结构,装修情况,精装,梯户比例,一梯三户,供暖方式,集中供暖,配备电梯,有
所在区域,开发区,房屋总价,49,房屋户型,1室0厅1卫,所在楼层,低楼层 (共33层),建筑面积,32.61O,户型结构,平层,建筑类型,板塔结合,房屋朝向,东,建筑结构,钢混结构,装修情况,精装,梯户比例,四梯十二户,供暖方式,集中供暖,配备电梯,有
所在区域,开发区,房屋总价,12.5,房屋户型,1室0厅1卫,所在楼层,高楼层 (共7层),建筑面积,22.01O,户型结构,平层,建筑类型,板楼,房屋朝向,北,建筑结构,未知结构,装修情况,简装,梯户比例,一梯二十九户
所在区域,开发区,房屋总价,47,房屋户型,1室1厅1卫,所在楼层,中楼层 (共6层),建筑面积,48.88O,户型结构,平层,建筑类型,板楼,房屋朝向,南 北,建筑结构,钢混结构,装修情况,精装,梯户比例,一梯四户,供暖方式,集中供暖
所在区域,开发区,房屋总价,99.8,房屋户型,2室1厅1卫,所在楼层,高楼层 (共32层),建筑面积,142.67O,户型结构,平层,建筑类型,板楼,房屋朝向,南,建筑结构,钢混结构,装修情况,其他,梯户比例,两梯八户,供暖方式,集中供暖,配备电梯,有
所在区域,开发区,房屋总价,107,房屋户型,2室1厅1卫,所在楼层,高楼层 (共32层),建筑面积,111.64O,户型结构,平层,建筑类型,板楼,房屋朝向,东北,建筑结构,钢混结构,装修情况,精装,梯户比例,两梯八户,供暖方式,集中供暖,配备电梯,有
所在区域,开发区,房屋总价,55,房屋户型,1室1厅1卫,所在楼层,高楼层 (共15层),建筑面积,66.05O,户型结构,平层,建筑类型,板楼,房屋朝向,南,建筑结构,钢混结构,装修情况,简装,梯户比例,一梯四户,供暖方式,集中供暖,配备电梯,有
所在区域,开发区,房屋总价,93.8,房屋户型,3室2厅1卫,所在楼层,低楼层 (共32层),建筑面积,117.92O,户型结构,平层,建筑类型,板楼,房屋朝向,西北,建筑结构,钢混结构,装修情况,精装,梯户比例,两梯八户,供暖方式,集中供暖,配备电梯,有
所在区域,开发区,房屋总价,115,房屋户型,3室1厅1卫,所在楼层,高楼层 (共25层),建筑面积,79.64O,户型结构,平层,建筑类型,板楼,房屋朝向,南 北,建筑结构,钢混结构,装修情况,其他,梯户比例,两梯两户,供暖方式,集中供暖,配备电梯,有
所在区域,开发区,房屋总价,63,房屋户型,2室2厅1卫,所在楼层,高楼层 (共7层),建筑面积,84.1O,户型结构,平层,建筑类型,板楼,房屋朝向,南 北,建筑结构,钢混结构,装修情况,简装,梯户比例,一梯两户,供暖方式,集中供暖
所在区域,开发区,房屋总价,83,房屋户型,2室1厅1卫,所在楼层,低楼层 (共11层),建筑面积,86.02O,户型结构,平层,建筑类型,板楼,房屋朝向,南 北,建筑结构,钢混结构,装修情况,简装,梯户比例,一梯四户,供暖方式,集中供暖,配备电梯,有
所在区域,开发区,房屋总价,58,房屋户型,2室1厅1卫,所在楼层,高楼层 (共7层),建筑面积,67.43O,户型结构,平层,建筑类型,板楼,房屋朝向,南,建筑结构,混合结构,装修情况,其他,梯户比例,一梯两户,供暖方式,集中供暖
所在区域,开发区,房屋总价,135,房屋户型,2室1厅1卫,所在楼层,中楼层 (共6层),建筑面积,65.12O,户型结构,平层,建筑类型,板楼,房屋朝向,南 北,建筑结构,砖混结构,装修情况,精装,梯户比例,一梯两户,供暖方式,集中供暖
所在区域,开发区,房屋总价,45,房屋户型,1室1厅1卫,所在楼层,低楼层 (共11层),建筑面积,39.99O,户型结构,平层,建筑类型,板楼,房屋朝向,南,建筑结构,钢混结构,装修情况,简装,梯户比例,一梯四户,供暖方式,集中供暖,配备电梯,有
所在区域,开发区,房屋总价,95,房屋户型,2室1厅1卫,所在楼层,低楼层 (共7层),建筑面积,66.28O,户型结构,平层,建筑类型,板楼,房屋朝向,西 北,建筑结构,混合结构,装修情况,简装,梯户比例,一梯两户,供暖方式,集中供暖
所在区域,开发区,房屋总价,80,房屋户型,2室1厅1卫,所在楼层,低楼层 (共11层),建筑面积,85.4O,户型结构,平层,建筑类型,板楼,房屋朝向,南 北,建筑结构,钢混结构,装修情况,精装,梯户比例,一梯四户,供暖方式,集中供暖,配备电梯,有
所在区域,开发区,房屋总价,56,房屋户型,2室1厅1卫,所在楼层,中楼层 (共7层),建筑面积,70O,户型结构,平层,建筑类型,板楼,房屋朝向,南 北,建筑结构,砖混结构,装修情况,精装,梯户比例,一梯三户,供暖方式,集中供暖
所在区域,开发区,房屋总价,85,房屋户型,2室1厅1卫,所在楼层,低楼层 (共18层),建筑面积,71.56O,户型结构,平层,套内面积,58.99O,建筑类型,板楼,房屋朝向,南 北,建筑结构,框架结构,装修情况,其他,梯户比例,一梯三户,供暖方式,集中供暖,配备电梯,有
所在区域,开发区,房屋总价,25.4,房屋户型,1室1厅1卫,所在楼层,低楼层 (共18层),建筑面积,37.66O,户型结构,平层,建筑类型,塔楼,房屋朝向,东 北,建筑结构,钢混结构,装修情况,其他,梯户比例,两梯二十八户,供暖方式,集中供暖,配备电梯,有
所在区域,开发区,房屋总价,89,房屋户型,2室1厅1卫,所在楼层,高楼层 (共26层),建筑面积,73.81O,户型结构,平层,建筑类型,板楼,房屋朝向,南 北,建筑结构,框架结构,装修情况,简装,梯户比例,两梯四户,供暖方式,集中供暖,配备电梯,有
所在区域,开发区,房屋总价,82.5,房屋户型,2室2厅1卫,所在楼层,高楼层 (共9层),建筑面积,90.32O,户型结构,平层,建筑类型,板楼,房屋朝向,北 南,建筑结构,钢混结构,装修情况,其他,梯户比例,一梯两户,供暖方式,集中供暖,配备电梯,有
所在区域,开发区,房屋总价,130,房屋户型,3室1厅1卫,所在楼层,低楼层 (共11层),建筑面积,97.11O,户型结构,平层,建筑类型,板塔结合,房屋朝向,南 北,建筑结构,钢混结构,装修情况,精装,梯户比例,一梯两户,供暖方式,集中供暖,配备电梯,有
所在区域,开发区,房屋总价,80.5,房屋户型,3室2厅1卫,所在楼层,高楼层 (共6层),建筑面积,91O,户型结构,平层,建筑类型,板楼,房屋朝向,南 北,建筑结构,钢混结构,装修情况,简装,梯户比例,一梯两户,供暖方式,集中供暖
所在区域,开发区,房屋总价,165,房屋户型,3室2厅1卫,所在楼层,高楼层 (共6层),建筑面积,93.4O,户型结构,平层,建筑类型,板楼,房屋朝向,南 北,建筑结构,砖混结构,装修情况,精装,梯户比例,一梯两户,供暖方式,集中供暖
所在区域,开发区,房屋总价,72,房屋户型,2室1厅1卫,所在楼层,中楼层 (共11层),建筑面积,65.55O,户型结构,平层,建筑类型,板楼,房屋朝向,南,建筑结构,钢混结构,装修情况,精装,梯户比例,一梯三户,供暖方式,集中供暖,配备电梯,有
所在区域,开发区,房屋总价,160,房屋户型,3室2厅2卫,所在楼层,高楼层 (共12层),建筑面积,136.44O,户型结构,平层,建筑类型,板楼,房屋朝向,南 北,建筑结构,钢混结构,装修情况,精装,梯户比例,一梯两户,供暖方式,集中供暖,配备电梯,有
所在区域,开发区,房屋总价,99,房屋户型,2室2厅1卫,所在楼层,中楼层 (共11层),建筑面积,86.83O,户型结构,平层,套内面积,69O,建筑类型,板楼,房屋朝向,南 北,建筑结构,钢混结构,装修情况,精装,梯户比例,两梯两户,供暖方式,集中供暖,配备电梯,有
所在区域,开发区,房屋总价,58.5,房屋户型,2室1厅1卫,所在楼层,中楼层 (共6层),建筑面积,65.02O,户型结构,平层,套内面积,65O,建筑类型,板楼,房屋朝向,南 北,建筑结构,钢混结构,装修情况,毛坯,梯户比例,一梯三户,供暖方式,集中供暖
所在区域,开发区,房屋总价,54.5,房屋户型,2室1厅1卫,所在楼层,低楼层 (共6层),建筑面积,66.5O,户型结构,平层,套内面积,66.5O,建筑类型,板楼,房屋朝向,南 北,建筑结构,钢混结构,装修情况,精装,梯户比例,一梯四户,供暖方式,集中供暖
所在区域,开发区,房屋总价,96,房屋户型,2室1厅1卫,所在楼层,高楼层 (共22层),建筑面积,87.07O,户型结构,平层,建筑类型,塔楼,房屋朝向,南 北,建筑结构,钢混结构,装修情况,精装,梯户比例,两梯六户,供暖方式,集中供暖,配备电梯,有
所在区域,开发区,房屋总价,119.5,房屋户型,2室1厅1卫,所在楼层,低楼层 (共32层),建筑面积,86.36O,户型结构,平层,建筑类型,板塔结合,房屋朝向,南,建筑结构,钢混结构,装修情况,精装,梯户比例,两梯五户,供暖方式,集中供暖,配备电梯,有
所在区域,开发区,房屋总价,42,房屋户型,1室0厅1卫,所在楼层,中楼层 (共29层),建筑面积,63.93O,户型结构,平层,建筑类型,塔楼,房屋朝向,西南,建筑结构,钢混结构,装修情况,简装,梯户比例,六梯二十五户,供暖方式,集中供暖,配备电梯,有
所在区域,开发区,房屋总价,58,房屋户型,1室1厅1卫,所在楼层,中楼层 (共18层),建筑面积,55.14O,户型结构,平层,套内面积,14.03O,建筑类型,板楼,房屋朝向,南,建筑结构,钢混结构,装修情况,其他,梯户比例,一梯三户,供暖方式,集中供暖,配备电梯,有
所在区域,开发区,房屋总价,86.8,房屋户型,3室1厅1卫,所在楼层,高楼层 (共32层),建筑面积,127.56O,户型结构,平层,建筑类型,板楼,房屋朝向,北,建筑结构,钢混结构,装修情况,精装,梯户比例,两梯八户,供暖方式,集中供暖,配备电梯,有
所在区域,开发区,房屋总价,75,房屋户型,1室1厅1卫,所在楼层,高楼层 (共32层),建筑面积,54.56O,户型结构,平层,建筑类型,板塔结合,房屋朝向,北,建筑结构,钢混结构,装修情况,精装,梯户比例,四梯十六户,供暖方式,集中供暖,配备电梯,有
所在区域,开发区,房屋总价,79.8,房屋户型,2室1厅1卫,所在楼层,中楼层 (共6层),建筑面积,80.4O,户型结构,平层,建筑类型,板楼,房屋朝向,南 北,建筑结构,混合结构,装修情况,简装,梯户比例,一梯两户,供暖方式,集中供暖
所在区域,开发区,房屋总价,96,房屋户型,2室1厅1卫,所在楼层,中楼层 (共5层),建筑面积,92.24O,户型结构,平层,建筑类型,板楼,房屋朝向,南 北,建筑结构,钢混结构,装修情况,毛坯,梯户比例,一梯两户,供暖方式,集中供暖
所在区域,开发区,房屋总价,125,房屋户型,2室1厅1卫,所在楼层,中楼层 (共27层),建筑面积,80.71O,户型结构,平层,建筑类型,塔楼,房屋朝向,南,建筑结构,钢混结构,装修情况,精装,梯户比例,两梯五户,供暖方式,集中供暖,配备电梯,有
所在区域,开发区,房屋总价,87,房屋户型,2室1厅1卫,所在楼层,低楼层 (共6层),建筑面积,85.53O,户型结构,平层,建筑类型,板楼,房屋朝向,南 北,建筑结构,钢混结构,装修情况,其他,梯户比例,一梯两户,供暖方式,集中供暖
所在区域,开发区,房屋总价,109,房屋户型,2室1厅1卫,所在楼层,低楼层 (共6层),建筑面积,81.75O,户型结构,平层,建筑类型,板楼,房屋朝向,南 北,建筑结构,砖混结构,装修情况,精装,梯户比例,一梯两户,供暖方式,集中供暖
所在区域,开发区,房屋总价,150,房屋户型,4室1厅2卫,所在楼层,低楼层 (共11层),建筑面积,164.57O,户型结构,平层,建筑类型,板楼,房屋朝向,北 南,建筑结构,钢混结构,装修情况,简装,梯户比例,一梯两户,供暖方式,集中供暖,配备电梯,有
所在区域,开发区,房屋总价,68.9,房屋户型,2室2厅1卫,所在楼层,低楼层 (共5层),建筑面积,70.78O,户型结构,平层,建筑类型,板楼,房屋朝向,北 南,建筑结构,钢混结构,装修情况,精装,梯户比例,一梯两户,供暖方式,集中供暖
所在区域,开发区,房屋总价,78.3,房屋户型,2室1厅1卫,所在楼层,高楼层 (共18层),建筑面积,78.33O,户型结构,平层,建筑类型,板楼,房屋朝向,南 北,建筑结构,钢混结构,装修情况,简装,梯户比例,一梯四户,供暖方式,集中供暖,配备电梯,有
所在区域,开发区,房屋总价,81,房屋户型,2室1厅1卫,所在楼层,低楼层 (共8层),建筑面积,87.61O,户型结构,平层,建筑类型,板楼,房屋朝向,南 北,建筑结构,钢混结构,装修情况,简装,梯户比例,一梯三户,供暖方式,集中供暖
所在区域,开发区,房屋总价,38,房屋户型,1室1厅1卫,所在楼层,低楼层 (共33层),建筑面积,47.29O,户型结构,平层,建筑类型,塔楼,房屋朝向,东,建筑结构,钢混结构,装修情况,精装,梯户比例,六梯四十户,供暖方式,集中供暖,配备电梯,有
所在区域,开发区,房屋总价,300,房屋户型,3室2厅2卫,所在楼层,低楼层 (共34层),建筑面积,126.28O,户型结构,平层,建筑类型,板楼,房屋朝向,南 北,建筑结构,钢混结构,装修情况,精装,梯户比例,两梯两户,供暖方式,集中供暖,配备电梯,有
所在区域,开发区,房屋总价,26,房屋户型,1室0厅1卫,所在楼层,中楼层 (共7层),建筑面积,34.72O,户型结构,平层,建筑类型,板楼,房屋朝向,西,建筑结构,混合结构,装修情况,简装,梯户比例,一梯九户,供暖方式,集中供暖
所在区域,开发区,房屋总价,138,房屋户型,2室1厅1卫,所在楼层,低楼层 (共11层),建筑面积,87.72O,户型结构,平层,建筑类型,板楼,房屋朝向,南 北,建筑结构,框架结构,装修情况,精装,梯户比例,一梯三户,供暖方式,集中供暖,配备电梯,有
所在区域,开发区,房屋总价,160,房屋户型,2室2厅1卫,所在楼层,高楼层 (共34层),建筑面积,87.59O,户型结构,平层,建筑类型,板楼,房屋朝向,南,建筑结构,钢混结构,装修情况,精装,梯户比例,两梯四户,供暖方式,集中供暖,配备电梯,有
所在区域,开发区,房屋总价,28.5,房屋户型,1室1厅1卫,所在楼层,高楼层 (共22层),建筑面积,40.19O,户型结构,平层,建筑类型,塔楼,房屋朝向,东,建筑结构,钢混结构,装修情况,精装,梯户比例,四梯十二户,供暖方式,集中供暖,配备电梯,有
所在区域,开发区,房屋总价,174,房屋户型,3室2厅1卫,所在楼层,中楼层 (共5层),建筑面积,152.05O,户型结构,平层,建筑类型,板塔结合,房屋朝向,南 北,建筑结构,钢混结构,装修情况,精装,梯户比例,一梯两户,供暖方式,集中供暖
所在区域,开发区,房屋总价,60,房屋户型,3室2厅1卫,所在楼层,高楼层 (共6层),建筑面积,91O,户型结构,平层,建筑类型,板楼,房屋朝向,南 北,建筑结构,混合结构,装修情况,精装,梯户比例,一梯两户,供暖方式,集中供暖
所在区域,开发区,房屋总价,67.5,房屋户型,3室2厅1卫,所在楼层,高楼层 (共7层),建筑面积,107.6O,户型结构,平层,套内面积,102O,建筑类型,板楼,房屋朝向,南 北,建筑结构,钢混结构,装修情况,精装,梯户比例,一梯四户,供暖方式,集中供暖
所在区域,开发区,房屋总价,96.5,房屋户型,3室1厅2卫,所在楼层,高楼层 (共27层),建筑面积,122.78O,户型结构,平层,建筑类型,塔楼,房屋朝向,西北,建筑结构,钢混结构,装修情况,精装,梯户比例,两梯八户,供暖方式,集中供暖,配备电梯,有
所在区域,开发区,房屋总价,265,房屋户型,3室1厅2卫,所在楼层,高楼层 (共10层),建筑面积,147.51O,户型结构,平层,建筑类型,板楼,房屋朝向,南 北,建筑结构,钢混结构,装修情况,其他,梯户比例,一梯两户,供暖方式,集中供暖,配备电梯,有
所在区域,开发区,房屋总价,228,房屋户型,3室1厅2卫,所在楼层,中楼层 (共13层),建筑面积,148.88O,户型结构,平层,建筑类型,板楼,房屋朝向,南 北,建筑结构,钢混结构,装修情况,简装,梯户比例,一梯两户,供暖方式,集中供暖,配备电梯,有
所在区域,开发区,房屋总价,142,房屋户型,2室1厅1卫,所在楼层,高楼层 (共34层),建筑面积,87.57O,户型结构,平层,建筑类型,板塔结合,房屋朝向,南,建筑结构,钢混结构,装修情况,精装,梯户比例,两梯四户,供暖方式,集中供暖,配备电梯,有
所在区域,开发区,房屋总价,106,房屋户型,2室2厅1卫,所在楼层,中楼层 (共11层),建筑面积,76.76O,户型结构,平层,套内面积,62.36O,建筑类型,板楼,房屋朝向,南 北,建筑结构,钢混结构,装修情况,精装,梯户比例,一梯两户,供暖方式,集中供暖,配备电梯,有
所在区域,开发区,房屋总价,59.9,房屋户型,1室1厅1卫,所在楼层,中楼层 (共32层),建筑面积,57O,户型结构,平层,建筑类型,板楼,房屋朝向,南,建筑结构,钢混结构,装修情况,精装,梯户比例,两梯三户,供暖方式,集中供暖,配备电梯,有
所在区域,开发区,房屋总价,60.8,房屋户型,1室1厅1卫,所在楼层,中楼层 (共32层),建筑面积,57.27O,户型结构,平层,建筑类型,板楼,房屋朝向,南,建筑结构,钢混结构,装修情况,简装,梯户比例,两梯三户,供暖方式,集中供暖,配备电梯,有
所在区域,开发区,房屋总价,103.8,房屋户型,2室2厅1卫,所在楼层,中楼层 (共6层),建筑面积,89.5O,户型结构,平层,建筑类型,板楼,房屋朝向,南 北,建筑结构,钢混结构,装修情况,精装,梯户比例,一梯三户,供暖方式,集中供暖,配备电梯,有
所在区域,开发区,房屋总价,79,房屋户型,1室1厅1卫,所在楼层,高楼层 (共31层),建筑面积,64.06O,户型结构,平层,建筑类型,板楼,房屋朝向,南,建筑结构,钢混结构,装修情况,简装,梯户比例,四梯十六户,供暖方式,集中供暖,配备电梯,有
所在区域,开发区,房屋总价,44.5,房屋户型,1室1厅1卫,所在楼层,中楼层 (共5层),建筑面积,38.71O,户型结构,平层,建筑类型,板楼,房屋朝向,南,建筑结构,混合结构,装修情况,简装,梯户比例,一梯三户,供暖方式,集中供暖
所在区域,开发区,房屋总价,35.8,房屋户型,2室1厅1卫,所在楼层,高楼层 (共33层),建筑面积,50.93O,户型结构,平层,建筑类型,塔楼,房屋朝向,西 北,建筑结构,钢混结构,装修情况,其他,梯户比例,三梯十八户,供暖方式,集中供暖,配备电梯,有
所在区域,开发区,房屋总价,65,房屋户型,2室1厅1卫,所在楼层,中楼层 (共18层),建筑面积,72.25O,户型结构,平层,建筑类型,板楼,房屋朝向,南 北,建筑结构,钢混结构,装修情况,简装,梯户比例,一梯三户,供暖方式,集中供暖,配备电梯,有
所在区域,开发区,房屋总价,152.5,房屋户型,2室1厅1卫,所在楼层,高楼层 (共31层),建筑面积,88.07O,户型结构,平层,建筑类型,板楼,房屋朝向,南,建筑结构,钢混结构,装修情况,精装,梯户比例,两梯四户,供暖方式,集中供暖,配备电梯,有
所在区域,开发区,房屋总价,178,房屋户型,3室2厅1卫,所在楼层,低楼层 (共33层),建筑面积,98.41O,户型结构,平层,建筑类型,板楼,房屋朝向,南 北,建筑结构,钢混结构,装修情况,精装,梯户比例,两梯四户,供暖方式,集中供暖,配备电梯,有
所在区域,开发区,房屋总价,150,房屋户型,2室2厅1卫,所在楼层,中楼层 (共34层),建筑面积,102.79O,户型结构,平层,建筑类型,板楼,房屋朝向,南 北,建筑结构,钢混结构,装修情况,精装,梯户比例,两梯两户,供暖方式,集中供暖,配备电梯,有
所在区域,开发区,房屋总价,57,房屋户型,1室1厅1卫,所在楼层,高楼层 (共18层),建筑面积,51.48O,户型结构,平层,建筑类型,板楼,房屋朝向,南,建筑结构,框架结构,装修情况,精装,梯户比例,两梯三户,供暖方式,集中供暖,配备电梯,有
所在区域,开发区,房屋总价,74,房屋户型,2室1厅1卫,所在楼层,中楼层 (共35层),建筑面积,61.56O,户型结构,平层,建筑类型,塔楼,房屋朝向,南,建筑结构,钢混结构,装修情况,精装,梯户比例,三梯七户,供暖方式,集中供暖,配备电梯,有
所在区域,开发区,房屋总价,59.5,房屋户型,1室1厅1卫,所在楼层,低楼层 (共34层),建筑面积,55O,户型结构,平层,建筑类型,板楼,房屋朝向,南,建筑结构,钢混结构,装修情况,精装,梯户比例,两梯三户,供暖方式,集中供暖,配备电梯,有
所在区域,开发区,房屋总价,123,房屋户型,2室2厅1卫,所在楼层,中楼层 (共13层),建筑面积,96.74O,户型结构,平层,建筑类型,板楼,房屋朝向,南,建筑结构,钢混结构,装修情况,精装,梯户比例,两梯三户,供暖方式,集中供暖,配备电梯,有
所在区域,开发区,房屋总价,210,房屋户型,3室2厅2卫,所在楼层,低楼层 (共33层),建筑面积,160.64O,户型结构,平层,建筑类型,板楼,房屋朝向,南 北,建筑结构,钢混结构,装修情况,毛坯,梯户比例,两梯两户,供暖方式,集中供暖,配备电梯,有
所在区域,开发区,房屋总价,64,房屋户型,1室1厅1卫,所在楼层,高楼层 (共33层),建筑面积,53.78O,户型结构,平层,建筑类型,板楼,房屋朝向,南 北,建筑结构,钢混结构,装修情况,精装,梯户比例,两梯三户,供暖方式,集中供暖,配备电梯,有
所在区域,开发区,房屋总价,90,房屋户型,2室1厅1卫,所在楼层,中楼层 (共6层),建筑面积,100O,户型结构,平层,建筑类型,板楼,房屋朝向,东南 西,建筑结构,钢混结构,装修情况,简装,梯户比例,一梯两户,供暖方式,集中供暖
所在区域,开发区,房屋总价,68,房屋户型,1室0厅1卫,所在楼层,中楼层 (共34层),建筑面积,54.76O,户型结构,平层,建筑类型,板楼,房屋朝向,南,建筑结构,钢混结构,装修情况,精装,梯户比例,两梯四户,供暖方式,集中供暖,配备电梯,有
所在区域,开发区,房屋总价,350,房屋户型,3室2厅2卫,所在楼层,低楼层 (共34层),建筑面积,143.55O,户型结构,平层,建筑类型,板楼,房屋朝向,南,建筑结构,钢混结构,装修情况,毛坯,梯户比例,两梯两户,供暖方式,集中供暖,配备电梯,有
所在区域,开发区,房屋总价,78,房屋户型,2室1厅1卫,所在楼层,低楼层 (共6层),建筑面积,84.15O,户型结构,平层,建筑类型,板楼,房屋朝向,南 北,建筑结构,混合结构,装修情况,精装,梯户比例,一梯两户,供暖方式,集中供暖
所在区域,开发区,房屋总价,108,房屋户型,3室2厅1卫,所在楼层,高楼层 (共11层),建筑面积,79.37O,户型结构,平层,建筑类型,板楼,房屋朝向,南 北,建筑结构,钢混结构,装修情况,其他,梯户比例,一梯一户,供暖方式,集中供暖,配备电梯,有
所在区域,开发区,房屋总价,89.5,房屋户型,2室2厅1卫,所在楼层,高楼层 (共24层),建筑面积,101.56O,户型结构,平层,建筑类型,塔楼,房屋朝向,南 北,建筑结构,钢混结构,装修情况,简装,梯户比例,四梯二十二户,供暖方式,集中供暖,配备电梯,有,用水类型,商水,用电类型,商电,燃气价格,3.2元/m3
所在区域,开发区,房屋总价,105,房屋户型,2室1厅1卫,所在楼层,高楼层 (共32层),建筑面积,63.6O,户型结构,平层,建筑类型,板楼,房屋朝向,南,建筑结构,钢混结构,装修情况,精装,梯户比例,两梯四户,供暖方式,集中供暖,配备电梯,有
所在区域,开发区,房屋总价,52.8,房屋户型,2室1厅1卫,所在楼层,低楼层 (共6层),建筑面积,66O,户型结构,平层,建筑类型,板楼,房屋朝向,西 南,建筑结构,钢混结构,装修情况,简装,梯户比例,一梯三户,供暖方式,集中供暖
所在区域,开发区,房屋总价,50,房屋户型,2室1厅1卫,所在楼层,中楼层 (共8层),建筑面积,63.89O,户型结构,平层,建筑类型,板楼,房屋朝向,南 北,建筑结构,钢混结构,装修情况,简装,梯户比例,一梯三户,供暖方式,集中供暖
所在区域,开发区,房屋总价,55,房屋户型,3室1厅1卫,所在楼层,高楼层 (共6层),建筑面积,81.09O,户型结构,平层,建筑类型,板楼,房屋朝向,南 北,建筑结构,混合结构,装修情况,其他,梯户比例,一梯两户,供暖方式,集中供暖
所在区域,开发区,房屋总价,158,房屋户型,3室1厅1卫,所在楼层,低楼层 (共32层),建筑面积,90.73O,户型结构,平层,建筑类型,板楼,房屋朝向,南 北,建筑结构,框架结构,装修情况,精装,梯户比例,两梯四户,供暖方式,集中供暖,配备电梯,有
所在区域,开发区,房屋总价,182,房屋户型,3室1厅2卫,所在楼层,高楼层 (共33层),建筑面积,141.05O,户型结构,平层,建筑类型,板楼,房屋朝向,南,建筑结构,钢混结构,装修情况,精装,梯户比例,两梯四户,供暖方式,集中供暖,配备电梯,有
所在区域,开发区,房屋总价,74.9,房屋户型,2室1厅1卫,所在楼层,高楼层 (共18层),建筑面积,68.14O,户型结构,平层,建筑类型,板楼,房屋朝向,南,建筑结构,钢混结构,装修情况,精装,梯户比例,两梯三户,供暖方式,集中供暖,配备电梯,有
所在区域,开发区,房屋总价,56,房屋户型,1室1厅1卫,所在楼层,低楼层 (共26层),建筑面积,51.17O,户型结构,平层,建筑类型,板楼,房屋朝向,西 北,建筑结构,钢混结构,装修情况,精装,梯户比例,两梯六户,供暖方式,集中供暖,配备电梯,有
所在区域,开发区,房屋总价,215,房屋户型,2室1厅1卫,所在楼层,中楼层 (共5层),建筑面积,104.28O,户型结构,平层,建筑类型,板楼,房屋朝向,南 北,建筑结构,钢混结构,装修情况,精装,梯户比例,一梯两户,供暖方式,集中供暖,配备电梯,有
所在区域,开发区,房屋总价,125,房屋户型,3室1厅1卫,所在楼层,中楼层 (共29层),建筑面积,97.7O,户型结构,平层,建筑类型,板楼,房屋朝向,南 北,建筑结构,框架结构,装修情况,精装,梯户比例,一梯三户,供暖方式,集中供暖,配备电梯,有
所在区域,开发区,房屋总价,66,房屋户型,2室1厅1卫,所在楼层,中楼层 (共7层),建筑面积,71.08O,户型结构,平层,建筑类型,塔楼,房屋朝向,西南,建筑结构,钢混结构,装修情况,其他,梯户比例,一梯六户,供暖方式,集中供暖
所在区域,开发区,房屋总价,85,房屋户型,2室1厅1卫,所在楼层,高楼层 (共19层),建筑面积,74.71O,户型结构,平层,建筑类型,板楼,房屋朝向,南 北,建筑结构,钢混结构,装修情况,其他,梯户比例,一梯三户,供暖方式,集中供暖,配备电梯,有
所在区域,开发区,房屋总价,219,房屋户型,3室2厅2卫,所在楼层,中楼层 (共33层),建筑面积,150.53O,户型结构,平层,建筑类型,板楼,房屋朝向,南 北,建筑结构,钢混结构,装修情况,其他,梯户比例,两梯四户,供暖方式,集中供暖,配备电梯,有
所在区域,开发区,房屋总价,63.8,房屋户型,1室0厅1卫,所在楼层,中楼层 (共32层),建筑面积,57.27O,户型结构,平层,套内面积,43.04O,建筑类型,板楼,房屋朝向,南,建筑结构,钢混结构,装修情况,精装,梯户比例,两梯三户,供暖方式,集中供暖,配备电梯,有
所在区域,开发区,房屋总价,87,房屋户型,1室1厅1卫,所在楼层,低楼层 (共30层),建筑面积,55.55O,户型结构,平层,建筑类型,板楼,房屋朝向,南,建筑结构,框架结构,装修情况,精装,梯户比例,两梯六户,供暖方式,集中供暖,配备电梯,有
所在区域,开发区,房屋总价,109.7,房屋户型,2室1厅1卫,所在楼层,低楼层 (共7层),建筑面积,74.97O,户型结构,平层,建筑类型,板楼,房屋朝向,南 北,建筑结构,混合结构,装修情况,简装,梯户比例,一梯三户,供暖方式,集中供暖
所在区域,开发区,房屋总价,67,房屋户型,2室0厅1卫,所在楼层,高楼层 (共11层),建筑面积,58.78O,户型结构,平层,建筑类型,板楼,房屋朝向,南,建筑结构,钢混结构,装修情况,精装,梯户比例,一梯三户,供暖方式,集中供暖,配备电梯,有
所在区域,开发区,房屋总价,118,房屋户型,2室1厅1卫,所在楼层,中楼层 (共27层),建筑面积,80.71O,户型结构,平层,建筑类型,塔楼,房屋朝向,南,建筑结构,钢混结构,装修情况,精装,梯户比例,两梯五户,供暖方式,集中供暖,配备电梯,有
所在区域,开发区,房屋总价,100,房屋户型,2室1厅1卫,所在楼层,低楼层 (共26层),建筑面积,80.96O,户型结构,平层,建筑类型,板塔结合,房屋朝向,南,建筑结构,钢混结构,装修情况,精装,梯户比例,两梯五户,供暖方式,集中供暖,配备电梯,有
所在区域,开发区,房屋总价,36.9,房屋户型,1室1厅1卫,所在楼层,低楼层 (共7层),建筑面积,47.47O,户型结构,平层,建筑类型,板楼,房屋朝向,南,建筑结构,钢混结构,装修情况,简装,梯户比例,一梯三户,供暖方式,集中供暖
所在区域,开发区,房屋总价,30.7,房屋户型,1室0厅1卫,所在楼层,中楼层 (共30层),建筑面积,41.01O,户型结构,平层,建筑类型,板楼,房屋朝向,北,建筑结构,钢混结构,装修情况,精装,梯户比例,六梯十六户,供暖方式,集中供暖,配备电梯,有
所在区域,开发区,房屋总价,95,房屋户型,3室2厅1卫,所在楼层,高楼层 (共9层),建筑面积,89.98O,户型结构,平层,建筑类型,塔楼,房屋朝向,南 北,建筑结构,框架结构,装修情况,简装,梯户比例,一梯两户,供暖方式,集中供暖,配备电梯,有
所在区域,开发区,房屋总价,24.5,房屋户型,1室1厅1卫,所在楼层,高楼层 (共25层),建筑面积,28.24O,户型结构,平层,套内面积,28.24O,建筑类型,板楼,房屋朝向,西南,建筑结构,钢混结构,装修情况,精装,梯户比例,六梯四十户,供暖方式,集中供暖,配备电梯,有
所在区域,开发区,房屋总价,160,房屋户型,2室1厅1卫,所在楼层,低楼层 (共7层),建筑面积,110.53O,户型结构,平层,建筑类型,板楼,房屋朝向,南 西,建筑结构,混合结构,装修情况,其他,梯户比例,一梯三户,供暖方式,集中供暖
所在区域,开发区,房屋总价,47.5,房屋户型,2室1厅1卫,所在楼层,低楼层 (共7层),建筑面积,60O,户型结构,平层,建筑类型,板楼,房屋朝向,南,建筑结构,混合结构,装修情况,其他,梯户比例,一梯三户,供暖方式,集中供暖
所在区域,开发区,房屋总价,70,房屋户型,2室2厅1卫,所在楼层,中楼层 (共18层),建筑面积,68.14O,户型结构,平层,套内面积,60O,建筑类型,板楼,房屋朝向,南,建筑结构,钢混结构,装修情况,精装,梯户比例,两梯三户,供暖方式,集中供暖,配备电梯,有
所在区域,开发区,房屋总价,198,房屋户型,2室2厅1卫,所在楼层,中楼层 (共34层),建筑面积,101.5O,户型结构,平层,建筑类型,板楼,房屋朝向,南 北,建筑结构,钢混结构,装修情况,精装,梯户比例,两梯三户,供暖方式,集中供暖,配备电梯,有
所在区域,开发区,房屋总价,118,房屋户型,3室2厅1卫,所在楼层,中楼层 (共7层),建筑面积,83.29O,户型结构,平层,建筑类型,板楼,房屋朝向,南 北,建筑结构,钢混结构,装修情况,精装,梯户比例,一梯两户,供暖方式,集中供暖,配备电梯,有
所在区域,开发区,房屋总价,198,房屋户型,2室1厅1卫,所在楼层,高楼层 (共32层),建筑面积,100O,户型结构,平层,建筑类型,板楼,房屋朝向,南,建筑结构,钢混结构,装修情况,毛坯,梯户比例,一梯两户,供暖方式,集中供暖,配备电梯,有
所在区域,开发区,房屋总价,126,房屋户型,2室2厅2卫,所在楼层,中楼层 (共11层),建筑面积,107O,户型结构,平层,建筑类型,板楼,房屋朝向,南 北,建筑结构,钢混结构,装修情况,精装,梯户比例,一梯两户,供暖方式,集中供暖,配备电梯,有
所在区域,开发区,房屋总价,72,房屋户型,2室1厅1卫,所在楼层,低楼层 (共7层),建筑面积,70.32O,户型结构,平层,建筑类型,板楼,房屋朝向,南 北,建筑结构,混合结构,装修情况,简装,梯户比例,一梯两户,供暖方式,集中供暖
所在区域,开发区,房屋总价,28,房屋户型,2室1厅1卫,所在楼层,高楼层 (共7层),建筑面积,55.74O,户型结构,平层,建筑类型,板楼,房屋朝向,南,建筑结构,混合结构,装修情况,其他,梯户比例,三梯三户,供暖方式,集中供暖,配备电梯,有
所在区域,开发区,房屋总价,51,房屋户型,2室2厅1卫,所在楼层,高楼层 (共7层),建筑面积,62.46O,户型结构,平层,建筑类型,板楼,房屋朝向,南 北,建筑结构,钢混结构,装修情况,其他,梯户比例,一梯两户,供暖方式,集中供暖
所在区域,开发区,房屋总价,67,房屋户型,3室1厅1卫,所在楼层,低楼层 (共6层),建筑面积,84.55O,户型结构,平层,建筑类型,板楼,房屋朝向,南 北,建筑结构,砖混结构,装修情况,简装,梯户比例,一梯三户,供暖方式,集中供暖
所在区域,开发区,房屋总价,96,房屋户型,2室1厅1卫,所在楼层,高楼层 (共33层),建筑面积,74.65O,户型结构,平层,建筑类型,板楼,房屋朝向,南,建筑结构,钢混结构,装修情况,精装,梯户比例,三梯七户,供暖方式,集中供暖,配备电梯,有
所在区域,开发区,房屋总价,155,房屋户型,3室2厅1卫,所在楼层,高楼层 (共15层),建筑面积,128.68O,户型结构,平层,建筑类型,板塔结合,房屋朝向,南 北,建筑结构,钢混结构,装修情况,精装,梯户比例,一梯三户,供暖方式,集中供暖,配备电梯,有
所在区域,开发区,房屋总价,310,房屋户型,3室2厅2卫,所在楼层,高楼层 (共31层),建筑面积,140.3O,户型结构,平层,建筑类型,板楼,房屋朝向,南 北,建筑结构,钢混结构,装修情况,精装,梯户比例,两梯四户,供暖方式,集中供暖,配备电梯,有
所在区域,开发区,房屋总价,108,房屋户型,2室2厅1卫,所在楼层,高楼层 (共28层),建筑面积,84.36O,户型结构,平层,建筑类型,塔楼,房屋朝向,南 北,建筑结构,框架结构,装修情况,精装,梯户比例,两梯三户,供暖方式,集中供暖,配备电梯,有
所在区域,开发区,房屋总价,101,房屋户型,2室1厅1卫,所在楼层,中楼层 (共30层),建筑面积,55.7O,户型结构,平层,建筑类型,板塔结合,房屋朝向,南,建筑结构,钢混结构,装修情况,精装,梯户比例,三梯九户,供暖方式,集中供暖,配备电梯,有
所在区域,开发区,房屋总价,104,房屋户型,2室2厅1卫,所在楼层,高楼层 (共29层),建筑面积,86.8O,户型结构,平层,建筑类型,板楼,房屋朝向,南,建筑结构,框架结构,装修情况,毛坯,梯户比例,两梯三户,供暖方式,集中供暖,配备电梯,有
所在区域,开发区,房屋总价,100,房屋户型,2室1厅1卫,所在楼层,高楼层 (共32层),建筑面积,81.21O,户型结构,平层,套内面积,80O,建筑类型,板楼,房屋朝向,南 北,建筑结构,框架结构,装修情况,精装,梯户比例,一梯三户,供暖方式,集中供暖,配备电梯,有
所在区域,开发区,房屋总价,73.2,房屋户型,2室2厅1卫,所在楼层,低楼层 (共18层),建筑面积,71.32O,户型结构,平层,建筑类型,板楼,房屋朝向,南 北,建筑结构,钢混结构,装修情况,精装,梯户比例,一梯四户,供暖方式,集中供暖,配备电梯,有
所在区域,开发区,房屋总价,110.4,房屋户型,2室1厅1卫,所在楼层,高楼层 (共11层),建筑面积,99.1O,户型结构,平层,建筑类型,板楼,房屋朝向,南 北,建筑结构,钢混结构,装修情况,精装,梯户比例,一梯两户,供暖方式,集中供暖,配备电梯,有
所在区域,开发区,房屋总价,135,房屋户型,2室1厅1卫,所在楼层,中楼层 (共8层),建筑面积,64.78O,户型结构,平层,建筑类型,板楼,房屋朝向,南,建筑结构,混合结构,装修情况,简装,梯户比例,一梯三户,供暖方式,集中供暖
所在区域,开发区,房屋总价,56,房屋户型,2室2厅1卫,所在楼层,高楼层 (共7层),建筑面积,80O,户型结构,平层,建筑类型,板楼,房屋朝向,南 北,建筑结构,砖混结构,装修情况,简装,梯户比例,一梯两户,供暖方式,集中供暖
所在区域,开发区,房屋总价,188,房屋户型,3室1厅1卫,所在楼层,低楼层 (共34层),建筑面积,116.83O,户型结构,平层,建筑类型,板楼,房屋朝向,南 北,建筑结构,钢混结构,装修情况,其他,梯户比例,两梯四户,供暖方式,集中供暖,配备电梯,有
所在区域,开发区,房屋总价,67,房屋户型,2室2厅1卫,所在楼层,低楼层 (共22层),建筑面积,72.27O,户型结构,平层,建筑类型,板楼,房屋朝向,南 北,建筑结构,钢混结构,装修情况,简装,梯户比例,两梯六户,供暖方式,集中供暖,配备电梯,有
所在区域,开发区,房屋总价,330,房屋户型,4室2厅2卫,所在楼层,中楼层 (共33层),建筑面积,184.21O,户型结构,平层,建筑类型,板楼,房屋朝向,南 北,建筑结构,钢混结构,装修情况,毛坯,梯户比例,两梯三户,供暖方式,集中供暖,配备电梯,有
所在区域,开发区,房屋总价,55.3,房屋户型,2室1厅1卫,所在楼层,高楼层 (共6层),建筑面积,54.6O,户型结构,平层,建筑类型,板楼,房屋朝向,南,建筑结构,砖混结构,装修情况,简装,梯户比例,一梯三户,供暖方式,集中供暖
所在区域,开发区,房屋总价,96,房屋户型,2室2厅1卫,所在楼层,高楼层 (共33层),建筑面积,81.45O,户型结构,平层,建筑类型,板楼,房屋朝向,南 北,建筑结构,框架结构,装修情况,精装,梯户比例,一梯三户,供暖方式,集中供暖,配备电梯,有
所在区域,开发区,房屋总价,58,房屋户型,2室1厅1卫,所在楼层,中楼层 (共18层),建筑面积,78.23O,户型结构,平层,建筑类型,板楼,房屋朝向,南 北,建筑结构,钢混结构,装修情况,简装,梯户比例,两梯四户,供暖方式,集中供暖,配备电梯,有
所在区域,开发区,房屋总价,58,房屋户型,1室1厅1卫,所在楼层,低楼层 (共18层),建筑面积,56.72O,户型结构,平层,建筑类型,板楼,房屋朝向,南,建筑结构,钢混结构,装修情况,精装,梯户比例,两梯五户,供暖方式,集中供暖,配备电梯,有
所在区域,开发区,房屋总价,45,房屋户型,2室1厅1卫,所在楼层,低楼层 (共7层),建筑面积,63.25O,户型结构,平层,建筑类型,板楼,房屋朝向,南 北,建筑结构,混合结构,装修情况,简装,梯户比例,一梯四户,供暖方式,集中供暖
所在区域,开发区,房屋总价,78,房屋户型,2室1厅1卫,所在楼层,中楼层 (共18层),建筑面积,75.99O,户型结构,平层,套内面积,75.99O,建筑类型,板楼,房屋朝向,南 北,建筑结构,钢混结构,装修情况,精装,梯户比例,一梯三户,供暖方式,集中供暖,配备电梯,有
所在区域,开发区,房屋总价,213,房屋户型,3室2厅2卫,所在楼层,中楼层 (共38层),建筑面积,121.68O,户型结构,平层,建筑类型,板楼,房屋朝向,南 北,建筑结构,钢混结构,装修情况,毛坯,梯户比例,一梯三户,供暖方式,集中供暖,配备电梯,有
所在区域,开发区,房屋总价,225,房屋户型,3室2厅2卫,所在楼层,中楼层 (共28层),建筑面积,142.88O,户型结构,平层,建筑类型,板楼,房屋朝向,南 北,建筑结构,钢混结构,装修情况,精装,梯户比例,两梯三户,供暖方式,集中供暖,配备电梯,有
所在区域,开发区,房屋总价,350,房屋户型,3室1厅2卫,所在楼层,低楼层 (共33层),建筑面积,145.44O,户型结构,平层,建筑类型,板楼,房屋朝向,南 北,建筑结构,钢混结构,装修情况,精装,梯户比例,两梯两户,供暖方式,集中供暖,配备电梯,有
所在区域,开发区,房屋总价,75,房屋户型,3室1厅1卫,所在楼层,低楼层 (共6层),建筑面积,99.13O,户型结构,平层,建筑类型,板楼,房屋朝向,南 北,建筑结构,砖混结构,装修情况,其他,梯户比例,一梯两户,供暖方式,集中供暖
所在区域,开发区,房屋总价,52,房屋户型,2室1厅1卫,所在楼层,中楼层 (共6层),建筑面积,52.67O,户型结构,平层,建筑类型,板楼,房屋朝向,南 北,建筑结构,砖混结构,装修情况,简装,梯户比例,一梯三户,供暖方式,集中供暖
所在区域,开发区,房屋总价,208,房屋户型,3室1厅2卫,所在楼层,高楼层 (共29层),建筑面积,145.7O,户型结构,平层,建筑类型,板楼,房屋朝向,南 北,建筑结构,钢混结构,装修情况,精装,梯户比例,两梯四户,供暖方式,集中供暖,配备电梯,有
所在区域,开发区,房屋总价,59.8,房屋户型,2室1厅1卫,所在楼层,中楼层 (共6层),建筑面积,61.18O,户型结构,平层,建筑类型,板楼,房屋朝向,南 北,建筑结构,钢混结构,装修情况,其他,梯户比例,一梯三户,供暖方式,集中供暖
所在区域,开发区,房屋总价,86,房屋户型,2室2厅1卫,所在楼层,高楼层 (共18层),建筑面积,79.48O,户型结构,平层,建筑类型,板楼,房屋朝向,南 北,建筑结构,框架结构,装修情况,精装,梯户比例,两梯三户,供暖方式,集中供暖,配备电梯,有
所在区域,开发区,房屋总价,85,房屋户型,1室0厅1卫,所在楼层,中楼层 (共26层),建筑面积,57.04O,户型结构,平层,建筑类型,塔楼,房屋朝向,北,建筑结构,钢混结构,装修情况,简装,梯户比例,七梯二十五户,供暖方式,集中供暖,配备电梯,有
所在区域,开发区,房屋总价,168,房屋户型,2室2厅1卫,所在楼层,中楼层 (共31层),建筑面积,96.21O,户型结构,平层,建筑类型,板楼,房屋朝向,南 北,建筑结构,钢混结构,装修情况,精装,梯户比例,两梯四户,供暖方式,集中供暖,配备电梯,有
所在区域,开发区,房屋总价,84,房屋户型,1室0厅1卫,所在楼层,中楼层 (共26层),建筑面积,43.73O,户型结构,平层,建筑类型,塔楼,房屋朝向,西,建筑结构,钢混结构,装修情况,简装,梯户比例,七梯二十五户,供暖方式,集中供暖,配备电梯,有
所在区域,开发区,房屋总价,185,房屋户型,3室1厅1卫,所在楼层,高楼层 (共25层),建筑面积,119.84O,户型结构,平层,套内面积,119.84O,建筑类型,板楼,房屋朝向,南 北,建筑结构,钢混结构,装修情况,精装,梯户比例,两梯两户,供暖方式,集中供暖,配备电梯,有
所在区域,开发区,房屋总价,71,房屋户型,2室1厅1卫,所在楼层,高楼层 (共6层),建筑面积,91.66O,户型结构,平层,建筑类型,板楼,房屋朝向,西北,建筑结构,混合结构,装修情况,精装,梯户比例,一梯四户,供暖方式,集中供暖
所在区域,开发区,房屋总价,80,房屋户型,3室2厅1卫,所在楼层,中楼层 (共6层),建筑面积,87O,户型结构,平层,建筑类型,板楼,房屋朝向,南 北,建筑结构,钢混结构,装修情况,简装,梯户比例,一梯两户,供暖方式,集中供暖
所在区域,开发区,房屋总价,26,房屋户型,1室1厅1卫,所在楼层,高楼层 (共20层),建筑面积,38O,户型结构,平层,建筑类型,板楼,房屋朝向,西北,建筑结构,钢混结构,装修情况,精装,梯户比例,两梯三十三户,供暖方式,集中供暖,配备电梯,有,用水类型,民水,用电类型,民电,燃气价格,1.5元/m3
所在区域,开发区,房屋总价,140,房屋户型,2室1厅1卫,所在楼层,低楼层 (共34层),建筑面积,85.27O,户型结构,平层,套内面积,62.31O,建筑类型,板楼,房屋朝向,南,建筑结构,钢混结构,装修情况,精装,梯户比例,两梯四户,供暖方式,集中供暖,配备电梯,有
所在区域,开发区,房屋总价,110,房屋户型,3室2厅1卫,所在楼层,低楼层 (共11层),建筑面积,110.15O,户型结构,平层,建筑类型,板楼,房屋朝向,北 南,建筑结构,钢混结构,装修情况,精装,梯户比例,一梯三户,供暖方式,集中供暖,配备电梯,有
所在区域,开发区,房屋总价,318,房屋户型,3室2厅2卫,所在楼层,高楼层 (共36层),建筑面积,154.42O,户型结构,平层,套内面积,130O,建筑类型,板楼,房屋朝向,南 北,建筑结构,钢混结构,装修情况,精装,梯户比例,两梯三户,供暖方式,集中供暖,配备电梯,有
所在区域,开发区,房屋总价,71.8,房屋户型,2室2厅1卫,所在楼层,低楼层 (共11层),建筑面积,101.8O,户型结构,平层,建筑类型,板楼,房屋朝向,南 北,建筑结构,钢混结构,装修情况,毛坯,梯户比例,一梯三户,供暖方式,集中供暖,配备电梯,有
所在区域,开发区,房屋总价,236,房屋户型,3室1厅2卫,所在楼层,高楼层 (共34层),建筑面积,132.04O,户型结构,平层,建筑类型,板楼,房屋朝向,南 北,建筑结构,钢混结构,装修情况,精装,梯户比例,两梯三户,供暖方式,集中供暖,配备电梯,有
所在区域,开发区,房屋总价,98,房屋户型,3室2厅1卫,所在楼层,低楼层 (共6层),建筑面积,105.51O,户型结构,平层,建筑类型,板楼,房屋朝向,南 北,建筑结构,钢混结构,装修情况,简装,梯户比例,一梯两户,供暖方式,集中供暖,配备电梯,有
所在区域,开发区,房屋总价,63,房屋户型,2室2厅1卫,所在楼层,中楼层 (共7层),建筑面积,80O,户型结构,平层,建筑类型,板楼,房屋朝向,南 北,建筑结构,混合结构,装修情况,精装,梯户比例,一梯两户,供暖方式,集中供暖
所在区域,开发区,房屋总价,115,房屋户型,3室2厅1卫,所在楼层,中楼层 (共9层),建筑面积,87.57O,户型结构,平层,建筑类型,板楼,房屋朝向,南 北,建筑结构,钢混结构,装修情况,其他,梯户比例,一梯三户,供暖方式,集中供暖,配备电梯,有
所在区域,开发区,房屋总价,90,房屋户型,2室1厅1卫,所在楼层,低楼层 (共18层),建筑面积,75.28O,户型结构,平层,建筑类型,板楼,房屋朝向,南,建筑结构,钢混结构,装修情况,精装,梯户比例,两梯四户,供暖方式,集中供暖,配备电梯,有
所在区域,开发区,房屋总价,49,房屋户型,2室1厅1卫,所在楼层,中楼层 (共18层),建筑面积,62.16O,户型结构,平层,建筑类型,板塔结合,房屋朝向,南,建筑结构,钢混结构,装修情况,简装,梯户比例,两梯三户,供暖方式,集中供暖,配备电梯,有
所在区域,开发区,房屋总价,88,房屋户型,2室1厅1卫,所在楼层,高楼层 (共6层),建筑面积,79.72O,户型结构,平层,建筑类型,板楼,房屋朝向,南 北,建筑结构,混合结构,装修情况,精装,梯户比例,一梯两户,供暖方式,集中供暖
所在区域,开发区,房屋总价,67,房屋户型,2室1厅1卫,所在楼层,中楼层 (共11层),建筑面积,65.3O,户型结构,平层,套内面积,8O,建筑类型,板楼,房屋朝向,南,建筑结构,钢混结构,装修情况,精装,梯户比例,两梯三户,供暖方式,集中供暖,配备电梯,有
所在区域,开发区,房屋总价,155,房屋户型,2室2厅1卫,所在楼层,低楼层 (共34层),建筑面积,87.83O,户型结构,平层,套内面积,76.21O,建筑类型,板楼,房屋朝向,南,建筑结构,钢混结构,装修情况,精装,梯户比例,两梯四户,供暖方式,集中供暖,配备电梯,有
所在区域,开发区,房屋总价,59.8,房屋户型,2室1厅1卫,所在楼层,高楼层 (共12层),建筑面积,74.83O,户型结构,平层,建筑类型,板楼,房屋朝向,南 北,建筑结构,框架结构,装修情况,其他,梯户比例,一梯三户,供暖方式,集中供暖,配备电梯,有
所在区域,开发区,房屋总价,42,房屋户型,1室1厅1卫,所在楼层,中楼层 (共5层),建筑面积,55.25O,户型结构,平层,建筑类型,板楼,房屋朝向,南 北,建筑结构,钢混结构,装修情况,简装,梯户比例,一梯八户,供暖方式,集中供暖
所在区域,开发区,房屋总价,125,房屋户型,2室1厅1卫,所在楼层,中楼层 (共34层),建筑面积,81.59O,户型结构,平层,建筑类型,板楼,房屋朝向,南,建筑结构,钢混结构,装修情况,精装,梯户比例,两梯四户,供暖方式,集中供暖,配备电梯,有
所在区域,开发区,房屋总价,82,房屋户型,2室1厅1卫,所在楼层,低楼层 (共13层),建筑面积,88.04O,户型结构,平层,套内面积,88.04O,建筑类型,板楼,房屋朝向,南 北,建筑结构,钢混结构,装修情况,简装,梯户比例,一梯四户,供暖方式,集中供暖,配备电梯,有
所在区域,开发区,房屋总价,84,房屋户型,2室1厅1卫,所在楼层,高楼层 (共6层),建筑面积,77.28O,户型结构,平层,建筑类型,板楼,房屋朝向,南 北,建筑结构,钢混结构,装修情况,精装,梯户比例,一梯两户,供暖方式,集中供暖
所在区域,开发区,房屋总价,106,房屋户型,2室2厅1卫,所在楼层,高楼层 (共16层),建筑面积,79.32O,户型结构,平层,建筑类型,板楼,房屋朝向,南 北,建筑结构,钢混结构,装修情况,精装,梯户比例,一梯三户,供暖方式,集中供暖,配备电梯,有
所在区域,开发区,房屋总价,65.7,房屋户型,1室1厅1卫,所在楼层,高楼层 (共34层),建筑面积,55.24O,户型结构,平层,建筑类型,板楼,房屋朝向,南,建筑结构,钢混结构,装修情况,简装,梯户比例,两梯四户,供暖方式,集中供暖,配备电梯,有
所在区域,开发区,房屋总价,63,房屋户型,2室1厅1卫,所在楼层,低楼层 (共6层),建筑面积,52.6O,户型结构,平层,建筑类型,板楼,房屋朝向,南 北,建筑结构,混合结构,装修情况,其他,梯户比例,一梯三户,供暖方式,集中供暖
所在区域,开发区,房屋总价,123,房屋户型,2室2厅1卫,所在楼层,中楼层 (共6层),建筑面积,80.9O,户型结构,平层,建筑类型,板楼,房屋朝向,南 北,建筑结构,钢混结构,装修情况,简装,梯户比例,一梯两户,供暖方式,集中供暖
所在区域,开发区,房屋总价,159,房屋户型,2室2厅1卫,所在楼层,高楼层 (共31层),建筑面积,96.21O,户型结构,平层,建筑类型,板楼,房屋朝向,南 北,建筑结构,钢混结构,装修情况,精装,梯户比例,两梯四户,供暖方式,集中供暖,配备电梯,有
所在区域,开发区,房屋总价,66,房屋户型,1室1厅1卫,所在楼层,低楼层 (共29层),建筑面积,55.91O,户型结构,平层,建筑类型,板塔结合,房屋朝向,南,建筑结构,钢混结构,装修情况,精装,梯户比例,两梯六户,供暖方式,集中供暖,配备电梯,有
所在区域,开发区,房屋总价,55,房屋户型,2室1厅1卫,所在楼层,高楼层 (共22层),建筑面积,60.64O,户型结构,平层,建筑类型,板楼,房屋朝向,南 北,建筑结构,钢混结构,装修情况,简装,梯户比例,两梯六户,供暖方式,集中供暖,配备电梯,有
所在区域,开发区,房屋总价,99,房屋户型,2室1厅1卫,所在楼层,中楼层 (共32层),建筑面积,82.27O,户型结构,平层,建筑类型,板楼,房屋朝向,南 北,建筑结构,框架结构,装修情况,其他,梯户比例,一梯三户,供暖方式,集中供暖,配备电梯,有
所在区域,开发区,房屋总价,188,房屋户型,3室2厅1卫,所在楼层,低楼层 (共6层),建筑面积,81.29O,户型结构,平层,建筑类型,板楼,房屋朝向,南 西 北,建筑结构,砖混结构,装修情况,精装,梯户比例,一梯两户,供暖方式,集中供暖
所在区域,开发区,房屋总价,300,房屋户型,3室1厅2卫,所在楼层,低楼层 (共36层),建筑面积,151.96O,户型结构,平层,建筑类型,板楼,房屋朝向,南 北,建筑结构,钢混结构,装修情况,精装,梯户比例,两梯三户,供暖方式,集中供暖,配备电梯,有
所在区域,开发区,房屋总价,82,房屋户型,2室2厅1卫,所在楼层,高楼层 (共6层),建筑面积,78.46O,户型结构,平层,建筑类型,板楼,房屋朝向,南,建筑结构,混合结构,装修情况,精装,梯户比例,一梯三户,供暖方式,集中供暖
所在区域,开发区,房屋总价,71,房屋户型,2室1厅1卫,所在楼层,中楼层 (共5层),建筑面积,77.2O,户型结构,平层,建筑类型,板楼,房屋朝向,南 北,建筑结构,砖混结构,装修情况,简装,梯户比例,一梯两户,供暖方式,集中供暖
所在区域,开发区,房屋总价,57.5,房屋户型,2室1厅1卫,所在楼层,高楼层 (共16层),建筑面积,52.39O,户型结构,平层,套内面积,40.42O,建筑类型,板楼,房屋朝向,南,建筑结构,钢混结构,装修情况,其他,梯户比例,两梯四户,供暖方式,集中供暖,配备电梯,有
所在区域,开发区,房屋总价,47,房屋户型,1室1厅1卫,所在楼层,低楼层 (共11层),建筑面积,46O,户型结构,平层,建筑类型,板楼,房屋朝向,南,建筑结构,钢混结构,装修情况,简装,梯户比例,一梯三户,供暖方式,集中供暖,配备电梯,有
所在区域,开发区,房屋总价,180,房屋户型,2室1厅1卫,所在楼层,低楼层 (共29层),建筑面积,104.42O,户型结构,平层,建筑类型,塔楼,房屋朝向,南,建筑结构,钢混结构,装修情况,精装,梯户比例,两梯三户,供暖方式,集中供暖,配备电梯,有
所在区域,开发区,房屋总价,77,房屋户型,2室1厅1卫,所在楼层,中楼层 (共11层),建筑面积,65.31O,户型结构,平层,建筑类型,板楼,房屋朝向,南,建筑结构,钢混结构,装修情况,简装,梯户比例,两梯三户,供暖方式,集中供暖,配备电梯,有
所在区域,开发区,房屋总价,290,房屋户型,3室2厅2卫,所在楼层,高楼层 (共6层),建筑面积,132.64O,户型结构,平层,建筑类型,板楼,房屋朝向,南 北,建筑结构,钢混结构,装修情况,其他,梯户比例,一梯两户,供暖方式,集中供暖,配备电梯,有
所在区域,开发区,房屋总价,48.8,房屋户型,1室1厅1卫,所在楼层,高楼层 (共24层),建筑面积,54.31O,户型结构,平层,建筑类型,板楼,房屋朝向,南,建筑结构,钢混结构,装修情况,简装,梯户比例,两梯四户,供暖方式,集中供暖,配备电梯,有
所在区域,开发区,房屋总价,220,房屋户型,2室2厅2卫,所在楼层,低楼层 (共31层),建筑面积,139.06O,户型结构,平层,建筑类型,板楼,房屋朝向,南 北,建筑结构,钢混结构,装修情况,精装,梯户比例,两梯四户,供暖方式,集中供暖,配备电梯,有
所在区域,开发区,房屋总价,170,房屋户型,3室2厅1卫,所在楼层,低楼层 (共31层),建筑面积,125.47O,户型结构,平层,建筑类型,塔楼,房屋朝向,南 北,建筑结构,钢混结构,装修情况,精装,梯户比例,两梯六户,供暖方式,集中供暖,配备电梯,有
所在区域,开发区,房屋总价,70,房屋户型,2室2厅1卫,所在楼层,中楼层 (共7层),建筑面积,86.14O,户型结构,平层,建筑类型,板楼,房屋朝向,南 北,建筑结构,钢混结构,装修情况,精装,梯户比例,一梯两户,供暖方式,集中供暖
所在区域,开发区,房屋总价,69.5,房屋户型,2室2厅1卫,所在楼层,高楼层 (共5层),建筑面积,72O,户型结构,平层,建筑类型,板楼,房屋朝向,南 北,建筑结构,砖混结构,装修情况,其他,梯户比例,一梯两户,供暖方式,集中供暖
所在区域,开发区,房屋总价,47.8,房屋户型,1室1厅1卫,所在楼层,高楼层 (共18层),建筑面积,43.03O,户型结构,平层,建筑类型,板楼,房屋朝向,南,建筑结构,钢混结构,装修情况,精装,梯户比例,两梯四户,供暖方式,集中供暖,配备电梯,有
所在区域,开发区,房屋总价,69.8,房屋户型,2室1厅1卫,所在楼层,高楼层 (共6层),建筑面积,78.52O,户型结构,平层,建筑类型,板楼,房屋朝向,南 北,建筑结构,混合结构,装修情况,简装,梯户比例,一梯两户,供暖方式,集中供暖
所在区域,开发区,房屋总价,100,房屋户型,2室1厅1卫,所在楼层,中楼层 (共33层),建筑面积,81.09O,户型结构,平层,套内面积,63.26O,建筑类型,板楼,房屋朝向,南 北,建筑结构,钢混结构,装修情况,其他,梯户比例,两梯三户,供暖方式,集中供暖,配备电梯,有
所在区域,开发区,房屋总价,85,房屋户型,2室1厅1卫,所在楼层,高楼层 (共6层),建筑面积,91.49O,户型结构,平层,建筑类型,板楼,房屋朝向,南,建筑结构,钢混结构,装修情况,精装,梯户比例,一梯两户,供暖方式,集中供暖
所在区域,开发区,房屋总价,120,房屋户型,2室1厅1卫,所在楼层,高楼层 (共31层),建筑面积,85.74O,户型结构,平层,建筑类型,塔楼,房屋朝向,南 北,建筑结构,钢混结构,装修情况,精装,梯户比例,两梯六户,供暖方式,集中供暖,配备电梯,有
所在区域,开发区,房屋总价,203,房屋户型,3室1厅1卫,所在楼层,高楼层 (共34层),建筑面积,116.39O,户型结构,平层,建筑类型,板楼,房屋朝向,南 北,建筑结构,钢混结构,装修情况,精装,梯户比例,两梯四户,供暖方式,集中供暖,配备电梯,有
所在区域,开发区,房屋总价,112,房屋户型,2室2厅1卫,所在楼层,中楼层 (共28层),建筑面积,89.12O,户型结构,平层,建筑类型,板楼,房屋朝向,南 北,建筑结构,框架结构,装修情况,毛坯,梯户比例,两梯三户,供暖方式,集中供暖,配备电梯,有
所在区域,开发区,房屋总价,153,房屋户型,4室1厅1卫,所在楼层,低楼层 (共17层),建筑面积,138.87O,户型结构,平层,建筑类型,板楼,房屋朝向,南 北,建筑结构,钢混结构,装修情况,简装,梯户比例,两梯两户,供暖方式,集中供暖,配备电梯,有
所在区域,开发区,房屋总价,87,房屋户型,2室1厅1卫,所在楼层,低楼层 (共32层),建筑面积,85.04O,户型结构,平层,建筑类型,板楼,房屋朝向,南 北,建筑结构,钢混结构,装修情况,其他,梯户比例,三梯五户,供暖方式,集中供暖,配备电梯,有
所在区域,开发区,房屋总价,90,房屋户型,3室1厅1卫,所在楼层,中楼层 (共32层),建筑面积,127.56O,户型结构,平层,建筑类型,板楼,房屋朝向,东北,建筑结构,钢混结构,装修情况,精装,梯户比例,两梯八户,供暖方式,集中供暖,配备电梯,有
所在区域,开发区,房屋总价,57,房屋户型,2室2厅1卫,所在楼层,中楼层 (共5层),建筑面积,77.01O,户型结构,平层,建筑类型,板楼,房屋朝向,南 北,建筑结构,钢混结构,装修情况,简装,梯户比例,一梯两户,供暖方式,集中供暖
所在区域,开发区,房屋总价,79,房屋户型,2室1厅1卫,所在楼层,低楼层 (共18层),建筑面积,66.41O,户型结构,平层,建筑类型,板楼,房屋朝向,南,建筑结构,钢混结构,装修情况,精装,梯户比例,两梯四户,供暖方式,集中供暖,配备电梯,有
所在区域,开发区,房屋总价,40,房屋户型,1室0厅1卫,所在楼层,中楼层 (共23层),建筑面积,42.91O,户型结构,平层,建筑类型,板楼,房屋朝向,西北,建筑结构,钢混结构,装修情况,其他,梯户比例,两梯五户,供暖方式,集中供暖,配备电梯,有
所在区域,开发区,房屋总价,48,房屋户型,1室1厅1卫,所在楼层,高楼层 (共13层),建筑面积,51.55O,户型结构,平层,建筑类型,板楼,房屋朝向,南,建筑结构,钢混结构,装修情况,简装,梯户比例,一梯四户,供暖方式,集中供暖,配备电梯,有
所在区域,开发区,房屋总价,45,房屋户型,2室1厅1卫,所在楼层,中楼层 (共6层),建筑面积,55.91O,户型结构,平层,建筑类型,板楼,房屋朝向,南,建筑结构,砖混结构,装修情况,简装,梯户比例,一梯三户,供暖方式,集中供暖
所在区域,开发区,房屋总价,89,房屋户型,2室1厅1卫,所在楼层,低楼层 (共11层),建筑面积,88.36O,户型结构,平层,建筑类型,板楼,房屋朝向,南 北,建筑结构,钢混结构,装修情况,简装,梯户比例,一梯三户,供暖方式,集中供暖,配备电梯,有
所在区域,开发区,房屋总价,38.8,房屋户型,1室1厅1卫,所在楼层,中楼层 (共18层),建筑面积,61.67O,户型结构,平层,建筑类型,板楼,房屋朝向,南 北,建筑结构,钢混结构,装修情况,精装,梯户比例,两梯四户,供暖方式,集中供暖,配备电梯,有
所在区域,开发区,房屋总价,39,房屋户型,2室1厅1卫,所在楼层,高楼层 (共7层),建筑面积,66.98O,户型结构,平层,套内面积,65O,建筑类型,板塔结合,房屋朝向,东 西,建筑结构,混合结构,装修情况,精装,梯户比例,一梯两户,供暖方式,集中供暖
所在区域,开发区,房屋总价,105,房屋户型,2室2厅1卫,所在楼层,高楼层 (共28层),建筑面积,87.46O,户型结构,平层,建筑类型,塔楼,房屋朝向,南 北,建筑结构,框架结构,装修情况,毛坯,梯户比例,两梯三户,供暖方式,集中供暖,配备电梯,有
所在区域,开发区,房屋总价,190,房屋户型,3室2厅2卫,所在楼层,低楼层 (共37层),建筑面积,120.73O,户型结构,平层,建筑类型,板楼,房屋朝向,南 北,建筑结构,钢混结构,装修情况,毛坯,梯户比例,一梯三户,供暖方式,集中供暖,配备电梯,有
所在区域,开发区,房屋总价,73,房屋户型,2室1厅1卫,所在楼层,中楼层 (共18层),建筑面积,68.92O,户型结构,平层,建筑类型,板楼,房屋朝向,南,建筑结构,钢混结构,装修情况,简装,梯户比例,一梯三户,供暖方式,集中供暖,配备电梯,有
所在区域,开发区,房屋总价,66,房屋户型,1室1厅1卫,所在楼层,高楼层 (共10层),建筑面积,54.04O,户型结构,平层,套内面积,54.04O,建筑类型,板楼,房屋朝向,南,建筑结构,钢混结构,装修情况,简装,梯户比例,一梯四户,供暖方式,集中供暖,配备电梯,有
所在区域,开发区,房屋总价,56,房屋户型,1室1厅1卫,所在楼层,低楼层 (共28层),建筑面积,62.5O,户型结构,平层,建筑类型,板塔结合,房屋朝向,南,建筑结构,框架结构,装修情况,毛坯,梯户比例,一梯三户,供暖方式,集中供暖,配备电梯,有
所在区域,开发区,房屋总价,168,房屋户型,3室2厅2卫,所在楼层,中楼层 (共11层),建筑面积,147.13O,户型结构,平层,建筑类型,板楼,房屋朝向,南 北,建筑结构,框架结构,装修情况,精装,梯户比例,一梯两户,供暖方式,集中供暖,配备电梯,有
所在区域,开发区,房屋总价,185,房屋户型,2室1厅1卫,所在楼层,中楼层 (共33层),建筑面积,100.52O,户型结构,平层,建筑类型,板楼,房屋朝向,南 北,建筑结构,钢混结构,装修情况,精装,梯户比例,两梯三户,供暖方式,集中供暖,配备电梯,有
所在区域,开发区,房屋总价,43.5,房屋户型,2室1厅1卫,所在楼层,中楼层 (共33层),建筑面积,61.64O,户型结构,平层,建筑类型,塔楼,房屋朝向,南 东,建筑结构,钢混结构,装修情况,精装,梯户比例,三梯十八户,供暖方式,集中供暖,配备电梯,有
所在区域,开发区,房屋总价,73,房屋户型,1室1厅1卫,所在楼层,高楼层 (共33层),建筑面积,42.02O,户型结构,平层,建筑类型,板楼,房屋朝向,南,建筑结构,钢混结构,装修情况,其他,梯户比例,两梯六户,供暖方式,集中供暖,配备电梯,有
所在区域,开发区,房屋总价,125,房屋户型,3室2厅2卫,所在楼层,中楼层 (共11层),建筑面积,120.45O,户型结构,平层,建筑类型,板楼,房屋朝向,南 北,建筑结构,钢混结构,装修情况,简装,梯户比例,一梯两户,供暖方式,集中供暖,配备电梯,有
所在区域,开发区,房屋总价,77.8,房屋户型,2室2厅1卫,所在楼层,中楼层 (共6层),建筑面积,80.14O,户型结构,平层,建筑类型,板楼,房屋朝向,南 北,建筑结构,混合结构,装修情况,其他,梯户比例,一梯两户,供暖方式,集中供暖
所在区域,开发区,房屋总价,60,房屋户型,2室2厅1卫,所在楼层,低楼层 (共6层),建筑面积,66.4O,户型结构,平层,建筑类型,板楼,房屋朝向,南 北,建筑结构,砖混结构,装修情况,其他,梯户比例,一梯三户,供暖方式,集中供暖
所在区域,开发区,房屋总价,69,房屋户型,2室1厅1卫,所在楼层,中楼层 (共7层),建筑面积,77.22O,户型结构,平层,建筑类型,板楼,房屋朝向,南 北,建筑结构,钢混结构,装修情况,简装,梯户比例,一梯两户,供暖方式,集中供暖
所在区域,开发区,房屋总价,200,房屋户型,3室1厅2卫,所在楼层,低楼层 (共32层),建筑面积,138.03O,户型结构,平层,套内面积,110O,建筑类型,板楼,房屋朝向,南 北,建筑结构,钢混结构,装修情况,精装,梯户比例,两梯三户,供暖方式,集中供暖,配备电梯,有
所在区域,开发区,房屋总价,60,房屋户型,2室1厅1卫,所在楼层,中楼层 (共6层),建筑面积,76.32O,户型结构,平层,套内面积,76.32O,建筑类型,板楼,房屋朝向,南 北,建筑结构,砖混结构,装修情况,其他,梯户比例,一梯三户,供暖方式,集中供暖
所在区域,开发区,房屋总价,125,房屋户型,2室1厅1卫,所在楼层,高楼层 (共27层),建筑面积,95.75O,户型结构,平层,建筑类型,塔楼,房屋朝向,南 北,建筑结构,钢混结构,装修情况,毛坯,梯户比例,两梯五户,供暖方式,集中供暖,配备电梯,有
所在区域,开发区,房屋总价,68,房屋户型,3室1厅1卫,所在楼层,高楼层 (共5层),建筑面积,84.7O,户型结构,平层,建筑类型,板楼,房屋朝向,南 北,建筑结构,混合结构,装修情况,简装,梯户比例,一梯两户,供暖方式,集中供暖
所在区域,开发区,房屋总价,90,房屋户型,2室1厅1卫,所在楼层,低楼层 (共18层),建筑面积,83.1O,户型结构,平层,建筑类型,板楼,房屋朝向,南 北,建筑结构,钢混结构,装修情况,简装,梯户比例,一梯三户,供暖方式,集中供暖,配备电梯,有
所在区域,开发区,房屋总价,78,房屋户型,2室2厅1卫,所在楼层,中楼层 (共6层),建筑面积,80.67O,户型结构,平层,建筑类型,板楼,房屋朝向,南 北,建筑结构,砖混结构,装修情况,精装,梯户比例,一梯两户,供暖方式,集中供暖
所在区域,开发区,房屋总价,47,房屋户型,2室1厅1卫,所在楼层,低楼层 (共18层),建筑面积,46.4O,户型结构,平层,建筑类型,板楼,房屋朝向,南,建筑结构,钢混结构,装修情况,其他,梯户比例,一梯四户,供暖方式,集中供暖,配备电梯,有
所在区域,开发区,房屋总价,119,房屋户型,2室1厅1卫,所在楼层,中楼层 (共34层),建筑面积,80.27O,户型结构,平层,建筑类型,板楼,房屋朝向,南,建筑结构,框架结构,装修情况,精装,梯户比例,两梯四户,供暖方式,集中供暖,配备电梯,有
所在区域,开发区,房屋总价,128,房屋户型,2室2厅1卫,所在楼层,高楼层 (共18层),建筑面积,89.03O,户型结构,平层,建筑类型,板楼,房屋朝向,南 北,建筑结构,钢混结构,装修情况,精装,梯户比例,两梯四户,供暖方式,集中供暖,配备电梯,有
所在区域,开发区,房屋总价,75,房屋户型,2室1厅1卫,所在楼层,中楼层 (共6层),建筑面积,68.89O,户型结构,平层,建筑类型,板楼,房屋朝向,南 北,建筑结构,混合结构,装修情况,其他,梯户比例,一梯三户,供暖方式,集中供暖
所在区域,开发区,房屋总价,130.5,房屋户型,3室2厅2卫,所在楼层,低楼层 (共30层),建筑面积,89.72O,户型结构,平层,建筑类型,板楼,房屋朝向,南 北,建筑结构,钢混结构,装修情况,精装,梯户比例,一梯三户,供暖方式,集中供暖,配备电梯,有
所在区域,开发区,房屋总价,41,房屋户型,1室0厅1卫,所在楼层,中楼层 (共33层),建筑面积,47.52O,户型结构,平层,建筑类型,塔楼,房屋朝向,东,建筑结构,钢混结构,装修情况,其他,梯户比例,六梯三十八户,供暖方式,集中供暖,配备电梯,有
所在区域,开发区,房屋总价,120,房屋户型,2室2厅2卫,所在楼层,中楼层 (共6层),建筑面积,130.11O,户型结构,平层,建筑类型,板楼,房屋朝向,南 北,建筑结构,砖混结构,装修情况,简装,梯户比例,一梯两户,供暖方式,集中供暖
所在区域,开发区,房屋总价,87,房屋户型,2室2厅1卫,所在楼层,中楼层 (共11层),建筑面积,84.1O,户型结构,平层,建筑类型,塔楼,房屋朝向,南 北,建筑结构,钢混结构,装修情况,简装,梯户比例,一梯两户,供暖方式,集中供暖,配备电梯,有
所在区域,开发区,房屋总价,82,房屋户型,2室1厅1卫,所在楼层,低楼层 (共34层),建筑面积,86.4O,户型结构,平层,建筑类型,板楼,房屋朝向,南 北,建筑结构,钢混结构,装修情况,精装,梯户比例,两梯五户,供暖方式,集中供暖,配备电梯,有
所在区域,开发区,房屋总价,155,房屋户型,4室2厅2卫,所在楼层,低楼层 (共18层),建筑面积,72.7O,户型结构,平层,建筑类型,暂无数据,房屋朝向,南 北,建筑结构,框架结构,装修情况,简装,梯户比例,两梯四户,供暖方式,集中供暖,配备电梯,有
所在区域,开发区,房屋总价,60,房屋户型,2室1厅1卫,所在楼层,中楼层 (共31层),建筑面积,63.33O,户型结构,平层,建筑类型,板楼,房屋朝向,南 北,建筑结构,钢混结构,装修情况,简装,梯户比例,两梯三户,供暖方式,集中供暖,配备电梯,有
所在区域,开发区,房屋总价,54.8,房屋户型,2室1厅1卫,所在楼层,低楼层 (共29层),建筑面积,61.07O,户型结构,平层,建筑类型,板楼,房屋朝向,东 南,建筑结构,钢混结构,装修情况,简装,梯户比例,十梯十一户,供暖方式,集中供暖,配备电梯,有
所在区域,开发区,房屋总价,200,房屋户型,3室2厅1卫,所在楼层,高楼层 (共18层),建筑面积,136.4O,户型结构,平层,建筑类型,板楼,房屋朝向,南 北,建筑结构,钢混结构,装修情况,精装,梯户比例,一梯两户,供暖方式,集中供暖,配备电梯,有
所在区域,开发区,房屋总价,138,房屋户型,2室1厅1卫,所在楼层,高楼层 (共33层),建筑面积,88.97O,户型结构,平层,建筑类型,板楼,房屋朝向,南,建筑结构,钢混结构,装修情况,毛坯,梯户比例,两梯三户,供暖方式,集中供暖,配备电梯,有
所在区域,开发区,房屋总价,76,房屋户型,2室2厅1卫,所在楼层,高楼层 (共7层),建筑面积,110.5O,户型结构,平层,建筑类型,板楼,房屋朝向,南 北,建筑结构,钢混结构,装修情况,其他,梯户比例,一梯两户,供暖方式,集中供暖
所在区域,开发区,房屋总价,86,房屋户型,3室2厅1卫,所在楼层,中楼层 (共9层),建筑面积,105O,户型结构,平层,建筑类型,板楼,房屋朝向,南 北,建筑结构,钢混结构,装修情况,精装,梯户比例,一梯两户,供暖方式,集中供暖,配备电梯,有
所在区域,开发区,房屋总价,90,房屋户型,2室2厅1卫,所在楼层,低楼层 (共34层),建筑面积,83.85O,户型结构,平层,建筑类型,板楼,房屋朝向,南 北,建筑结构,钢混结构,装修情况,其他,梯户比例,一梯三户,供暖方式,集中供暖,配备电梯,有
所在区域,开发区,房屋总价,173,房屋户型,2室1厅1卫,所在楼层,中楼层 (共34层),建筑面积,102O,户型结构,平层,建筑类型,板楼,房屋朝向,南 北,建筑结构,钢混结构,装修情况,精装,梯户比例,两梯三户,供暖方式,集中供暖,配备电梯,有
所在区域,开发区,房屋总价,43,房屋户型,1室1厅1卫,所在楼层,低楼层 (共7层),建筑面积,49.63O,户型结构,平层,建筑类型,板楼,房屋朝向,东 西,建筑结构,钢混结构,装修情况,简装,梯户比例,一梯四户,供暖方式,集中供暖
所在区域,开发区,房屋总价,228,房屋户型,3室1厅2卫,所在楼层,高楼层 (共44层),建筑面积,151.67O,户型结构,平层,建筑类型,板楼,房屋朝向,南 北,建筑结构,钢混结构,装修情况,精装,梯户比例,两梯四户,供暖方式,集中供暖,配备电梯,有
所在区域,开发区,房屋总价,74,房屋户型,1室1厅1卫,所在楼层,低楼层 (共33层),建筑面积,45.11O,户型结构,平层,套内面积,45O,建筑类型,板楼,房屋朝向,南,建筑结构,框架结构,装修情况,精装,梯户比例,两梯四户,供暖方式,集中供暖,配备电梯,有
所在区域,开发区,房屋总价,135,房屋户型,2室2厅1卫,所在楼层,中楼层 (共6层),建筑面积,104.81O,户型结构,平层,建筑类型,板楼,房屋朝向,南 北,建筑结构,混合结构,装修情况,精装,梯户比例,一梯两户,供暖方式,集中供暖
所在区域,开发区,房屋总价,42,房屋户型,2室1厅1卫,所在楼层,高楼层 (共29层),建筑面积,56.28O,户型结构,平层,建筑类型,板楼,房屋朝向,南,建筑结构,钢混结构,装修情况,简装,梯户比例,四梯十一户,供暖方式,集中供暖,配备电梯,有
所在区域,开发区,房屋总价,48,房屋户型,2室2厅1卫,所在楼层,高楼层 (共6层),建筑面积,58.21O,户型结构,平层,建筑类型,板楼,房屋朝向,北 东 南,建筑结构,钢混结构,装修情况,精装,梯户比例,一梯三户,供暖方式,集中供暖
所在区域,开发区,房屋总价,75,房屋户型,1室1厅1卫,所在楼层,高楼层 (共34层),建筑面积,47.93O,户型结构,平层,建筑类型,板楼,房屋朝向,南,建筑结构,框架结构,装修情况,精装,梯户比例,两梯三户,供暖方式,集中供暖,配备电梯,有
所在区域,开发区,房屋总价,192,房屋户型,3室2厅1卫,所在楼层,中楼层 (共32层),建筑面积,121.21O,户型结构,平层,建筑类型,板楼,房屋朝向,南 北,建筑结构,钢混结构,装修情况,毛坯,梯户比例,一梯三户,供暖方式,集中供暖,配备电梯,有
所在区域,开发区,房屋总价,52,房屋户型,2室1厅1卫,所在楼层,中楼层 (共6层),建筑面积,59.87O,户型结构,平层,建筑类型,板楼,房屋朝向,南 北,建筑结构,砖混结构,装修情况,其他,梯户比例,一梯三户,供暖方式,集中供暖
所在区域,开发区,房屋总价,61,房屋户型,2室1厅1卫,所在楼层,中楼层 (共6层),建筑面积,58.3O,户型结构,平层,建筑类型,板楼,房屋朝向,南 北,建筑结构,混合结构,装修情况,其他,梯户比例,一梯三户,供暖方式,集中供暖
所在区域,开发区,房屋总价,63,房屋户型,1室1厅1卫,所在楼层,中楼层 (共34层),建筑面积,55O,户型结构,平层,建筑类型,板楼,房屋朝向,南,建筑结构,钢混结构,装修情况,精装,梯户比例,两梯三户,供暖方式,集中供暖,配备电梯,有
所在区域,开发区,房屋总价,210,房屋户型,3室1厅2卫,所在楼层,中楼层 (共33层),建筑面积,150.53O,户型结构,平层,建筑类型,板楼,房屋朝向,南 北,建筑结构,钢混结构,装修情况,精装,梯户比例,两梯四户,供暖方式,集中供暖,配备电梯,有
所在区域,开发区,房屋总价,168,房屋户型,2室2厅1卫,所在楼层,低楼层 (共5层),建筑面积,112.44O,户型结构,平层,建筑类型,板楼,房屋朝向,南 北,建筑结构,砖混结构,装修情况,精装,梯户比例,一梯两户,供暖方式,集中供暖
所在区域,开发区,房屋总价,110,房屋户型,2室1厅1卫,所在楼层,高楼层 (共28层),建筑面积,81.64O,户型结构,平层,建筑类型,板楼,房屋朝向,南,建筑结构,框架结构,装修情况,简装,梯户比例,一梯三户,供暖方式,集中供暖
所在区域,开发区,房屋总价,45.9,房屋户型,2室1厅1卫,所在楼层,高楼层 (共7层),建筑面积,60.63O,户型结构,平层,建筑类型,板楼,房屋朝向,南 北,建筑结构,混合结构,装修情况,其他,梯户比例,一梯三户,供暖方式,集中供暖
所在区域,开发区,房屋总价,62,房屋户型,2室1厅1卫,所在楼层,中楼层 (共8层),建筑面积,68.99O,户型结构,平层,建筑类型,板楼,房屋朝向,东 东南,建筑结构,框架结构,装修情况,简装,梯户比例,一梯三户,供暖方式,集中供暖
所在区域,开发区,房屋总价,159,房屋户型,2室2厅1卫,所在楼层,低楼层 (共34层),建筑面积,85O,户型结构,平层,建筑类型,板楼,房屋朝向,南,建筑结构,钢混结构,装修情况,精装,梯户比例,两梯三户,供暖方式,集中供暖,配备电梯,有
所在区域,开发区,房屋总价,36,房屋户型,1室0厅1卫,所在楼层,高楼层 (共33层),建筑面积,47.52O,户型结构,平层,建筑类型,塔楼,房屋朝向,西,建筑结构,钢混结构,装修情况,简装,梯户比例,六梯二十三户,供暖方式,集中供暖,配备电梯,有
所在区域,开发区,房屋总价,99,房屋户型,2室1厅1卫,所在楼层,高楼层 (共24层),建筑面积,88.62O,户型结构,平层,套内面积,88.62O,建筑类型,板楼,房屋朝向,南 北,建筑结构,钢混结构,装修情况,简装,梯户比例,两梯三户,供暖方式,集中供暖,配备电梯,有
所在区域,开发区,房屋总价,135,房屋户型,3室2厅1卫,所在楼层,中楼层 (共12层),建筑面积,123.18O,户型结构,平层,建筑类型,板楼,房屋朝向,南 北,建筑结构,混合结构,装修情况,精装,梯户比例,一梯两户,供暖方式,集中供暖,配备电梯,有
所在区域,开发区,房屋总价,72,房屋户型,3室2厅1卫,所在楼层,中楼层 (共6层),建筑面积,89.93O,户型结构,平层,建筑类型,板楼,房屋朝向,南 北,建筑结构,砖混结构,装修情况,其他,梯户比例,一梯两户,供暖方式,集中供暖
所在区域,开发区,房屋总价,103,房屋户型,3室1厅1卫,所在楼层,高楼层 (共11层),建筑面积,89.19O,户型结构,平层,建筑类型,板楼,房屋朝向,南 北,建筑结构,钢混结构,装修情况,精装,梯户比例,一梯四户,供暖方式,集中供暖,配备电梯,有
所在区域,开发区,房屋总价,64.8,房屋户型,1室1厅1卫,所在楼层,中楼层 (共9层),建筑面积,64.17O,户型结构,平层,建筑类型,板楼,房屋朝向,南,建筑结构,钢混结构,装修情况,毛坯,梯户比例,九梯三户,供暖方式,集中供暖,配备电梯,有
所在区域,开发区,房屋总价,67,房屋户型,2室1厅1卫,所在楼层,高楼层 (共18层),建筑面积,76.41O,户型结构,平层,建筑类型,板楼,房屋朝向,南 北,建筑结构,钢混结构,装修情况,简装,梯户比例,一梯三户,供暖方式,集中供暖,配备电梯,有
所在区域,开发区,房屋总价,63,房屋户型,2室1厅1卫,所在楼层,中楼层 (共7层),建筑面积,62.85O,户型结构,平层,建筑类型,板楼,房屋朝向,南 北,建筑结构,混合结构,装修情况,简装,梯户比例,一梯三户,供暖方式,集中供暖
所在区域,开发区,房屋总价,238,房屋户型,3室1厅2卫,所在楼层,低楼层 (共17层),建筑面积,140.24O,户型结构,平层,套内面积,88O,建筑类型,板楼,房屋朝向,南 北,建筑结构,框架结构,装修情况,精装,梯户比例,两梯两户,供暖方式,集中供暖,配备电梯,有
所在区域,开发区,房屋总价,67,房屋户型,3室1厅1卫,所在楼层,中楼层 (共7层),建筑面积,78.53O,户型结构,平层,建筑类型,板楼,房屋朝向,南 北,建筑结构,钢混结构,装修情况,简装,梯户比例,一梯两户,供暖方式,集中供暖
所在区域,开发区,房屋总价,83,房屋户型,2室2厅1卫,所在楼层,低楼层 (共6层),建筑面积,97.39O,户型结构,平层,套内面积,85.27O,建筑类型,板塔结合,房屋朝向,南 北,建筑结构,钢混结构,装修情况,简装,梯户比例,一梯一户,供暖方式,集中供暖
所在区域,开发区,房屋总价,55.5,房屋户型,1室0厅1卫,所在楼层,低楼层 (共33层),建筑面积,30.1O,户型结构,平层,建筑类型,塔楼,房屋朝向,南,建筑结构,钢混结构,装修情况,简装,梯户比例,四梯十四户,供暖方式,集中供暖,配备电梯,有
所在区域,开发区,房屋总价,87,房屋户型,2室1厅1卫,所在楼层,中楼层 (共7层),建筑面积,93.85O,户型结构,平层,建筑类型,板楼,房屋朝向,南 北,建筑结构,钢混结构,装修情况,其他,梯户比例,一梯两户,供暖方式,集中供暖
所在区域,开发区,房屋总价,43.8,房屋户型,2室1厅1卫,所在楼层,高楼层 (共6层),建筑面积,52.17O,户型结构,平层,建筑类型,板楼,房屋朝向,南,建筑结构,钢混结构,装修情况,简装,梯户比例,一梯三户,供暖方式,集中供暖
所在区域,开发区,房屋总价,80,房屋户型,2室2厅1卫,所在楼层,中楼层 (共29层),建筑面积,72.05O,户型结构,平层,建筑类型,板楼,房屋朝向,南,建筑结构,钢混结构,装修情况,毛坯,梯户比例,两梯三户,供暖方式,集中供暖,配备电梯,有
所在区域,开发区,房屋总价,255,房屋户型,3室1厅2卫,所在楼层,低楼层 (共12层),建筑面积,133.78O,户型结构,平层,建筑类型,板楼,房屋朝向,南 北,建筑结构,钢混结构,装修情况,其他,梯户比例,一梯两户,供暖方式,集中供暖,配备电梯,有
所在区域,开发区,房屋总价,69.5,房屋户型,2室1厅1卫,所在楼层,高楼层 (共6层),建筑面积,84.3O,户型结构,平层,建筑类型,板楼,房屋朝向,南 北,建筑结构,混合结构,装修情况,精装,梯户比例,一梯两户,供暖方式,集中供暖
所在区域,开发区,房屋总价,82,房屋户型,2室1厅1卫,所在楼层,低楼层 (共7层),建筑面积,91.38O,户型结构,平层,建筑类型,板楼,房屋朝向,南 北,建筑结构,混合结构,装修情况,精装,梯户比例,一梯两户,供暖方式,集中供暖
所在区域,开发区,房屋总价,70,房屋户型,2室1厅1卫,所在楼层,高楼层 (共6层),建筑面积,70.51O,户型结构,平层,建筑类型,板楼,房屋朝向,南 北,建筑结构,钢混结构,装修情况,其他,梯户比例,一梯三户,供暖方式,集中供暖
所在区域,开发区,房屋总价,200,房屋户型,2室2厅1卫,所在楼层,中楼层 (共35层),建筑面积,105.17O,户型结构,平层,建筑类型,板楼,房屋朝向,南 北,建筑结构,钢混结构,装修情况,精装,梯户比例,两梯三户,供暖方式,集中供暖,配备电梯,有
所在区域,开发区,房屋总价,197,房屋户型,3室1厅2卫,所在楼层,中楼层 (共33层),建筑面积,151.86O,户型结构,平层,建筑类型,板楼,房屋朝向,南 北,建筑结构,钢混结构,装修情况,精装,梯户比例,两梯四户,供暖方式,集中供暖,配备电梯,有
所在区域,开发区,房屋总价,45,房屋户型,1室0厅1卫,所在楼层,中楼层 (共29层),建筑面积,40.11O,户型结构,平层,建筑类型,板楼,房屋朝向,东,建筑结构,钢混结构,装修情况,精装,梯户比例,两梯四户,供暖方式,集中供暖,配备电梯,有
所在区域,开发区,房屋总价,56.8,房屋户型,2室1厅1卫,所在楼层,低楼层 (共28层),建筑面积,62.92O,户型结构,平层,建筑类型,板楼,房屋朝向,北 西,建筑结构,框架结构,装修情况,简装,梯户比例,两梯四户,供暖方式,集中供暖,配备电梯,有
所在区域,开发区,房屋总价,60,房屋户型,2室2厅1卫,所在楼层,高楼层 (共15层),建筑面积,73.47O,户型结构,平层,建筑类型,板楼,房屋朝向,南 北,建筑结构,钢混结构,装修情况,简装,梯户比例,一梯三户,供暖方式,集中供暖,配备电梯,有
所在区域,开发区,房屋总价,62,房屋户型,2室1厅1卫,所在楼层,中楼层 (共5层),建筑面积,68.87O,户型结构,平层,建筑类型,板楼,房屋朝向,南 北,建筑结构,钢混结构,装修情况,毛坯,梯户比例,一梯两户,供暖方式,集中供暖
所在区域,开发区,房屋总价,155,房屋户型,3室2厅1卫,所在楼层,高楼层 (共22层),建筑面积,127.03O,户型结构,平层,建筑类型,板楼,房屋朝向,南 北,建筑结构,钢混结构,装修情况,简装,梯户比例,一梯两户,供暖方式,集中供暖,配备电梯,有
所在区域,开发区,房屋总价,85.8,房屋户型,2室1厅1卫,所在楼层,低楼层 (共7层),建筑面积,93.24O,户型结构,平层,建筑类型,板楼,房屋朝向,南 北,建筑结构,混合结构,装修情况,其他,梯户比例,一梯两户,供暖方式,集中供暖
所在区域,开发区,房屋总价,73.6,房屋户型,3室2厅1卫,所在楼层,低楼层 (共6层),建筑面积,80.15O,户型结构,平层,建筑类型,板楼,房屋朝向,南 北,建筑结构,混合结构,装修情况,精装,梯户比例,一梯三户,供暖方式,集中供暖
所在区域,开发区,房屋总价,108,房屋户型,2室1厅1卫,所在楼层,高楼层 (共32层),建筑面积,89.72O,户型结构,平层,建筑类型,板塔结合,房屋朝向,南,建筑结构,钢混结构,装修情况,其他,梯户比例,两梯五户,供暖方式,集中供暖,配备电梯,有
所在区域,开发区,房屋总价,110,房屋户型,2室2厅1卫,所在楼层,中楼层 (共11层),建筑面积,88.66O,户型结构,平层,建筑类型,板楼,房屋朝向,南 北,建筑结构,钢混结构,装修情况,其他,梯户比例,两梯四户,供暖方式,集中供暖,配备电梯,有
所在区域,开发区,房屋总价,120,房屋户型,3室1厅2卫,所在楼层,低楼层 (共18层),建筑面积,109.52O,户型结构,平层,建筑类型,板楼,房屋朝向,南 北,建筑结构,钢混结构,装修情况,精装,梯户比例,两梯三户,供暖方式,集中供暖,配备电梯,有
所在区域,开发区,房屋总价,152,房屋户型,2室1厅1卫,所在楼层,高楼层 (共33层),建筑面积,88.97O,户型结构,平层,建筑类型,板楼,房屋朝向,南,建筑结构,钢混结构,装修情况,其他,梯户比例,两梯三户,供暖方式,集中供暖,配备电梯,有
所在区域,开发区,房屋总价,91.2,房屋户型,2室1厅1卫,所在楼层,中楼层 (共6层),建筑面积,88.87O,户型结构,平层,建筑类型,板楼,房屋朝向,南 北,建筑结构,钢混结构,装修情况,简装,梯户比例,一梯两户,供暖方式,集中供暖
所在区域,开发区,房屋总价,163,房屋户型,3室1厅1卫,所在楼层,中楼层 (共23层),建筑面积,118.34O,户型结构,平层,建筑类型,板楼,房屋朝向,南 北,建筑结构,钢混结构,装修情况,精装,梯户比例,一梯两户,供暖方式,集中供暖,配备电梯,有
所在区域,开发区,房屋总价,83,房屋户型,2室1厅1卫,所在楼层,低楼层 (共29层),建筑面积,90.37O,户型结构,平层,建筑类型,板楼,房屋朝向,南 西,建筑结构,框架结构,装修情况,精装,梯户比例,两梯四户,供暖方式,集中供暖,配备电梯,有
所在区域,开发区,房屋总价,67,房屋户型,2室1厅1卫,所在楼层,高楼层 (共6层),建筑面积,70.45O,户型结构,平层,建筑类型,板楼,房屋朝向,南 北,建筑结构,砖混结构,装修情况,其他,梯户比例,一梯两户,供暖方式,集中供暖
所在区域,开发区,房屋总价,73.6,房屋户型,2室1厅1卫,所在楼层,中楼层 (共18层),建筑面积,75.12O,户型结构,平层,建筑类型,板楼,房屋朝向,南 北,建筑结构,钢混结构,装修情况,精装,梯户比例,一梯三户,供暖方式,集中供暖,配备电梯,有
所在区域,开发区,房屋总价,90,房屋户型,2室2厅1卫,所在楼层,中楼层 (共7层),建筑面积,97.15O,户型结构,平层,建筑类型,板楼,房屋朝向,南 北,建筑结构,框架结构,装修情况,精装,梯户比例,一梯两户,供暖方式,集中供暖
所在区域,开发区,房屋总价,96.5,房屋户型,2室1厅1卫,所在楼层,中楼层 (共18层),建筑面积,97O,户型结构,平层,建筑类型,板楼,房屋朝向,东 南,建筑结构,钢混结构,装修情况,精装,梯户比例,两梯六户,供暖方式,集中供暖,配备电梯,有
所在区域,开发区,房屋总价,50.5,房屋户型,1室0厅1卫,所在楼层,中楼层 (共30层),建筑面积,55.94O,户型结构,平层,建筑类型,板楼,房屋朝向,南,建筑结构,钢混结构,装修情况,其他,梯户比例,三梯十户,供暖方式,集中供暖,配备电梯,有
所在区域,开发区,房屋总价,45.2,房屋户型,1室1厅1卫,所在楼层,高楼层 (共33层),建筑面积,48O,户型结构,平层,套内面积,45O,建筑类型,塔楼,房屋朝向,西北,建筑结构,钢混结构,装修情况,精装,梯户比例,六梯四十户,供暖方式,集中供暖,配备电梯,有
所在区域,开发区,房屋总价,53,房屋户型,2室1厅1卫,所在楼层,中楼层 (共5层),建筑面积,57.4O,户型结构,平层,建筑类型,板楼,房屋朝向,南 北,建筑结构,钢混结构,装修情况,其他,梯户比例,一梯两户,供暖方式,集中供暖
所在区域,开发区,房屋总价,65,房屋户型,2室2厅1卫,所在楼层,低楼层 (共6层),建筑面积,63.58O,户型结构,平层,建筑类型,板楼,房屋朝向,南 北,建筑结构,钢混结构,装修情况,简装,梯户比例,一梯三户,供暖方式,集中供暖
所在区域,开发区,房屋总价,58,房屋户型,2室2厅1卫,所在楼层,中楼层 (共5层),建筑面积,68.7O,户型结构,平层,建筑类型,板楼,房屋朝向,南 北,建筑结构,砖混结构,装修情况,其他,梯户比例,一梯三户,供暖方式,集中供暖
所在区域,开发区,房屋总价,93,房屋户型,3室1厅1卫,所在楼层,低楼层 (共11层),建筑面积,108.95O,户型结构,平层,建筑类型,板楼,房屋朝向,南 西 北,建筑结构,框架结构,装修情况,简装,梯户比例,一梯三户,供暖方式,集中供暖,配备电梯,有
所在区域,开发区,房屋总价,260,房屋户型,3室2厅2卫,所在楼层,高楼层 (共24层),建筑面积,159.8O,户型结构,平层,建筑类型,板楼,房屋朝向,南 北,建筑结构,框架结构,装修情况,精装,梯户比例,两梯三户,供暖方式,集中供暖,配备电梯,有
所在区域,开发区,房屋总价,95.8,房屋户型,3室1厅1卫,所在楼层,低楼层 (共9层),建筑面积,118.79O,户型结构,平层,建筑类型,板楼,房屋朝向,东 南 北,建筑结构,钢混结构,装修情况,其他,梯户比例,一梯两户,供暖方式,集中供暖,配备电梯,有
所在区域,开发区,房屋总价,52.3,房屋户型,1室1厅1卫,所在楼层,中楼层 (共18层),建筑面积,56.25O,户型结构,平层,建筑类型,板楼,房屋朝向,南,建筑结构,钢混结构,装修情况,精装,梯户比例,两梯四户,供暖方式,集中供暖,配备电梯,有
所在区域,开发区,房屋总价,80,房屋户型,1室1厅1卫,所在楼层,高楼层 (共30层),建筑面积,61.55O,户型结构,平层,建筑类型,板楼,房屋朝向,南,建筑结构,钢混结构,装修情况,精装,梯户比例,两梯四户,供暖方式,集中供暖,配备电梯,有
所在区域,开发区,房屋总价,61,房屋户型,2室1厅1卫,所在楼层,中楼层 (共17层),建筑面积,66.27O,户型结构,平层,套内面积,66.27O,建筑类型,板楼,房屋朝向,南,建筑结构,钢混结构,装修情况,精装,梯户比例,一梯三户,供暖方式,集中供暖,配备电梯,有
所在区域,开发区,房屋总价,55,房屋户型,1室1厅1卫,所在楼层,中楼层 (共29层),建筑面积,55.06O,户型结构,平层,套内面积,37.99O,建筑类型,板楼,房屋朝向,南,建筑结构,钢混结构,装修情况,其他,梯户比例,四梯十一户,供暖方式,集中供暖,配备电梯,有
所在区域,开发区,房屋总价,34,房屋户型,1室1厅1卫,所在楼层,高楼层 (共30层),建筑面积,51.35O,户型结构,平层,建筑类型,塔楼,房屋朝向,西,建筑结构,框架结构,装修情况,简装,梯户比例,六梯二十八户,供暖方式,集中供暖,配备电梯,有,用水类型,商水,用电类型,商电
所在区域,开发区,房屋总价,90,房屋户型,2室1厅1卫,所在楼层,中楼层 (共24层),建筑面积,86.79O,户型结构,平层,建筑类型,塔楼,房屋朝向,南 北,建筑结构,钢混结构,装修情况,其他,梯户比例,两梯六户,供暖方式,集中供暖,配备电梯,有
所在区域,开发区,房屋总价,55,房屋户型,2室1厅1卫,所在楼层,高楼层 (共8层),建筑面积,73.09O,户型结构,平层,建筑类型,板楼,房屋朝向,南 北,建筑结构,钢混结构,装修情况,简装,梯户比例,一梯三户,供暖方式,集中供暖,配备电梯,有
所在区域,开发区,房屋总价,100,房屋户型,2室1厅1卫,所在楼层,中楼层 (共13层),建筑面积,75.56O,户型结构,平层,建筑类型,板塔结合,房屋朝向,南 北,建筑结构,钢混结构,装修情况,其他,梯户比例,一梯四户,供暖方式,自供暖,配备电梯,有
所在区域,开发区,房屋总价,240,房屋户型,4室2厅2卫,所在楼层,高楼层 (共6层),建筑面积,123.78O,户型结构,平层,建筑类型,板楼,房屋朝向,南 北,建筑结构,砖混结构,装修情况,精装,梯户比例,一梯两户,供暖方式,集中供暖
所在区域,开发区,房屋总价,125,房屋户型,3室1厅1卫,所在楼层,高楼层 (共32层),建筑面积,98.5O,户型结构,平层,建筑类型,板楼,房屋朝向,南 北,建筑结构,钢混结构,装修情况,精装,梯户比例,两梯三户,供暖方式,集中供暖,配备电梯,有
所在区域,开发区,房屋总价,121,房屋户型,2室2厅1卫,所在楼层,中楼层 (共6层),建筑面积,114.42O,户型结构,平层,建筑类型,板楼,房屋朝向,南 北,建筑结构,钢混结构,装修情况,精装,梯户比例,一梯两户,供暖方式,集中供暖
所在区域,开发区,房屋总价,35.8,房屋户型,1室1厅1卫,所在楼层,高楼层 (共15层),建筑面积,44.39O,户型结构,平层,建筑类型,板楼,房屋朝向,南,建筑结构,钢混结构,装修情况,简装,梯户比例,一梯四户,供暖方式,集中供暖,配备电梯,有
所在区域,开发区,房屋总价,167,房屋户型,3室2厅1卫,所在楼层,高楼层 (共12层),建筑面积,165O,户型结构,平层,套内面积,148.65O,建筑类型,板楼,房屋朝向,南 北,建筑结构,钢混结构,装修情况,简装,梯户比例,一梯两户,供暖方式,集中供暖,配备电梯,有
所在区域,开发区,房屋总价,37.9,房屋户型,1室1厅1卫,所在楼层,高楼层 (共15层),建筑面积,44.44O,户型结构,平层,建筑类型,板楼,房屋朝向,南,建筑结构,钢混结构,装修情况,简装,梯户比例,一梯四户,供暖方式,集中供暖,配备电梯,有
所在区域,开发区,房屋总价,41,房屋户型,1室0厅1卫,所在楼层,低楼层 (共29层),建筑面积,41.6O,户型结构,平层,建筑类型,板楼,房屋朝向,东,建筑结构,钢混结构,装修情况,简装,梯户比例,两梯四户,供暖方式,集中供暖,配备电梯,有
所在区域,开发区,房屋总价,160,房屋户型,2室2厅1卫,所在楼层,高楼层 (共34层),建筑面积,88O,户型结构,平层,建筑类型,板楼,房屋朝向,南,建筑结构,钢混结构,装修情况,精装,梯户比例,两梯四户,供暖方式,集中供暖,配备电梯,有
所在区域,开发区,房屋总价,52.5,房屋户型,1室0厅1卫,所在楼层,低楼层 (共33层),建筑面积,33.63O,户型结构,平层,建筑类型,板塔结合,房屋朝向,东,建筑结构,钢混结构,装修情况,毛坯,梯户比例,四梯九户,供暖方式,集中供暖,配备电梯,有
所在区域,开发区,房屋总价,160,房屋户型,3室2厅2卫,所在楼层,高楼层 (共9层),建筑面积,126.71O,户型结构,平层,建筑类型,板楼,房屋朝向,南 北,建筑结构,钢混结构,装修情况,精装,梯户比例,一梯两户,供暖方式,集中供暖
所在区域,开发区,房屋总价,110,房屋户型,2室1厅1卫,所在楼层,高楼层 (共29层),建筑面积,80.73O,户型结构,平层,建筑类型,板塔结合,房屋朝向,南,建筑结构,钢混结构,装修情况,精装,梯户比例,两梯五户,供暖方式,自供暖,配备电梯,有
所在区域,开发区,房屋总价,105,房屋户型,2室2厅1卫,所在楼层,中楼层 (共33层),建筑面积,75.29O,户型结构,平层,建筑类型,板楼,房屋朝向,南 北,建筑结构,钢混结构,装修情况,精装,梯户比例,三梯七户,供暖方式,集中供暖,配备电梯,有
所在区域,开发区,房屋总价,189,房屋户型,2室2厅1卫,所在楼层,中楼层 (共32层),建筑面积,106.04O,户型结构,平层,建筑类型,板楼,房屋朝向,南 北,建筑结构,钢混结构,装修情况,精装,梯户比例,两梯三户,供暖方式,集中供暖,配备电梯,有
所在区域,开发区,房屋总价,205,房屋户型,3室1厅1卫,所在楼层,中楼层 (共34层),建筑面积,116.39O,户型结构,平层,建筑类型,板楼,房屋朝向,南 北,建筑结构,钢混结构,装修情况,精装,梯户比例,两梯四户,供暖方式,集中供暖,配备电梯,有
所在区域,开发区,房屋总价,168,房屋户型,2室2厅1卫,所在楼层,高楼层 (共34层),建筑面积,100.5O,户型结构,平层,建筑类型,板楼,房屋朝向,南 北,建筑结构,钢混结构,装修情况,精装,梯户比例,两梯三户,供暖方式,集中供暖,配备电梯,有
所在区域,开发区,房屋总价,39,房屋户型,2室1厅1卫,所在楼层,低楼层 (共12层),建筑面积,84.32O,户型结构,平层,建筑类型,板楼,房屋朝向,南 北,建筑结构,框架结构,装修情况,毛坯,梯户比例,一梯三户,供暖方式,集中供暖,配备电梯,有
所在区域,开发区,房屋总价,182,房屋户型,2室2厅1卫,所在楼层,中楼层 (共38层),建筑面积,89.14O,户型结构,平层,建筑类型,板楼,房屋朝向,南,建筑结构,钢混结构,装修情况,精装,梯户比例,一梯三户,供暖方式,集中供暖,配备电梯,有
所在区域,开发区,房屋总价,65,房屋户型,2室1厅1卫,所在楼层,高楼层 (共6层),建筑面积,82.19O,户型结构,平层,建筑类型,板楼,房屋朝向,南,建筑结构,钢混结构,装修情况,简装,梯户比例,一梯两户,供暖方式,集中供暖
所在区域,开发区,房屋总价,115,房屋户型,3室2厅1卫,所在楼层,中楼层 (共18层),建筑面积,80.91O,户型结构,平层,套内面积,80O,建筑类型,板楼,房屋朝向,南 北,建筑结构,框架结构,装修情况,精装,梯户比例,一梯两户,供暖方式,集中供暖,配备电梯,有
所在区域,开发区,房屋总价,83,房屋户型,2室2厅1卫,所在楼层,高楼层 (共25层),建筑面积,78.96O,户型结构,平层,建筑类型,板楼,房屋朝向,东 南 西,建筑结构,框架结构,装修情况,精装,梯户比例,两梯四户,供暖方式,集中供暖,配备电梯,有
所在区域,开发区,房屋总价,47,房屋户型,1室1厅1卫,所在楼层,低楼层 (共30层),建筑面积,61.51O,户型结构,平层,建筑类型,板楼,房屋朝向,北,建筑结构,钢混结构,装修情况,精装,梯户比例,三梯十户,供暖方式,集中供暖,配备电梯,有
所在区域,开发区,房屋总价,54,房屋户型,2室2厅1卫,所在楼层,高楼层 (共6层),建筑面积,76.7O,户型结构,平层,建筑类型,板楼,房屋朝向,南 北,建筑结构,砖混结构,装修情况,其他,梯户比例,一梯两户,供暖方式,集中供暖
所在区域,开发区,房屋总价,68,房屋户型,3室2厅2卫,所在楼层,高楼层 (共7层),建筑面积,95.28O,户型结构,平层,套内面积,84.57O,建筑类型,板楼,房屋朝向,南 北,建筑结构,钢混结构,装修情况,其他,梯户比例,一梯两户,供暖方式,集中供暖
所在区域,开发区,房屋总价,59.7,房屋户型,2室2厅1卫,所在楼层,中楼层 (共6层),建筑面积,64.02O,户型结构,平层,建筑类型,板楼,房屋朝向,南 北,建筑结构,钢混结构,装修情况,简装,梯户比例,一梯两户,供暖方式,集中供暖
所在区域,开发区,房屋总价,82.8,房屋户型,2室1厅1卫,所在楼层,高楼层 (共6层),建筑面积,97.03O,户型结构,平层,建筑类型,板楼,房屋朝向,南 北,建筑结构,钢混结构,装修情况,其他,梯户比例,一梯两户,供暖方式,集中供暖
所在区域,开发区,房屋总价,81.5,房屋户型,2室1厅1卫,所在楼层,中楼层 (共11层),建筑面积,82.3O,户型结构,平层,建筑类型,板楼,房屋朝向,南 北,建筑结构,钢混结构,装修情况,精装,梯户比例,一梯四户,供暖方式,集中供暖,配备电梯,有
所在区域,开发区,房屋总价,63.8,房屋户型,2室1厅1卫,所在楼层,中楼层 (共17层),建筑面积,52.29O,户型结构,平层,建筑类型,板楼,房屋朝向,南,建筑结构,钢混结构,装修情况,精装,梯户比例,两梯四户,供暖方式,集中供暖,配备电梯,有
所在区域,开发区,房屋总价,106,房屋户型,2室1厅1卫,所在楼层,中楼层 (共33层),建筑面积,84.47O,户型结构,平层,建筑类型,板楼,房屋朝向,南 北,建筑结构,钢混结构,装修情况,精装,梯户比例,一梯两户,供暖方式,集中供暖,配备电梯,有
所在区域,开发区,房屋总价,95,房屋户型,2室2厅1卫,所在楼层,低楼层 (共18层),建筑面积,72.56O,户型结构,平层,建筑类型,塔楼,房屋朝向,南 北,建筑结构,框架结构,装修情况,其他,梯户比例,一梯两户,供暖方式,集中供暖,配备电梯,有
所在区域,开发区,房屋总价,122,房屋户型,2室1厅1卫,所在楼层,高楼层 (共25层),建筑面积,97.36O,户型结构,平层,建筑类型,板楼,房屋朝向,南 北,建筑结构,钢混结构,装修情况,精装,梯户比例,一梯两户,供暖方式,集中供暖,配备电梯,有
所在区域,开发区,房屋总价,24,房屋户型,1室1厅1卫,所在楼层,中楼层 (共16层),建筑面积,46.14O,户型结构,平层,套内面积,32.37O,建筑类型,塔楼,房屋朝向,南,建筑结构,钢混结构,装修情况,精装,梯户比例,两梯三十八户,供暖方式,集中供暖,配备电梯,有
所在区域,开发区,房屋总价,61,房屋户型,1室1厅1卫,所在楼层,中楼层 (共28层),建筑面积,60.75O,户型结构,平层,建筑类型,塔楼,房屋朝向,东北,建筑结构,钢混结构,装修情况,简装,梯户比例,两梯六户,供暖方式,集中供暖,配备电梯,有
所在区域,开发区,房屋总价,66,房屋户型,2室2厅1卫,所在楼层,高楼层 (共6层),建筑面积,75.43O,户型结构,平层,建筑类型,板楼,房屋朝向,南 北,建筑结构,混合结构,装修情况,其他,梯户比例,一梯三户,供暖方式,集中供暖
所在区域,开发区,房屋总价,42,房屋户型,2室1厅1卫,所在楼层,中楼层 (共7层),建筑面积,63.25O,户型结构,平层,建筑类型,板楼,房屋朝向,南 北,建筑结构,混合结构,装修情况,简装,梯户比例,一梯四户,供暖方式,集中供暖
所在区域,开发区,房屋总价,98.8,房屋户型,2室1厅1卫,所在楼层,高楼层 (共18层),建筑面积,90.06O,户型结构,平层,建筑类型,塔楼,房屋朝向,西南,建筑结构,钢结构,装修情况,精装,梯户比例,两梯六户,供暖方式,集中供暖,配备电梯,有
所在区域,开发区,房屋总价,68.5,房屋户型,1室1厅1卫,所在楼层,中楼层 (共32层),建筑面积,47.93O,户型结构,平层,建筑类型,板楼,房屋朝向,南,建筑结构,框架结构,装修情况,精装,梯户比例,两梯三户,供暖方式,集中供暖,配备电梯,有
所在区域,开发区,房屋总价,41.5,房屋户型,2室1厅1卫,所在楼层,中楼层 (共27层),建筑面积,55.91O,户型结构,平层,套内面积,39.63O,建筑类型,塔楼,房屋朝向,东北,建筑结构,钢混结构,装修情况,其他,梯户比例,四梯十户,供暖方式,集中供暖,配备电梯,有
所在区域,开发区,房屋总价,129,房屋户型,2室1厅1卫,所在楼层,中楼层 (共33层),建筑面积,88.71O,户型结构,平层,建筑类型,板楼,房屋朝向,南,建筑结构,钢混结构,装修情况,精装,梯户比例,两梯四户,供暖方式,集中供暖,配备电梯,有
所在区域,开发区,房屋总价,174,房屋户型,3室2厅1卫,所在楼层,中楼层 (共33层),建筑面积,95.69O,户型结构,平层,建筑类型,板楼,房屋朝向,南 北,建筑结构,钢混结构,装修情况,精装,梯户比例,两梯四户,供暖方式,集中供暖,配备电梯,有
所在区域,开发区,房屋总价,110,房屋户型,3室1厅1卫,所在楼层,中楼层 (共25层),建筑面积,96.34O,户型结构,平层,建筑类型,板楼,房屋朝向,南 北,建筑结构,框架结构,装修情况,精装,梯户比例,两梯四户,供暖方式,集中供暖,配备电梯,有
所在区域,开发区,房屋总价,198,房屋户型,2室1厅2卫,所在楼层,高楼层 (共24层),建筑面积,120.43O,户型结构,平层,建筑类型,板楼,房屋朝向,南,建筑结构,框架结构,装修情况,精装,梯户比例,两梯三户,供暖方式,集中供暖,配备电梯,有
所在区域,开发区,房屋总价,99.7,房屋户型,2室1厅1卫,所在楼层,低楼层 (共33层),建筑面积,78.15O,户型结构,平层,建筑类型,板楼,房屋朝向,南 北,建筑结构,钢混结构,装修情况,其他,梯户比例,两梯三户,供暖方式,集中供暖,配备电梯,有
所在区域,开发区,房屋总价,160,房屋户型,2室1厅1卫,所在楼层,中楼层 (共35层),建筑面积,90.72O,户型结构,平层,建筑类型,板楼,房屋朝向,南 北,建筑结构,钢混结构,装修情况,精装,梯户比例,两梯三户,供暖方式,集中供暖,配备电梯,有
所在区域,开发区,房屋总价,53,房屋户型,2室1厅1卫,所在楼层,高楼层 (共6层),建筑面积,63.6O,户型结构,平层,建筑类型,板楼,房屋朝向,南 北,建筑结构,砖混结构,装修情况,其他,梯户比例,一梯三户,供暖方式,集中供暖
所在区域,开发区,房屋总价,61.3,房屋户型,1室1厅1卫,所在楼层,中楼层 (共30层),建筑面积,57.17O,户型结构,平层,建筑类型,板楼,房屋朝向,南,建筑结构,钢混结构,装修情况,简装,梯户比例,三梯十户,供暖方式,集中供暖,配备电梯,有
所在区域,开发区,房屋总价,49,房屋户型,1室1厅1卫,所在楼层,中楼层 (共18层),建筑面积,68.26O,户型结构,平层,套内面积,55.41O,建筑类型,塔楼,房屋朝向,东 西,建筑结构,钢混结构,装修情况,精装,梯户比例,两梯七户,供暖方式,集中供暖,配备电梯,有
所在区域,开发区,房屋总价,86.5,房屋户型,2室1厅1卫,所在楼层,高楼层 (共6层),建筑面积,98.73O,户型结构,平层,建筑类型,板楼,房屋朝向,南 北,建筑结构,钢混结构,装修情况,其他,梯户比例,一梯两户,供暖方式,集中供暖
所在区域,开发区,房屋总价,120,房屋户型,2室1厅1卫,所在楼层,中楼层 (共11层),建筑面积,76.5O,户型结构,平层,建筑类型,板楼,房屋朝向,南,建筑结构,钢混结构,装修情况,精装,梯户比例,一梯三户,供暖方式,集中供暖,配备电梯,有
所在区域,开发区,房屋总价,63,房屋户型,1室0厅0卫,所在楼层,中楼层 (共34层),建筑面积,54.16O,户型结构,平层,建筑类型,板楼,房屋朝向,南,建筑结构,钢混结构,装修情况,其他,梯户比例,两梯四户,供暖方式,集中供暖,配备电梯,有
所在区域,开发区,房屋总价,51,房屋户型,2室1厅1卫,所在楼层,中楼层 (共7层),建筑面积,64O,户型结构,平层,建筑类型,板楼,房屋朝向,北 南,建筑结构,砖混结构,装修情况,简装,梯户比例,一梯三户,供暖方式,集中供暖
所在区域,开发区,房屋总价,79,房屋户型,1室1厅1卫,所在楼层,中楼层 (共11层),建筑面积,58.78O,户型结构,平层,建筑类型,板楼,房屋朝向,南,建筑结构,钢混结构,装修情况,精装,梯户比例,一梯三户,供暖方式,集中供暖,配备电梯,有
所在区域,开发区,房屋总价,36,房屋户型,1室0厅1卫,所在楼层,高楼层 (共33层),建筑面积,47.52O,户型结构,平层,建筑类型,塔楼,房屋朝向,西,建筑结构,钢混结构,装修情况,简装,梯户比例,六梯二十三户,供暖方式,集中供暖,配备电梯,有
所在区域,开发区,房屋总价,152,房屋户型,2室1厅1卫,所在楼层,高楼层 (共32层),建筑面积,85.17O,户型结构,平层,套内面积,64O,建筑类型,板楼,房屋朝向,南 北,建筑结构,钢混结构,装修情况,精装,梯户比例,一梯三户,供暖方式,集中供暖,配备电梯,有
所在区域,开发区,房屋总价,125,房屋户型,2室1厅1卫,所在楼层,中楼层 (共32层),建筑面积,89.72O,户型结构,平层,建筑类型,板塔结合,房屋朝向,南,建筑结构,钢混结构,装修情况,精装,梯户比例,两梯五户,供暖方式,集中供暖,配备电梯,有
所在区域,开发区,房屋总价,54.8,房屋户型,2室1厅1卫,所在楼层,高楼层 (共6层),建筑面积,75.19O,户型结构,平层,建筑类型,板楼,房屋朝向,南 北,建筑结构,钢混结构,装修情况,其他,梯户比例,一梯两户,供暖方式,集中供暖
所在区域,开发区,房屋总价,35,房屋户型,1室1厅1卫,所在楼层,低楼层 (共18层),建筑面积,60.43O,户型结构,平层,建筑类型,塔楼,房屋朝向,西北,建筑结构,钢混结构,装修情况,简装,梯户比例,四梯十九户,供暖方式,集中供暖,配备电梯,有
所在区域,开发区,房屋总价,58,房屋户型,1室1厅1卫,所在楼层,中楼层 (共11层),建筑面积,48O,户型结构,平层,建筑类型,板楼,房屋朝向,南,建筑结构,钢混结构,装修情况,精装,梯户比例,一梯四户,供暖方式,集中供暖,配备电梯,有
所在区域,开发区,房屋总价,65,房屋户型,1室1厅1卫,所在楼层,低楼层 (共32层),建筑面积,70.76O,户型结构,平层,建筑类型,塔楼,房屋朝向,南,建筑结构,钢混结构,装修情况,精装,梯户比例,六梯二十三户,供暖方式,集中供暖,配备电梯,有
所在区域,开发区,房屋总价,65,房屋户型,2室1厅1卫,所在楼层,低楼层 (共11层),建筑面积,70.92O,户型结构,平层,建筑类型,板楼,房屋朝向,南 北,建筑结构,钢混结构,装修情况,简装,梯户比例,一梯三户,供暖方式,集中供暖,配备电梯,有
所在区域,开发区,房屋总价,125,房屋户型,3室1厅1卫,所在楼层,高楼层 (共32层),建筑面积,98.35O,户型结构,平层,建筑类型,板楼,房屋朝向,南 北,建筑结构,钢混结构,装修情况,其他,梯户比例,一梯三户,供暖方式,集中供暖,配备电梯,有
所在区域,开发区,房屋总价,131,房屋户型,3室2厅2卫,所在楼层,高楼层 (共24层),建筑面积,120.23O,户型结构,平层,建筑类型,板楼,房屋朝向,南 北,建筑结构,钢混结构,装修情况,精装,梯户比例,两梯四户,供暖方式,集中供暖,配备电梯,有
所在区域,开发区,房屋总价,76,房屋户型,2室2厅1卫,所在楼层,低楼层 (共6层),建筑面积,82.71O,户型结构,平层,套内面积,71.54O,建筑类型,板塔结合,房屋朝向,南 北,建筑结构,框架结构,装修情况,简装,梯户比例,一梯两户,供暖方式,集中供暖
所在区域,开发区,房屋总价,105,房屋户型,2室1厅1卫,所在楼层,低楼层 (共11层),建筑面积,83.34O,户型结构,平层,建筑类型,板楼,房屋朝向,南 北,建筑结构,钢混结构,装修情况,精装,梯户比例,一梯四户,供暖方式,集中供暖,配备电梯,有
所在区域,开发区,房屋总价,109,房屋户型,2室1厅1卫,所在楼层,低楼层 (共11层),建筑面积,76.8O,户型结构,平层,建筑类型,板楼,房屋朝向,南,建筑结构,框架结构,装修情况,精装,梯户比例,一梯三户,供暖方式,集中供暖,配备电梯,有
所在区域,开发区,房屋总价,32,房屋户型,1室1厅1卫,所在楼层,中楼层 (共22层),建筑面积,50.05O,户型结构,平层,建筑类型,塔楼,房屋朝向,东北 东,建筑结构,钢混结构,装修情况,简装,梯户比例,四梯十二户,供暖方式,集中供暖,配备电梯,有
所在区域,开发区,房屋总价,170,房屋户型,3室1厅1卫,所在楼层,高楼层 (共6层),建筑面积,132.7O,户型结构,平层,套内面积,132.7O,建筑类型,板楼,房屋朝向,南 北,建筑结构,砖混结构,装修情况,精装,梯户比例,一梯两户,供暖方式,集中供暖
所在区域,开发区,房屋总价,185,房屋户型,2室1厅1卫,所在楼层,低楼层 (共6层),建筑面积,88.9O,户型结构,平层,建筑类型,板楼,房屋朝向,南 北,建筑结构,砖混结构,装修情况,精装,梯户比例,一梯两户,供暖方式,集中供暖
所在区域,开发区,房屋总价,63,房屋户型,1室1厅1卫,所在楼层,中楼层 (共31层),建筑面积,56.3O,户型结构,平层,建筑类型,板楼,房屋朝向,北,建筑结构,钢混结构,装修情况,其他,梯户比例,四梯十六户,供暖方式,集中供暖,配备电梯,有
所在区域,开发区,房屋总价,99.5,房屋户型,2室2厅1卫,所在楼层,中楼层 (共6层),建筑面积,103.26O,户型结构,平层,建筑类型,板楼,房屋朝向,南 北,建筑结构,钢混结构,装修情况,简装,梯户比例,一梯两户,供暖方式,集中供暖
所在区域,开发区,房屋总价,68,房屋户型,2室1厅1卫,所在楼层,中楼层 (共11层),建筑面积,83.57O,户型结构,平层,套内面积,83.57O,建筑类型,板楼,房屋朝向,南 北,建筑结构,钢混结构,装修情况,毛坯,梯户比例,一梯两户,供暖方式,集中供暖
所在区域,开发区,房屋总价,62,房屋户型,1室0厅1卫,所在楼层,低楼层 (共35层),建筑面积,36.9O,户型结构,平层,建筑类型,塔楼,房屋朝向,东,建筑结构,钢混结构,装修情况,精装,梯户比例,四梯十八户,供暖方式,集中供暖,配备电梯,有
所在区域,开发区,房屋总价,47,房屋户型,1室1厅1卫,所在楼层,中楼层 (共32层),建筑面积,48.11O,户型结构,平层,建筑类型,塔楼,房屋朝向,西北,建筑结构,钢混结构,装修情况,精装,梯户比例,六梯二十三户,供暖方式,集中供暖,配备电梯,有
所在区域,开发区,房屋总价,185,房屋户型,0室0厅2卫,所在楼层,低楼层 (共11层),建筑面积,83.74O,户型结构,平层,建筑类型,暂无数据,房屋朝向,南 北,建筑结构,钢混结构,装修情况,毛坯,梯户比例,一梯四户,配备电梯,有
所在区域,开发区,房屋总价,128,房屋户型,0室0厅2卫,所在楼层,低楼层 (共11层),建筑面积,57.83O,户型结构,平层,建筑类型,暂无数据,房屋朝向,南 北,建筑结构,钢混结构,装修情况,毛坯,梯户比例,一梯四户,配备电梯,有
所在区域,开发区,房屋总价,182,房屋户型,0室0厅2卫,所在楼层,低楼层 (共11层),建筑面积,82.13O,户型结构,平层,建筑类型,暂无数据,房屋朝向,南 北,建筑结构,钢混结构,装修情况,毛坯,梯户比例,一梯四户,配备电梯,有
所在区域,开发区,房屋总价,182,房屋户型,0室0厅2卫,所在楼层,低楼层 (共11层),建筑面积,82.2O,户型结构,平层,建筑类型,暂无数据,房屋朝向,南 北,建筑结构,钢混结构,装修情况,毛坯,梯户比例,一梯四户,配备电梯,有
所在区域,开发区,房屋总价,186,房屋户型,3室1厅1卫,所在楼层,中楼层 (共34层),建筑面积,111.7O,户型结构,平层,建筑类型,板楼,房屋朝向,南 北,建筑结构,钢混结构,装修情况,精装,梯户比例,两梯四户,供暖方式,集中供暖,配备电梯,有
所在区域,开发区,房屋总价,52,房屋户型,2室2厅1卫,所在楼层,高楼层 (共6层),建筑面积,80.67O,户型结构,平层,建筑类型,板楼,房屋朝向,南 北,建筑结构,混合结构,装修情况,简装,梯户比例,一梯两户,供暖方式,集中供暖
所在区域,开发区,房屋总价,42,房屋户型,2室1厅1卫,所在楼层,高楼层 (共6层),建筑面积,51.59O,户型结构,暂无数据,套内面积,51.59O,建筑类型,板楼,房屋朝向,南,建筑结构,钢混结构,装修情况,精装,梯户比例,一梯三户,供暖方式,集中供暖
所在区域,开发区,房屋总价,56,房屋户型,2室2厅1卫,所在楼层,高楼层 (共7层),建筑面积,75.35O,户型结构,平层,建筑类型,板楼,房屋朝向,南 北,建筑结构,钢混结构,装修情况,简装,梯户比例,一梯两户,供暖方式,集中供暖
所在区域,开发区,房屋总价,79,房屋户型,2室1厅1卫,所在楼层,中楼层 (共6层),建筑面积,64.25O,户型结构,平层,建筑类型,板楼,房屋朝向,南 北,建筑结构,框架结构,装修情况,精装,梯户比例,一梯三户,供暖方式,集中供暖
所在区域,开发区,房屋总价,78,房屋户型,1室1厅1卫,所在楼层,低楼层 (共30层),建筑面积,72.7O,户型结构,平层,建筑类型,板楼,房屋朝向,南,建筑结构,钢混结构,装修情况,精装,梯户比例,六梯十六户,供暖方式,集中供暖,配备电梯,有
所在区域,开发区,房屋总价,90,房屋户型,1室1厅1卫,所在楼层,低楼层 (共30层),建筑面积,87.47O,户型结构,平层,建筑类型,板楼,房屋朝向,南,建筑结构,钢混结构,装修情况,精装,梯户比例,六梯十六户,供暖方式,集中供暖,配备电梯,有
所在区域,开发区,房屋总价,107,房屋户型,3室2厅2卫,所在楼层,高楼层 (共12层),建筑面积,125.4O,户型结构,错层,建筑类型,板楼,房屋朝向,南 北,建筑结构,钢混结构,装修情况,精装,梯户比例,一梯两户,供暖方式,集中供暖,配备电梯,有
所在区域,开发区,房屋总价,63,房屋户型,2室1厅1卫,所在楼层,高楼层 (共18层),建筑面积,69.31O,户型结构,平层,建筑类型,板楼,房屋朝向,东 南 北,建筑结构,钢混结构,装修情况,简装,梯户比例,两梯八户,供暖方式,集中供暖,配备电梯,有
所在区域,开发区,房屋总价,73,房屋户型,2室1厅1卫,所在楼层,中楼层 (共7层),建筑面积,66.62O,户型结构,平层,建筑类型,板楼,房屋朝向,南 北,建筑结构,混合结构,装修情况,简装,梯户比例,一梯两户,供暖方式,集中供暖
所在区域,开发区,房屋总价,55,房屋户型,1室1厅1卫,所在楼层,中楼层 (共32层),建筑面积,31.15O,户型结构,平层,建筑类型,板楼,房屋朝向,东 西北,建筑结构,钢混结构,装修情况,其他,梯户比例,两梯六户,供暖方式,集中供暖,配备电梯,有
所在区域,开发区,房屋总价,41,房屋户型,2室1厅1卫,所在楼层,低楼层 (共18层),建筑面积,69.68O,户型结构,平层,建筑类型,塔楼,房屋朝向,南,建筑结构,钢混结构,装修情况,简装,梯户比例,两梯二十八户,供暖方式,集中供暖,配备电梯,有
所在区域,开发区,房屋总价,96.5,房屋户型,2室1厅1卫,所在楼层,高楼层 (共6层),建筑面积,92.82O,户型结构,平层,建筑类型,板楼,房屋朝向,北 南,建筑结构,混合结构,装修情况,其他,梯户比例,一梯两户,供暖方式,集中供暖
所在区域,开发区,房屋总价,52,房屋户型,2室1厅1卫,所在楼层,高楼层 (共7层),建筑面积,77.34O,户型结构,平层,建筑类型,板楼,房屋朝向,南 北,建筑结构,混合结构,装修情况,简装,梯户比例,一梯三户,供暖方式,集中供暖
所在区域,开发区,房屋总价,43,房屋户型,2室1厅1卫,所在楼层,高楼层 (共6层),建筑面积,66.99O,户型结构,平层,建筑类型,板楼,房屋朝向,南 北,建筑结构,砖混结构,装修情况,简装,梯户比例,一梯四户,供暖方式,集中供暖
所在区域,开发区,房屋总价,91,房屋户型,2室1厅1卫,所在楼层,低楼层 (共9层),建筑面积,92.56O,户型结构,平层,建筑类型,板楼,房屋朝向,南 北,建筑结构,钢混结构,装修情况,简装,梯户比例,一梯三户,供暖方式,集中供暖,配备电梯,有
所在区域,开发区,房屋总价,90,房屋户型,2室1厅1卫,所在楼层,高楼层 (共18层),建筑面积,99.12O,户型结构,平层,建筑类型,板楼,房屋朝向,南 北,建筑结构,钢混结构,装修情况,精装,梯户比例,两梯六户,供暖方式,集中供暖,配备电梯,有
所在区域,开发区,房屋总价,89,房屋户型,2室1厅1卫,所在楼层,中楼层 (共30层),建筑面积,74.24O,户型结构,平层,建筑类型,塔楼,房屋朝向,东北,建筑结构,钢混结构,装修情况,精装,梯户比例,五梯三十户,供暖方式,集中供暖,配备电梯,有
所在区域,开发区,房屋总价,93,房屋户型,3室2厅1卫,所在楼层,高楼层 (共16层),建筑面积,94.08O,户型结构,平层,套内面积,90O,建筑类型,板楼,房屋朝向,南 北,建筑结构,钢混结构,装修情况,精装,梯户比例,一梯三户,供暖方式,集中供暖,配备电梯,有
所在区域,开发区,房屋总价,100,房屋户型,3室1厅1卫,所在楼层,高楼层 (共7层),建筑面积,118.54O,户型结构,平层,套内面积,118.54O,建筑类型,板楼,房屋朝向,南,建筑结构,混合结构,装修情况,其他,梯户比例,一梯两户,供暖方式,集中供暖
所在区域,开发区,房屋总价,125,房屋户型,2室2厅1卫,所在楼层,中楼层 (共29层),建筑面积,91.59O,户型结构,平层,建筑类型,板楼,房屋朝向,南,建筑结构,钢混结构,装修情况,精装,梯户比例,两梯四户,供暖方式,集中供暖,配备电梯,有
所在区域,开发区,房屋总价,238,房屋户型,3室2厅2卫,所在楼层,中楼层 (共29层),建筑面积,152.35O,户型结构,平层,建筑类型,板塔结合,房屋朝向,南 北,建筑结构,钢混结构,装修情况,其他,梯户比例,两梯五户,供暖方式,集中供暖,配备电梯,有
所在区域,开发区,房屋总价,169,房屋户型,3室1厅1卫,所在楼层,中楼层 (共32层),建筑面积,98.38O,户型结构,平层,建筑类型,板楼,房屋朝向,南 北,建筑结构,框架结构,装修情况,其他,梯户比例,两梯三户,供暖方式,集中供暖,配备电梯,有
所在区域,开发区,房屋总价,64.5,房屋户型,2室1厅1卫,所在楼层,中楼层 (共5层),建筑面积,73.2O,户型结构,平层,建筑类型,板楼,房屋朝向,南 北,建筑结构,钢混结构,装修情况,精装,梯户比例,一梯两户,供暖方式,集中供暖
所在区域,开发区,房屋总价,78,房屋户型,2室2厅1卫,所在楼层,中楼层 (共6层),建筑面积,82.34O,户型结构,平层,建筑类型,板楼,房屋朝向,南 北,建筑结构,砖混结构,装修情况,其他,梯户比例,一梯两户,供暖方式,集中供暖
所在区域,开发区,房屋总价,55,房屋户型,1室1厅1卫,所在楼层,低楼层 (共19层),建筑面积,39.6O,户型结构,平层,建筑类型,板塔结合,房屋朝向,西,建筑结构,钢混结构,装修情况,精装,梯户比例,四梯二十一户,供暖方式,集中供暖,配备电梯,有
所在区域,开发区,房屋总价,64.3,房屋户型,2室1厅1卫,所在楼层,中楼层 (共7层),建筑面积,71.17O,户型结构,平层,建筑类型,板楼,房屋朝向,南 北,建筑结构,钢混结构,装修情况,简装,梯户比例,一梯四户,供暖方式,集中供暖
所在区域,开发区,房屋总价,56.8,房屋户型,2室1厅1卫,所在楼层,中楼层 (共5层),建筑面积,67.5O,户型结构,平层,建筑类型,板楼,房屋朝向,南 北,建筑结构,砖混结构,装修情况,其他,梯户比例,一梯三户,供暖方式,集中供暖
所在区域,开发区,房屋总价,137,房屋户型,2室1厅1卫,所在楼层,高楼层 (共30层),建筑面积,90.17O,户型结构,平层,建筑类型,板塔结合,房屋朝向,南,建筑结构,钢混结构,装修情况,精装,梯户比例,三梯九户,供暖方式,集中供暖,配备电梯,有
所在区域,开发区,房屋总价,123,房屋户型,2室1厅1卫,所在楼层,中楼层 (共24层),建筑面积,84.17O,户型结构,平层,建筑类型,板楼,房屋朝向,南 北,建筑结构,钢混结构,装修情况,精装,梯户比例,两梯九户,供暖方式,集中供暖,配备电梯,有
所在区域,开发区,房屋总价,67,房屋户型,2室1厅1卫,所在楼层,中楼层 (共5层),建筑面积,64.93O,户型结构,平层,建筑类型,板楼,房屋朝向,南 北,建筑结构,混合结构,装修情况,精装,梯户比例,一梯三户,供暖方式,集中供暖
所在区域,开发区,房屋总价,89,房屋户型,2室2厅1卫,所在楼层,中楼层 (共13层),建筑面积,90.29O,户型结构,平层,建筑类型,板楼,房屋朝向,南 北,建筑结构,钢混结构,装修情况,精装,梯户比例,一梯四户,供暖方式,集中供暖,配备电梯,有
所在区域,开发区,房屋总价,54.8,房屋户型,2室1厅1卫,所在楼层,高楼层 (共11层),建筑面积,60.18O,户型结构,平层,套内面积,60O,建筑类型,板楼,房屋朝向,南 北,建筑结构,框架结构,装修情况,精装,梯户比例,一梯三户,供暖方式,集中供暖,配备电梯,有
所在区域,开发区,房屋总价,138,房屋户型,2室1厅1卫,所在楼层,中楼层 (共32层),建筑面积,86.73O,户型结构,平层,建筑类型,板塔结合,房屋朝向,南,建筑结构,钢混结构,装修情况,精装,梯户比例,四梯十六户,供暖方式,集中供暖,配备电梯,有
所在区域,开发区,房屋总价,200,房屋户型,3室2厅1卫,所在楼层,中楼层 (共14层),建筑面积,145.93O,户型结构,平层,建筑类型,板塔结合,房屋朝向,南,建筑结构,钢混结构,装修情况,精装,梯户比例,一梯两户,供暖方式,集中供暖,配备电梯,有
所在区域,开发区,房屋总价,38,房屋户型,1室1厅1卫,所在楼层,低楼层 (共18层),建筑面积,55.94O,户型结构,平层,建筑类型,塔楼,房屋朝向,西南,建筑结构,钢混结构,装修情况,精装,梯户比例,两梯二十八户,供暖方式,集中供暖,配备电梯,有
所在区域,开发区,房屋总价,181,房屋户型,3室2厅1卫,所在楼层,中楼层 (共4层),建筑面积,116.37O,户型结构,平层,建筑类型,板楼,房屋朝向,南 北,建筑结构,钢混结构,装修情况,精装,梯户比例,一梯一户,供暖方式,集中供暖
所在区域,开发区,房屋总价,158,房屋户型,2室1厅1卫,所在楼层,中楼层 (共34层),建筑面积,87.59O,户型结构,平层,建筑类型,板楼,房屋朝向,南,建筑结构,钢混结构,装修情况,其他,梯户比例,两梯四户,供暖方式,集中供暖,配备电梯,有
所在区域,开发区,房屋总价,100,房屋户型,2室1厅1卫,所在楼层,中楼层 (共6层),建筑面积,84.6O,户型结构,平层,建筑类型,板楼,房屋朝向,南 北,建筑结构,钢混结构,装修情况,精装,梯户比例,一梯四户,供暖方式,集中供暖
所在区域,开发区,房屋总价,118,房屋户型,3室2厅1卫,所在楼层,高楼层 (共6层),建筑面积,114.86O,户型结构,平层,建筑类型,板楼,房屋朝向,南 北,建筑结构,钢混结构,装修情况,简装,梯户比例,一梯两户,供暖方式,集中供暖
所在区域,开发区,房屋总价,143,房屋户型,2室1厅1卫,所在楼层,中楼层 (共44层),建筑面积,98.47O,户型结构,平层,建筑类型,板楼,房屋朝向,南,建筑结构,钢混结构,装修情况,其他,梯户比例,两梯三户,供暖方式,集中供暖,配备电梯,有
所在区域,开发区,房屋总价,140,房屋户型,2室1厅1卫,所在楼层,低楼层 (共32层),建筑面积,90.97O,户型结构,平层,建筑类型,板楼,房屋朝向,南,建筑结构,钢混结构,装修情况,精装,梯户比例,两梯三户,供暖方式,集中供暖,配备电梯,有
所在区域,开发区,房屋总价,98,房屋户型,2室2厅1卫,所在楼层,中楼层 (共31层),建筑面积,89.72O,户型结构,平层,建筑类型,板塔结合,房屋朝向,南 北,建筑结构,钢混结构,装修情况,其他,梯户比例,两梯六户,供暖方式,集中供暖,配备电梯,有
所在区域,开发区,房屋总价,93,房屋户型,2室2厅1卫,所在楼层,低楼层 (共6层),建筑面积,84.01O,户型结构,平层,建筑类型,板楼,房屋朝向,南 北,建筑结构,混合结构,装修情况,精装,梯户比例,一梯两户,供暖方式,集中供暖
所在区域,开发区,房屋总价,85.6,房屋户型,2室1厅1卫,所在楼层,中楼层 (共34层),建筑面积,86.4O,户型结构,平层,建筑类型,板楼,房屋朝向,南 北,建筑结构,钢混结构,装修情况,精装,梯户比例,两梯五户,供暖方式,集中供暖,配备电梯,有
所在区域,开发区,房屋总价,86,房屋户型,1室0厅1卫,所在楼层,高楼层 (共35层),建筑面积,51.95O,户型结构,平层,建筑类型,塔楼,房屋朝向,东,建筑结构,钢混结构,装修情况,精装,梯户比例,四梯十八户,供暖方式,集中供暖,配备电梯,有
所在区域,开发区,房屋总价,138,房屋户型,2室1厅1卫,所在楼层,高楼层 (共30层),建筑面积,108.63O,户型结构,平层,建筑类型,板楼,房屋朝向,西南,建筑结构,钢混结构,装修情况,精装,梯户比例,六梯十六户,供暖方式,集中供暖,配备电梯,有
所在区域,开发区,房屋总价,138,房屋户型,2室1厅1卫,所在楼层,高楼层 (共6层),建筑面积,65.12O,户型结构,平层,建筑类型,板楼,房屋朝向,南 北,建筑结构,混合结构,装修情况,简装,梯户比例,一梯两户,供暖方式,集中供暖
所在区域,开发区,房屋总价,45.5,房屋户型,1室1厅1卫,所在楼层,高楼层 (共6层),建筑面积,54.72O,户型结构,平层,建筑类型,板楼,房屋朝向,南 北,建筑结构,钢混结构,装修情况,简装,梯户比例,一梯三户,供暖方式,集中供暖
所在区域,开发区,房屋总价,27,房屋户型,1室1厅1卫,所在楼层,低楼层 (共16层),建筑面积,45.81O,户型结构,平层,套内面积,32.14O,建筑类型,塔楼,房屋朝向,东南,建筑结构,钢混结构,装修情况,其他,梯户比例,两梯三十七户,供暖方式,集中供暖,配备电梯,有
所在区域,开发区,房屋总价,160,房屋户型,3室1厅1卫,所在楼层,中楼层 (共32层),建筑面积,88.73O,户型结构,平层,建筑类型,板楼,房屋朝向,南 北,建筑结构,框架结构,装修情况,精装,梯户比例,两梯四户,供暖方式,集中供暖,配备电梯,有
所在区域,开发区,房屋总价,152,房屋户型,2室1厅1卫,所在楼层,中楼层 (共24层),建筑面积,120.43O,户型结构,平层,套内面积,120O,建筑类型,板楼,房屋朝向,南,建筑结构,框架结构,装修情况,精装,梯户比例,两梯三户,供暖方式,集中供暖,配备电梯,有
所在区域,开发区,房屋总价,73.5,房屋户型,1室1厅1卫,所在楼层,高楼层 (共33层),建筑面积,45.11O,户型结构,平层,套内面积,40O,建筑类型,板楼,房屋朝向,南,建筑结构,框架结构,装修情况,其他,梯户比例,两梯四户,供暖方式,集中供暖,配备电梯,有
所在区域,开发区,房屋总价,36.9,房屋户型,1室0厅1卫,所在楼层,高楼层 (共33层),建筑面积,43.09O,户型结构,平层,建筑类型,塔楼,房屋朝向,东,建筑结构,钢混结构,装修情况,其他,梯户比例,六梯二十三户,供暖方式,集中供暖,配备电梯,有
所在区域,开发区,房屋总价,53,房屋户型,2室1厅1卫,所在楼层,低楼层 (共11层),建筑面积,70.42O,户型结构,平层,建筑类型,板楼,房屋朝向,南 北,建筑结构,框架结构,装修情况,简装,梯户比例,一梯三户,供暖方式,集中供暖
所在区域,开发区,房屋总价,249,房屋户型,3室1厅2卫,所在楼层,高楼层 (共24层),建筑面积,141.24O,户型结构,平层,建筑类型,板楼,房屋朝向,南 北,建筑结构,钢混结构,装修情况,其他,梯户比例,一梯两户,供暖方式,集中供暖,配备电梯,有
所在区域,开发区,房屋总价,50,房屋户型,1室1厅1卫,所在楼层,低楼层 (共11层),建筑面积,48.5O,户型结构,平层,建筑类型,板楼,房屋朝向,南,建筑结构,钢混结构,装修情况,简装,梯户比例,一梯四户,供暖方式,集中供暖,配备电梯,有
所在区域,开发区,房屋总价,95,房屋户型,2室1厅1卫,所在楼层,高楼层 (共6层),建筑面积,92.29O,户型结构,平层,套内面积,92.29O,建筑类型,板楼,房屋朝向,南 北,建筑结构,钢混结构,装修情况,简装,梯户比例,一梯两户,供暖方式,集中供暖
所在区域,开发区,房屋总价,78,房屋户型,2室2厅1卫,所在楼层,高楼层 (共6层),建筑面积,79.14O,户型结构,平层,建筑类型,板楼,房屋朝向,南 北,建筑结构,钢混结构,装修情况,精装,梯户比例,一梯两户,供暖方式,集中供暖
所在区域,开发区,房屋总价,172,房屋户型,3室1厅2卫,所在楼层,中楼层 (共30层),建筑面积,134.2O,户型结构,平层,建筑类型,板楼,房屋朝向,南 北,建筑结构,框架结构,装修情况,毛坯,梯户比例,两梯六户,供暖方式,集中供暖,配备电梯,有
所在区域,开发区,房屋总价,61.5,房屋户型,1室1厅1卫,所在楼层,中楼层 (共34层),建筑面积,55O,户型结构,平层,建筑类型,板楼,房屋朝向,南,建筑结构,钢混结构,装修情况,精装,梯户比例,两梯三户,供暖方式,集中供暖,配备电梯,有
所在区域,开发区,房屋总价,124,房屋户型,3室1厅1卫,所在楼层,低楼层 (共32层),建筑面积,98.35O,户型结构,平层,建筑类型,板楼,房屋朝向,南 北,建筑结构,钢混结构,装修情况,精装,梯户比例,两梯三户,供暖方式,集中供暖,配备电梯,有
所在区域,开发区,房屋总价,63,房屋户型,2室2厅1卫,所在楼层,高楼层 (共5层),建筑面积,79.8O,户型结构,平层,建筑类型,板楼,房屋朝向,南 北,建筑结构,混合结构,装修情况,精装,梯户比例,一梯两户,供暖方式,集中供暖
所在区域,开发区,房屋总价,62,房屋户型,2室1厅1卫,所在楼层,中楼层 (共7层),建筑面积,87.88O,户型结构,平层,建筑类型,板楼,房屋朝向,南 北,建筑结构,钢混结构,装修情况,简装,梯户比例,一梯两户,供暖方式,集中供暖
所在区域,开发区,房屋总价,97,房屋户型,2室1厅1卫,所在楼层,高楼层 (共24层),建筑面积,95.23O,户型结构,平层,建筑类型,板楼,房屋朝向,南 北,建筑结构,钢混结构,装修情况,精装,梯户比例,两梯五户,供暖方式,集中供暖,配备电梯,有
所在区域,开发区,房屋总价,22,房屋户型,1室1厅1卫,所在楼层,中楼层 (共7层),建筑面积,31.43O,户型结构,平层,建筑类型,板楼,房屋朝向,西北,建筑结构,混合结构,装修情况,简装,梯户比例,一梯五户,供暖方式,集中供暖
所在区域,开发区,房屋总价,79.5,房屋户型,2室1厅1卫,所在楼层,高楼层 (共7层),建筑面积,79.2O,户型结构,平层,套内面积,72.1O,建筑类型,板楼,房屋朝向,南 北,建筑结构,混合结构,装修情况,精装,梯户比例,一梯三户,供暖方式,集中供暖
所在区域,开发区,房屋总价,68,房屋户型,2室2厅1卫,所在楼层,低楼层 (共6层),建筑面积,80.67O,户型结构,平层,建筑类型,板楼,房屋朝向,南 北,建筑结构,砖混结构,装修情况,精装,梯户比例,一梯两户,供暖方式,集中供暖
所在区域,开发区,房屋总价,27,房屋户型,1室0厅1卫,所在楼层,高楼层 (共33层),建筑面积,35.83O,户型结构,平层,建筑类型,塔楼,房屋朝向,东北,建筑结构,钢混结构,装修情况,其他,梯户比例,两梯十三户,供暖方式,集中供暖,配备电梯,有
所在区域,开发区,房屋总价,59.8,房屋户型,2室1厅1卫,所在楼层,中楼层 (共5层),建筑面积,57.45O,户型结构,平层,建筑类型,板楼,房屋朝向,南 北,建筑结构,钢混结构,装修情况,精装,梯户比例,一梯三户,供暖方式,集中供暖
所在区域,开发区,房屋总价,115,房屋户型,2室1厅1卫,所在楼层,中楼层 (共6层),建筑面积,72.28O,户型结构,平层,建筑类型,板楼,房屋朝向,东 南 北,建筑结构,混合结构,装修情况,其他,梯户比例,一梯三户,供暖方式,集中供暖
所在区域,开发区,房屋总价,72,房屋户型,2室1厅1卫,所在楼层,低楼层 (共6层),建筑面积,74.12O,户型结构,平层,建筑类型,板楼,房屋朝向,南 北,建筑结构,砖混结构,装修情况,简装,梯户比例,一梯两户,供暖方式,集中供暖
所在区域,开发区,房屋总价,121.5,房屋户型,2室2厅1卫,所在楼层,高楼层 (共32层),建筑面积,86.35O,户型结构,平层,建筑类型,板塔结合,房屋朝向,南,建筑结构,钢混结构,装修情况,精装,梯户比例,两梯五户,供暖方式,集中供暖,配备电梯,有
所在区域,开发区,房屋总价,124.5,房屋户型,3室2厅2卫,所在楼层,低楼层 (共18层),建筑面积,120.02O,户型结构,平层,建筑类型,板楼,房屋朝向,东 南 北,建筑结构,钢混结构,装修情况,精装,梯户比例,一梯四户,供暖方式,集中供暖,配备电梯,有
所在区域,开发区,房屋总价,130,房屋户型,2室2厅1卫,所在楼层,高楼层 (共11层),建筑面积,87.81O,户型结构,平层,建筑类型,板楼,房屋朝向,南 北,建筑结构,钢混结构,装修情况,毛坯,梯户比例,一梯三户,供暖方式,集中供暖,配备电梯,有
所在区域,开发区,房屋总价,70,房屋户型,2室1厅1卫,所在楼层,低楼层 (共6层),建筑面积,66.62O,户型结构,平层,建筑类型,板楼,房屋朝向,南,建筑结构,混合结构,装修情况,其他,梯户比例,一梯三户,供暖方式,集中供暖
所在区域,开发区,房屋总价,88,房屋户型,2室1厅1卫,所在楼层,低楼层 (共11层),建筑面积,77.65O,户型结构,平层,建筑类型,板楼,房屋朝向,南 北,建筑结构,钢混结构,装修情况,简装,梯户比例,一梯三户,供暖方式,集中供暖,配备电梯,有
所在区域,开发区,房屋总价,101,房屋户型,2室1厅1卫,所在楼层,低楼层 (共7层),建筑面积,92.35O,户型结构,平层,建筑类型,板楼,房屋朝向,南 北,建筑结构,混合结构,装修情况,简装,梯户比例,一梯三户,供暖方式,集中供暖
所在区域,开发区,房屋总价,115,房屋户型,3室2厅2卫,所在楼层,高楼层 (共18层),建筑面积,112.75O,户型结构,平层,建筑类型,板楼,房屋朝向,西 南 北,建筑结构,钢混结构,装修情况,其他,梯户比例,一梯四户,供暖方式,集中供暖,配备电梯,有
所在区域,开发区,房屋总价,136,房屋户型,2室2厅1卫,所在楼层,高楼层 (共35层),建筑面积,80.18O,户型结构,平层,建筑类型,板楼,房屋朝向,南,建筑结构,钢混结构,装修情况,精装,梯户比例,两梯三户,供暖方式,集中供暖,配备电梯,有
所在区域,开发区,房屋总价,135,房屋户型,2室1厅1卫,所在楼层,高楼层 (共30层),建筑面积,81.47O,户型结构,平层,建筑类型,板塔结合,房屋朝向,南 西南,建筑结构,钢混结构,装修情况,精装,梯户比例,三梯九户,供暖方式,集中供暖,配备电梯,有
所在区域,开发区,房屋总价,182,房屋户型,3室1厅1卫,所在楼层,低楼层 (共33层),建筑面积,98.41O,户型结构,平层,建筑类型,板楼,房屋朝向,南 北,建筑结构,框架结构,装修情况,精装,梯户比例,两梯四户,供暖方式,集中供暖,配备电梯,有
所在区域,开发区,房屋总价,59,房屋户型,1室1厅1卫,所在楼层,中楼层 (共19层),建筑面积,39.38O,户型结构,平层,建筑类型,板塔结合,房屋朝向,东,建筑结构,钢混结构,装修情况,其他,梯户比例,四梯二十一户,供暖方式,集中供暖,配备电梯,有
所在区域,开发区,房屋总价,165,房屋户型,3室2厅1卫,所在楼层,高楼层 (共32层),建筑面积,89.99O,户型结构,平层,建筑类型,板楼,房屋朝向,南 北,建筑结构,框架结构,装修情况,精装,梯户比例,两梯四户,供暖方式,集中供暖,配备电梯,有
所在区域,开发区,房屋总价,239,房屋户型,3室2厅2卫,所在楼层,低楼层 (共34层),建筑面积,132.04O,户型结构,平层,建筑类型,板楼,房屋朝向,南 北,建筑结构,钢混结构,装修情况,精装,梯户比例,两梯三户,供暖方式,集中供暖,配备电梯,有
所在区域,开发区,房屋总价,247.5,房屋户型,3室2厅2卫,所在楼层,高楼层 (共34层),建筑面积,140.29O,户型结构,平层,建筑类型,板楼,房屋朝向,南 北,建筑结构,钢混结构,装修情况,精装,梯户比例,两梯三户,供暖方式,集中供暖,配备电梯,有
所在区域,开发区,房屋总价,248,房屋户型,3室2厅2卫,所在楼层,中楼层 (共34层),建筑面积,134O,户型结构,平层,套内面积,110O,建筑类型,板楼,房屋朝向,南 北,建筑结构,钢混结构,装修情况,精装,梯户比例,两梯三户,供暖方式,集中供暖,配备电梯,有
所在区域,开发区,房屋总价,100,房屋户型,2室2厅1卫,所在楼层,中楼层 (共9层),建筑面积,92.56O,户型结构,平层,建筑类型,板楼,房屋朝向,北 南,建筑结构,钢混结构,装修情况,简装,梯户比例,一梯两户,供暖方式,集中供暖,配备电梯,有
所在区域,开发区,房屋总价,128,房屋户型,3室1厅2卫,所在楼层,高楼层 (共25层),建筑面积,117.82O,户型结构,平层,建筑类型,板楼,房屋朝向,南 北,建筑结构,钢混结构,装修情况,精装,梯户比例,两梯五户,供暖方式,集中供暖,配备电梯,有
所在区域,开发区,房屋总价,77.8,房屋户型,2室2厅1卫,所在楼层,中楼层 (共11层),建筑面积,96.87O,户型结构,平层,建筑类型,板楼,房屋朝向,南 北,建筑结构,钢混结构,装修情况,精装,梯户比例,一梯三户,供暖方式,集中供暖,配备电梯,有
所在区域,开发区,房屋总价,35.5,房屋户型,2室1厅1卫,所在楼层,低楼层 (共33层),建筑面积,49.33O,户型结构,平层,建筑类型,塔楼,房屋朝向,东南,建筑结构,钢混结构,装修情况,其他,梯户比例,两梯十八户,供暖方式,集中供暖,配备电梯,有
所在区域,开发区,房屋总价,118,房屋户型,2室2厅1卫,所在楼层,中楼层 (共11层),建筑面积,97.05O,户型结构,平层,建筑类型,板楼,房屋朝向,南 北,建筑结构,钢混结构,装修情况,简装,梯户比例,一梯两户,供暖方式,集中供暖,配备电梯,有
所在区域,开发区,房屋总价,128,房屋户型,2室1厅1卫,所在楼层,高楼层 (共18层),建筑面积,90.01O,户型结构,平层,建筑类型,板楼,房屋朝向,北 南,建筑结构,钢混结构,装修情况,精装,梯户比例,两梯四户,供暖方式,集中供暖,配备电梯,有
所在区域,开发区,房屋总价,62,房屋户型,1室1厅1卫,所在楼层,高楼层 (共27层),建筑面积,55.01O,户型结构,平层,建筑类型,板楼,房屋朝向,南,建筑结构,钢混结构,装修情况,精装,梯户比例,两梯四户,供暖方式,集中供暖,配备电梯,有
所在区域,开发区,房屋总价,103,房屋户型,2室2厅1卫,所在楼层,高楼层 (共10层),建筑面积,88.07O,户型结构,平层,建筑类型,板楼,房屋朝向,南 北,建筑结构,钢结构,装修情况,其他,梯户比例,一梯三户,供暖方式,集中供暖,配备电梯,有
所在区域,开发区,房屋总价,75,房屋户型,2室1厅1卫,所在楼层,中楼层 (共28层),建筑面积,70.71O,户型结构,平层,建筑类型,塔楼,房屋朝向,西南,建筑结构,钢混结构,装修情况,精装,梯户比例,三梯十四户,供暖方式,集中供暖,配备电梯,有,用水类型,商水,用电类型,商电,燃气价格,3.2元/m3
所在区域,开发区,房屋总价,115,房屋户型,3室2厅1卫,所在楼层,低楼层 (共33层),建筑面积,96.93O,户型结构,平层,建筑类型,板楼,房屋朝向,南 北,建筑结构,钢混结构,装修情况,精装,梯户比例,两梯三户,供暖方式,集中供暖,配备电梯,有
所在区域,开发区,房屋总价,258,房屋户型,3室2厅2卫,所在楼层,高楼层 (共34层),建筑面积,135.49O,户型结构,平层,建筑类型,板楼,房屋朝向,南 北,建筑结构,钢混结构,装修情况,精装,梯户比例,两梯三户,供暖方式,集中供暖,配备电梯,有
所在区域,开发区,房屋总价,56.7,房屋户型,1室1厅1卫,所在楼层,高楼层 (共24层),建筑面积,53.9O,户型结构,平层,建筑类型,板楼,房屋朝向,南,建筑结构,钢混结构,装修情况,简装,梯户比例,两梯四户,供暖方式,集中供暖,配备电梯,有
所在区域,开发区,房屋总价,90,房屋户型,1室1厅1卫,所在楼层,高楼层 (共33层),建筑面积,61.11O,户型结构,平层,建筑类型,塔楼,房屋朝向,西,建筑结构,钢混结构,装修情况,精装,梯户比例,四梯十四户,供暖方式,集中供暖,配备电梯,有
所在区域,开发区,房屋总价,123,房屋户型,3室1厅1卫,所在楼层,中楼层 (共7层),建筑面积,104O,户型结构,平层,建筑类型,板楼,房屋朝向,南 北,建筑结构,混合结构,装修情况,精装,梯户比例,一梯三户,供暖方式,集中供暖
所在区域,开发区,房屋总价,56,房屋户型,1室1厅1卫,所在楼层,高楼层 (共7层),建筑面积,61.18O,户型结构,平层,建筑类型,板楼,房屋朝向,南 北,建筑结构,混合结构,装修情况,精装,梯户比例,一梯三户,供暖方式,集中供暖
所在区域,开发区,房屋总价,53,房屋户型,2室1厅1卫,所在楼层,高楼层 (共7层),建筑面积,63.51O,户型结构,平层,建筑类型,板楼,房屋朝向,北 南,建筑结构,混合结构,装修情况,简装,梯户比例,一梯三户,供暖方式,集中供暖
所在区域,开发区,房屋总价,128,房屋户型,2室1厅1卫,所在楼层,低楼层 (共24层),建筑面积,88.6O,户型结构,平层,建筑类型,板楼,房屋朝向,南,建筑结构,钢混结构,装修情况,简装,梯户比例,两梯四户,供暖方式,集中供暖,配备电梯,有
所在区域,开发区,房屋总价,130,房屋户型,3室2厅1卫,所在楼层,高楼层 (共11层),建筑面积,138.85O,户型结构,平层,建筑类型,板楼,房屋朝向,南 北,建筑结构,钢混结构,装修情况,精装,梯户比例,一梯两户,供暖方式,集中供暖,配备电梯,有
所在区域,开发区,房屋总价,34,房屋户型,1室1厅1卫,所在楼层,高楼层 (共7层),建筑面积,46.37O,户型结构,平层,建筑类型,板楼,房屋朝向,南 北,建筑结构,混合结构,装修情况,简装,梯户比例,一梯两户,供暖方式,集中供暖
所在区域,开发区,房屋总价,42.8,房屋户型,1室0厅1卫,所在楼层,低楼层 (共26层),建筑面积,39.84O,户型结构,平层,建筑类型,板楼,房屋朝向,南,建筑结构,框架结构,装修情况,简装,梯户比例,一梯四户,供暖方式,集中供暖,配备电梯,有
所在区域,开发区,房屋总价,86,房屋户型,2室1厅1卫,所在楼层,中楼层 (共17层),建筑面积,71.26O,户型结构,平层,建筑类型,板楼,房屋朝向,东 南 北,建筑结构,框架结构,装修情况,精装,梯户比例,两梯五户,供暖方式,集中供暖,配备电梯,有
所在区域,开发区,房屋总价,98,房屋户型,1室1厅1卫,所在楼层,高楼层 (共34层),建筑面积,57.25O,户型结构,平层,建筑类型,板楼,房屋朝向,南,建筑结构,钢混结构,装修情况,精装,梯户比例,两梯六户,供暖方式,集中供暖,配备电梯,有
所在区域,开发区,房屋总价,188,房屋户型,3室1厅1卫,所在楼层,高楼层 (共33层),建筑面积,98.41O,户型结构,平层,建筑类型,板楼,房屋朝向,南 北,建筑结构,钢混结构,装修情况,其他,梯户比例,两梯四户,供暖方式,集中供暖,配备电梯,有
所在区域,开发区,房屋总价,220,房屋户型,3室2厅1卫,所在楼层,低楼层 (共30层),建筑面积,134.2O,户型结构,平层,建筑类型,板楼,房屋朝向,南 北,建筑结构,框架结构,装修情况,其他,梯户比例,两梯六户,供暖方式,集中供暖,配备电梯,有
所在区域,开发区,房屋总价,51.8,房屋户型,1室0厅1卫,所在楼层,高楼层 (共30层),建筑面积,56.02O,户型结构,平层,建筑类型,板楼,房屋朝向,南,建筑结构,钢混结构,装修情况,精装,梯户比例,三梯十户,供暖方式,集中供暖,配备电梯,有
所在区域,开发区,房屋总价,77.2,房屋户型,2室1厅1卫,所在楼层,中楼层 (共6层),建筑面积,68.91O,户型结构,平层,建筑类型,板楼,房屋朝向,南 北,建筑结构,砖混结构,装修情况,精装,梯户比例,一梯三户,供暖方式,集中供暖
所在区域,开发区,房屋总价,74.5,房屋户型,2室1厅1卫,所在楼层,高楼层 (共18层),建筑面积,75.44O,户型结构,平层,建筑类型,板楼,房屋朝向,南 北,建筑结构,钢混结构,装修情况,简装,梯户比例,两梯四户,供暖方式,集中供暖,配备电梯,有
所在区域,开发区,房屋总价,110,房屋户型,2室2厅1卫,所在楼层,中楼层 (共11层),建筑面积,85.97O,户型结构,平层,建筑类型,板塔结合,房屋朝向,南 北,建筑结构,钢混结构,装修情况,其他,梯户比例,一梯两户,供暖方式,集中供暖,配备电梯,有
所在区域,开发区,房屋总价,78,房屋户型,2室1厅1卫,所在楼层,高楼层 (共33层),建筑面积,80.78O,户型结构,平层,建筑类型,板楼,房屋朝向,南 北,建筑结构,钢混结构,装修情况,毛坯,梯户比例,两梯三户,供暖方式,集中供暖,配备电梯,有
所在区域,开发区,房屋总价,67.8,房屋户型,2室1厅1卫,所在楼层,高楼层 (共11层),建筑面积,81.39O,户型结构,平层,建筑类型,板楼,房屋朝向,南 北,建筑结构,钢混结构,装修情况,其他,梯户比例,一梯四户,供暖方式,集中供暖,配备电梯,有
所在区域,开发区,房屋总价,125,房屋户型,2室2厅1卫,所在楼层,低楼层 (共6层),建筑面积,91.06O,户型结构,平层,建筑类型,板楼,房屋朝向,南 北,建筑结构,钢混结构,装修情况,精装,梯户比例,一梯两户,供暖方式,集中供暖
所在区域,开发区,房屋总价,90,房屋户型,2室1厅1卫,所在楼层,中楼层 (共7层),建筑面积,104.11O,户型结构,平层,建筑类型,板楼,房屋朝向,南 北,建筑结构,钢混结构,装修情况,简装,梯户比例,一梯两户,供暖方式,集中供暖
所在区域,开发区,房屋总价,95,房屋户型,2室2厅1卫,所在楼层,低楼层 (共11层),建筑面积,91.75O,户型结构,平层,建筑类型,板楼,房屋朝向,南 北,建筑结构,钢混结构,装修情况,精装,梯户比例,一梯两户,供暖方式,集中供暖,配备电梯,有
所在区域,开发区,房屋总价,14.2,房屋户型,1室1厅1卫,所在楼层,高楼层 (共18层),建筑面积,24.42O,户型结构,平层,建筑类型,塔楼,房屋朝向,东北,建筑结构,钢混结构,装修情况,简装,梯户比例,两梯二十八户,供暖方式,集中供暖,配备电梯,有
所在区域,开发区,房屋总价,238,房屋户型,3室2厅2卫,所在楼层,中楼层 (共34层),建筑面积,140.67O,户型结构,平层,建筑类型,板楼,房屋朝向,南 北,建筑结构,钢混结构,装修情况,精装,梯户比例,两梯四户,供暖方式,集中供暖,配备电梯,有
所在区域,开发区,房屋总价,83,房屋户型,1室1厅1卫,所在楼层,中楼层 (共26层),建筑面积,56.65O,户型结构,平层,建筑类型,塔楼,房屋朝向,北,建筑结构,钢混结构,装修情况,精装,梯户比例,七梯二十五户,供暖方式,集中供暖,配备电梯,有
所在区域,开发区,房屋总价,101,房屋户型,2室1厅1卫,所在楼层,低楼层 (共18层),建筑面积,90.41O,户型结构,平层,建筑类型,板楼,房屋朝向,南 北,建筑结构,钢混结构,装修情况,简装,梯户比例,一梯两户,供暖方式,集中供暖,配备电梯,有
所在区域,开发区,房屋总价,199,房屋户型,2室2厅1卫,所在楼层,中楼层 (共24层),建筑面积,120.43O,户型结构,平层,建筑类型,板楼,房屋朝向,南,建筑结构,框架结构,装修情况,精装,梯户比例,两梯三户,供暖方式,集中供暖,配备电梯,有
所在区域,开发区,房屋总价,90,房屋户型,2室1厅1卫,所在楼层,高楼层 (共32层),建筑面积,82.89O,户型结构,平层,建筑类型,塔楼,房屋朝向,南,建筑结构,钢混结构,装修情况,精装,梯户比例,两梯六户,供暖方式,集中供暖,配备电梯,有
所在区域,开发区,房屋总价,200,房屋户型,3室1厅2卫,所在楼层,低楼层 (共21层),建筑面积,146.95O,户型结构,平层,建筑类型,板楼,房屋朝向,东南,建筑结构,钢混结构,装修情况,精装,梯户比例,一梯三户,供暖方式,集中供暖,配备电梯,有
所在区域,开发区,房屋总价,47,房屋户型,2室1厅1卫,所在楼层,高楼层 (共6层),建筑面积,62.56O,户型结构,平层,套内面积,60O,建筑类型,板楼,房屋朝向,南 北,建筑结构,砖混结构,装修情况,简装,梯户比例,一梯三户,供暖方式,集中供暖
所在区域,开发区,房屋总价,99.2,房屋户型,2室1厅1卫,所在楼层,低楼层 (共33层),建筑面积,81.45O,户型结构,平层,建筑类型,板楼,房屋朝向,南 北,建筑结构,框架结构,装修情况,精装,梯户比例,一梯三户,供暖方式,集中供暖,配备电梯,有
所在区域,开发区,房屋总价,58,房屋户型,2室1厅1卫,所在楼层,高楼层 (共7层),建筑面积,67.07O,户型结构,平层,建筑类型,板楼,房屋朝向,南 北,建筑结构,钢混结构,装修情况,简装,梯户比例,一梯两户,供暖方式,集中供暖
所在区域,开发区,房屋总价,127,房屋户型,3室1厅1卫,所在楼层,高楼层 (共32层),建筑面积,103.9O,户型结构,平层,建筑类型,板楼,房屋朝向,南 北,建筑结构,钢混结构,装修情况,精装,梯户比例,两梯三户,供暖方式,集中供暖,配备电梯,有
所在区域,开发区,房屋总价,78,房屋户型,2室1厅1卫,所在楼层,中楼层 (共18层),建筑面积,65.12O,户型结构,平层,建筑类型,板塔结合,房屋朝向,南,建筑结构,钢混结构,装修情况,精装,梯户比例,两梯三户,供暖方式,集中供暖,配备电梯,有
所在区域,开发区,房屋总价,61,房屋户型,1室0厅1卫,所在楼层,高楼层 (共33层),建筑面积,37.08O,户型结构,平层,建筑类型,板塔结合,房屋朝向,东,建筑结构,钢混结构,装修情况,精装,梯户比例,四梯九户,供暖方式,集中供暖,配备电梯,有
所在区域,开发区,房屋总价,36.5,房屋户型,1室1厅1卫,所在楼层,中楼层 (共7层),建筑面积,47.98O,户型结构,平层,建筑类型,塔楼,房屋朝向,东 西,建筑结构,钢混结构,装修情况,简装,梯户比例,两梯二十户,供暖方式,集中供暖,配备电梯,有
所在区域,开发区,房屋总价,162,房屋户型,3室1厅1卫,所在楼层,低楼层 (共32层),建筑面积,90.52O,户型结构,平层,建筑类型,板楼,房屋朝向,南 北,建筑结构,钢混结构,装修情况,精装,梯户比例,两梯四户,供暖方式,集中供暖,配备电梯,有
所在区域,开发区,房屋总价,28,房屋户型,1室0厅1卫,所在楼层,高楼层 (共25层),建筑面积,25.99O,户型结构,平层,建筑类型,板楼,房屋朝向,西,建筑结构,钢混结构,装修情况,精装,梯户比例,六梯四十户,供暖方式,集中供暖,配备电梯,有
所在区域,开发区,房屋总价,36,房屋户型,1室1厅1卫,所在楼层,中楼层 (共7层),建筑面积,46.86O,户型结构,平层,建筑类型,板楼,房屋朝向,南,建筑结构,钢混结构,装修情况,简装,梯户比例,一梯三户,供暖方式,集中供暖
所在区域,开发区,房屋总价,82,房屋户型,2室1厅1卫,所在楼层,低楼层 (共5层),建筑面积,84.26O,户型结构,平层,建筑类型,板楼,房屋朝向,南 北,建筑结构,钢混结构,装修情况,简装,梯户比例,一梯两户,供暖方式,集中供暖
所在区域,开发区,房屋总价,92,房屋户型,2室1厅1卫,所在楼层,低楼层 (共32层),建筑面积,77.89O,户型结构,平层,建筑类型,板楼,房屋朝向,南,建筑结构,钢混结构,装修情况,精装,梯户比例,两梯三户,供暖方式,集中供暖,配备电梯,有
所在区域,开发区,房屋总价,62,房屋户型,2室1厅1卫,所在楼层,中楼层 (共7层),建筑面积,74O,户型结构,平层,套内面积,70O,建筑类型,板楼,房屋朝向,南 北,建筑结构,钢混结构,装修情况,简装,梯户比例,一梯三户,供暖方式,集中供暖
所在区域,开发区,房屋总价,75,房屋户型,1室1厅1卫,所在楼层,中楼层 (共21层),建筑面积,54.59O,户型结构,平层,套内面积,43.22O,建筑类型,板楼,房屋朝向,南,建筑结构,框架结构,装修情况,精装,梯户比例,一梯四户,供暖方式,集中供暖,配备电梯,有
所在区域,开发区,房屋总价,105,房屋户型,2室1厅1卫,所在楼层,高楼层 (共11层),建筑面积,75.58O,户型结构,平层,建筑类型,板楼,房屋朝向,南,建筑结构,钢混结构,装修情况,精装,梯户比例,一梯三户,供暖方式,集中供暖,配备电梯,有
所在区域,开发区,房屋总价,116.7,房屋户型,3室1厅1卫,所在楼层,低楼层 (共6层),建筑面积,105.51O,户型结构,平层,建筑类型,板楼,房屋朝向,南 北,建筑结构,钢混结构,装修情况,其他,梯户比例,一梯两户,供暖方式,集中供暖,配备电梯,有
所在区域,开发区,房屋总价,150,房屋户型,2室1厅1卫,所在楼层,高楼层 (共34层),建筑面积,87.93O,户型结构,平层,建筑类型,板楼,房屋朝向,南,建筑结构,钢混结构,装修情况,精装,梯户比例,两梯三户,供暖方式,集中供暖,配备电梯,有
所在区域,开发区,房屋总价,60,房屋户型,2室1厅1卫,所在楼层,高楼层 (共27层),建筑面积,64.67O,户型结构,平层,套内面积,64.67O,建筑类型,塔楼,房屋朝向,南,建筑结构,钢混结构,装修情况,简装,梯户比例,四梯十户,供暖方式,集中供暖,配备电梯,有
所在区域,开发区,房屋总价,44,房屋户型,2室1厅1卫,所在楼层,中楼层 (共6层),建筑面积,58O,户型结构,平层,建筑类型,板楼,房屋朝向,南 北,建筑结构,砖混结构,装修情况,简装,梯户比例,一梯三户,供暖方式,集中供暖
所在区域,开发区,房屋总价,125,房屋户型,2室1厅1卫,所在楼层,中楼层 (共34层),建筑面积,88.36O,户型结构,平层,建筑类型,板楼,房屋朝向,南,建筑结构,钢混结构,装修情况,毛坯,梯户比例,两梯三户,供暖方式,集中供暖,配备电梯,有
所在区域,开发区,房屋总价,80.5,房屋户型,2室1厅1卫,所在楼层,中楼层 (共25层),建筑面积,76.45O,户型结构,平层,建筑类型,板楼,房屋朝向,南 北,建筑结构,框架结构,装修情况,精装,梯户比例,一梯四户,供暖方式,集中供暖,配备电梯,有
所在区域,开发区,房屋总价,86,房屋户型,3室2厅2卫,所在楼层,低楼层 (共9层),建筑面积,118.42O,户型结构,平层,建筑类型,板楼,房屋朝向,南 北,建筑结构,钢混结构,装修情况,精装,梯户比例,一梯两户,供暖方式,集中供暖,配备电梯,有
所在区域,开发区,房屋总价,119.7,房屋户型,2室2厅1卫,所在楼层,低楼层 (共34层),建筑面积,83.75O,户型结构,平层,建筑类型,板楼,房屋朝向,南 北,建筑结构,钢混结构,装修情况,精装,梯户比例,两梯三户,供暖方式,集中供暖,配备电梯,有
所在区域,开发区,房屋总价,82.8,房屋户型,2室1厅1卫,所在楼层,高楼层 (共32层),建筑面积,61.51O,户型结构,平层,建筑类型,板楼,房屋朝向,南,建筑结构,钢混结构,装修情况,精装,梯户比例,三梯七户,供暖方式,自供暖,配备电梯,有
所在区域,开发区,房屋总价,135,房屋户型,2室2厅1卫,所在楼层,低楼层 (共11层),建筑面积,87.67O,户型结构,平层,建筑类型,板楼,房屋朝向,南 北,建筑结构,钢混结构,装修情况,精装,梯户比例,一梯三户,供暖方式,集中供暖,配备电梯,有
所在区域,开发区,房屋总价,81.8,房屋户型,3室1厅1卫,所在楼层,低楼层 (共6层),建筑面积,90.96O,户型结构,平层,建筑类型,板楼,房屋朝向,南 北,建筑结构,钢混结构,装修情况,精装,梯户比例,一梯两户,供暖方式,集中供暖
所在区域,开发区,房屋总价,61.5,房屋户型,2室1厅1卫,所在楼层,低楼层 (共18层),建筑面积,59.57O,户型结构,平层,建筑类型,板楼,房屋朝向,南,建筑结构,钢混结构,装修情况,其他,梯户比例,一梯三户,供暖方式,集中供暖,配备电梯,有
所在区域,开发区,房屋总价,89.8,房屋户型,2室2厅1卫,所在楼层,中楼层 (共9层),建筑面积,92.34O,户型结构,平层,套内面积,75.24O,建筑类型,板楼,房屋朝向,南 北,建筑结构,钢混结构,装修情况,精装,梯户比例,一梯两户,供暖方式,集中供暖,配备电梯,有
所在区域,开发区,房屋总价,39.5,房屋户型,1室1厅1卫,所在楼层,低楼层 (共19层),建筑面积,45.61O,户型结构,平层,建筑类型,板楼,房屋朝向,南,建筑结构,钢混结构,装修情况,精装,梯户比例,两梯四户,供暖方式,集中供暖,配备电梯,有
所在区域,开发区,房屋总价,149,房屋户型,3室1厅1卫,所在楼层,低楼层 (共24层),建筑面积,120.43O,户型结构,平层,建筑类型,板楼,房屋朝向,南,建筑结构,框架结构,装修情况,简装,梯户比例,两梯三户,供暖方式,集中供暖,配备电梯,有
所在区域,开发区,房屋总价,102,房屋户型,2室1厅1卫,所在楼层,高楼层 (共32层),建筑面积,88.87O,户型结构,平层,建筑类型,板楼,房屋朝向,南 北,建筑结构,框架结构,装修情况,精装,梯户比例,两梯四户,供暖方式,集中供暖,配备电梯,有
所在区域,开发区,房屋总价,75,房屋户型,3室1厅1卫,所在楼层,高楼层 (共6层),建筑面积,103.65O,户型结构,平层,建筑类型,板楼,房屋朝向,南 北,建筑结构,钢混结构,装修情况,简装,梯户比例,一梯两户,供暖方式,集中供暖
所在区域,开发区,房屋总价,115,房屋户型,3室1厅1卫,所在楼层,中楼层 (共18层),建筑面积,105.13O,户型结构,平层,建筑类型,板楼,房屋朝向,南 北,建筑结构,钢混结构,装修情况,简装,梯户比例,一梯两户,供暖方式,集中供暖,配备电梯,有
所在区域,开发区,房屋总价,115,房屋户型,2室2厅1卫,所在楼层,中楼层 (共11层),建筑面积,103.09O,户型结构,平层,建筑类型,板楼,房屋朝向,南 北,建筑结构,钢混结构,装修情况,简装,梯户比例,一梯两户,供暖方式,集中供暖,配备电梯,有
所在区域,开发区,房屋总价,56.5,房屋户型,1室1厅1卫,所在楼层,低楼层 (共11层),建筑面积,53.62O,户型结构,平层,建筑类型,板楼,房屋朝向,南,建筑结构,钢混结构,装修情况,精装,梯户比例,一梯六户,供暖方式,集中供暖,配备电梯,有
所在区域,开发区,房屋总价,115,房屋户型,2室2厅1卫,所在楼层,低楼层 (共28层),建筑面积,84.41O,户型结构,平层,建筑类型,板塔结合,房屋朝向,南 北,建筑结构,框架结构,装修情况,精装,梯户比例,一梯三户,供暖方式,集中供暖,配备电梯,有
所在区域,开发区,房屋总价,280,房屋户型,3室2厅2卫,所在楼层,高楼层 (共27层),建筑面积,127.07O,户型结构,平层,建筑类型,板楼,房屋朝向,南 北,建筑结构,钢混结构,装修情况,精装,梯户比例,两梯两户,供暖方式,集中供暖,配备电梯,有
所在区域,开发区,房屋总价,245,房屋户型,3室2厅2卫,所在楼层,中楼层 (共34层),建筑面积,140.29O,户型结构,平层,建筑类型,板楼,房屋朝向,南 北,建筑结构,钢混结构,装修情况,精装,梯户比例,两梯三户,供暖方式,集中供暖,配备电梯,有
所在区域,开发区,房屋总价,260,房屋户型,2室1厅1卫,所在楼层,中楼层 (共6层),建筑面积,87.38O,户型结构,平层,建筑类型,板楼,房屋朝向,南 北,建筑结构,混合结构,装修情况,简装,梯户比例,一梯两户,供暖方式,集中供暖
所在区域,开发区,房屋总价,90,房屋户型,2室1厅1卫,所在楼层,中楼层 (共5层),建筑面积,93.02O,户型结构,平层,建筑类型,板楼,房屋朝向,南 北,建筑结构,钢混结构,装修情况,精装,梯户比例,一梯两户,供暖方式,集中供暖
所在区域,开发区,房屋总价,57,房屋户型,2室1厅1卫,所在楼层,中楼层 (共5层),建筑面积,54.6O,户型结构,平层,套内面积,54.6O,建筑类型,板楼,房屋朝向,南,建筑结构,钢混结构,装修情况,精装,梯户比例,一梯三户,供暖方式,集中供暖
所在区域,开发区,房屋总价,64,房屋户型,2室2厅1卫,所在楼层,中楼层 (共22层),建筑面积,72.27O,户型结构,平层,建筑类型,板楼,房屋朝向,南 北,建筑结构,钢混结构,装修情况,简装,梯户比例,两梯六户,供暖方式,集中供暖,配备电梯,有
所在区域,开发区,房屋总价,39.8,房屋户型,1室1厅1卫,所在楼层,中楼层 (共32层),建筑面积,47.65O,户型结构,平层,建筑类型,塔楼,房屋朝向,西,建筑结构,钢混结构,装修情况,精装,梯户比例,六梯二十三户,供暖方式,集中供暖,配备电梯,有
所在区域,开发区,房屋总价,57.8,房屋户型,1室1厅1卫,所在楼层,高楼层 (共29层),建筑面积,48.96O,户型结构,平层,建筑类型,板塔结合,房屋朝向,东北,建筑结构,钢混结构,装修情况,其他,梯户比例,两梯六户,供暖方式,集中供暖,配备电梯,有
所在区域,开发区,房屋总价,45,房屋户型,2室1厅1卫,所在楼层,高楼层 (共6层),建筑面积,51.5O,户型结构,平层,建筑类型,板楼,房屋朝向,南,建筑结构,砖混结构,装修情况,简装,梯户比例,一梯三户,供暖方式,集中供暖
所在区域,开发区,房屋总价,85,房屋户型,2室2厅1卫,所在楼层,低楼层 (共10层),建筑面积,104.06O,户型结构,平层,建筑类型,板楼,房屋朝向,南 北,建筑结构,钢混结构,装修情况,毛坯,梯户比例,一梯三户,供暖方式,集中供暖
所在区域,开发区,房屋总价,122,房屋户型,2室1厅1卫,所在楼层,高楼层 (共32层),建筑面积,86.05O,户型结构,平层,套内面积,86.05O,建筑类型,板楼,房屋朝向,南,建筑结构,钢混结构,装修情况,简装,梯户比例,两梯四户,供暖方式,集中供暖,配备电梯,有
所在区域,开发区,房屋总价,57.5,房屋户型,1室1厅1卫,所在楼层,中楼层 (共33层),建筑面积,32.61O,户型结构,平层,建筑类型,板塔结合,房屋朝向,东,建筑结构,钢混结构,装修情况,其他,梯户比例,四梯十二户,供暖方式,集中供暖,配备电梯,有
所在区域,开发区,房屋总价,32.5,房屋户型,1室0厅1卫,所在楼层,高楼层 (共19层),建筑面积,35.97O,户型结构,平层,建筑类型,板楼,房屋朝向,北,建筑结构,钢混结构,装修情况,其他,梯户比例,两梯四户,供暖方式,集中供暖,配备电梯,有
所在区域,开发区,房屋总价,51,房屋户型,2室1厅1卫,所在楼层,高楼层 (共7层),建筑面积,76.45O,户型结构,平层,建筑类型,板楼,房屋朝向,南,建筑结构,钢混结构,装修情况,其他,梯户比例,两梯三户,供暖方式,集中供暖,配备电梯,有
所在区域,开发区,房屋总价,30.6,房屋户型,2室1厅1卫,所在楼层,中楼层 (共18层),建筑面积,56O,户型结构,平层,建筑类型,塔楼,房屋朝向,东 南,建筑结构,钢混结构,装修情况,其他,梯户比例,两梯二十八户,供暖方式,集中供暖,配备电梯,有
所在区域,开发区,房屋总价,49.8,房屋户型,2室1厅1卫,所在楼层,低楼层 (共7层),建筑面积,72.94O,户型结构,平层,套内面积,72.94O,建筑类型,板塔结合,房屋朝向,南 北,建筑结构,混合结构,装修情况,简装,梯户比例,一梯三户,供暖方式,集中供暖
所在区域,开发区,房屋总价,136,房屋户型,2室1厅1卫,所在楼层,低楼层 (共23层),建筑面积,95.96O,户型结构,平层,建筑类型,板楼,房屋朝向,南 北,建筑结构,钢混结构,装修情况,精装,梯户比例,一梯两户,供暖方式,集中供暖,配备电梯,有
所在区域,开发区,房屋总价,165,房屋户型,2室1厅1卫,所在楼层,高楼层 (共33层),建筑面积,107.04O,户型结构,平层,建筑类型,板楼,房屋朝向,南 北,建筑结构,钢混结构,装修情况,简装,梯户比例,两梯四户,供暖方式,集中供暖,配备电梯,有
所在区域,开发区,房屋总价,105,房屋户型,2室2厅1卫,所在楼层,低楼层 (共27层),建筑面积,80.85O,户型结构,平层,建筑类型,板楼,房屋朝向,南 北,建筑结构,钢混结构,装修情况,其他,梯户比例,两梯四户,供暖方式,集中供暖,配备电梯,有
所在区域,开发区,房屋总价,175,房屋户型,2室2厅1卫,所在楼层,高楼层 (共24层),建筑面积,84.61O,户型结构,平层,建筑类型,板楼,房屋朝向,南,建筑结构,钢混结构,装修情况,精装,梯户比例,两梯三户,供暖方式,集中供暖,配备电梯,有
所在区域,开发区,房屋总价,380,房屋户型,4室2厅2卫,所在楼层,高楼层 (共33层),建筑面积,145.87O,户型结构,平层,建筑类型,板楼,房屋朝向,南 北,建筑结构,钢混结构,装修情况,其他,梯户比例,两梯两户,供暖方式,集中供暖,配备电梯,有
所在区域,开发区,房屋总价,105,房屋户型,3室2厅1卫,所在楼层,高楼层 (共29层),建筑面积,97.7O,户型结构,平层,建筑类型,板楼,房屋朝向,南 北,建筑结构,钢混结构,装修情况,毛坯,梯户比例,一梯三户,供暖方式,集中供暖,配备电梯,有
所在区域,开发区,房屋总价,108,房屋户型,2室2厅1卫,所在楼层,高楼层 (共32层),建筑面积,88.87O,户型结构,平层,套内面积,63.89O,建筑类型,板楼,房屋朝向,南 北,建筑结构,框架结构,装修情况,其他,梯户比例,两梯四户,供暖方式,集中供暖,配备电梯,有
所在区域,开发区,房屋总价,163,房屋户型,4室1厅2卫,所在楼层,中楼层 (共11层),建筑面积,139.78O,户型结构,平层,建筑类型,板楼,房屋朝向,南 北,建筑结构,钢混结构,装修情况,精装,梯户比例,一梯两户,供暖方式,集中供暖,配备电梯,有
所在区域,开发区,房屋总价,19,房屋户型,1室0厅1卫,所在楼层,中楼层 (共25层),建筑面积,24O,户型结构,平层,建筑类型,板楼,房屋朝向,东,建筑结构,钢混结构,装修情况,精装,梯户比例,六梯四十户,供暖方式,集中供暖,配备电梯,有
所在区域,开发区,房屋总价,64.5,房屋户型,2室1厅1卫,所在楼层,低楼层 (共16层),建筑面积,65.37O,户型结构,平层,建筑类型,板楼,房屋朝向,南 北,建筑结构,钢混结构,装修情况,精装,梯户比例,一梯三户,供暖方式,集中供暖,配备电梯,有
所在区域,开发区,房屋总价,52,房屋户型,1室1厅1卫,所在楼层,中楼层 (共16层),建筑面积,41.19O,户型结构,平层,建筑类型,板塔结合,房屋朝向,东,建筑结构,钢混结构,装修情况,简装,梯户比例,一梯十户,供暖方式,集中供暖,配备电梯,有
所在区域,开发区,房屋总价,126,房屋户型,2室1厅1卫,所在楼层,低楼层 (共34层),建筑面积,85.89O,户型结构,平层,建筑类型,板楼,房屋朝向,南,建筑结构,钢混结构,装修情况,精装,梯户比例,两梯四户,供暖方式,集中供暖,配备电梯,有
所在区域,开发区,房屋总价,65,房屋户型,2室1厅1卫,所在楼层,中楼层 (共4层),建筑面积,58.02O,户型结构,平层,建筑类型,板楼,房屋朝向,南,建筑结构,钢混结构,装修情况,精装,梯户比例,一梯三户,供暖方式,集中供暖
所在区域,开发区,房屋总价,72,房屋户型,1室1厅1卫,所在楼层,高楼层 (共30层),建筑面积,73.01O,户型结构,平层,建筑类型,板楼,房屋朝向,南,建筑结构,钢混结构,装修情况,简装,梯户比例,六梯十六户,供暖方式,集中供暖,配备电梯,有
所在区域,开发区,房屋总价,110,房屋户型,2室1厅1卫,所在楼层,低楼层 (共11层),建筑面积,76.46O,户型结构,平层,建筑类型,板楼,房屋朝向,南,建筑结构,钢混结构,装修情况,精装,梯户比例,一梯三户,供暖方式,集中供暖,配备电梯,有
所在区域,开发区,房屋总价,40,房屋户型,2室1厅1卫,所在楼层,高楼层 (共6层),建筑面积,49.88O,户型结构,平层,套内面积,49O,建筑类型,板楼,房屋朝向,南,建筑结构,钢混结构,装修情况,简装,梯户比例,一梯三户,供暖方式,集中供暖
所在区域,开发区,房屋总价,60,房屋户型,2室1厅1卫,所在楼层,中楼层 (共11层),建筑面积,68.9O,户型结构,平层,建筑类型,板楼,房屋朝向,南,建筑结构,框架结构,装修情况,精装,梯户比例,一梯三户,供暖方式,集中供暖
所在区域,开发区,房屋总价,55,房屋户型,2室1厅1卫,所在楼层,低楼层 (共30层),建筑面积,61.51O,户型结构,平层,建筑类型,板楼,房屋朝向,北,建筑结构,钢混结构,装修情况,精装,梯户比例,三梯十户,供暖方式,集中供暖,配备电梯,有
所在区域,开发区,房屋总价,52,房屋户型,2室1厅1卫,所在楼层,高楼层 (共11层),建筑面积,60.16O,户型结构,平层,建筑类型,板楼,房屋朝向,南 北,建筑结构,框架结构,装修情况,简装,梯户比例,一梯三户,供暖方式,集中供暖,配备电梯,有
所在区域,开发区,房屋总价,70.4,房屋户型,1室1厅1卫,所在楼层,高楼层 (共32层),建筑面积,44.7O,户型结构,平层,建筑类型,板楼,房屋朝向,南,建筑结构,钢混结构,装修情况,精装,梯户比例,两梯五户,供暖方式,集中供暖,配备电梯,有
所在区域,开发区,房屋总价,142,房屋户型,2室2厅1卫,所在楼层,中楼层 (共5层),建筑面积,88.89O,户型结构,平层,建筑类型,板楼,房屋朝向,南 北,建筑结构,钢混结构,装修情况,其他,梯户比例,一梯两户,供暖方式,集中供暖
所在区域,开发区,房屋总价,217,房屋户型,3室2厅2卫,所在楼层,中楼层 (共5层),建筑面积,132.72O,户型结构,平层,建筑类型,板楼,房屋朝向,南 北,建筑结构,钢混结构,装修情况,精装,梯户比例,一梯两户,供暖方式,集中供暖
所在区域,开发区,房屋总价,98,房屋户型,2室1厅1卫,所在楼层,中楼层 (共7层),建筑面积,98.76O,户型结构,平层,建筑类型,板楼,房屋朝向,南 北,建筑结构,钢混结构,装修情况,简装,梯户比例,一梯两户,供暖方式,集中供暖
所在区域,开发区,房屋总价,93,房屋户型,2室1厅1卫,所在楼层,中楼层 (共7层),建筑面积,100.82O,户型结构,平层,建筑类型,板楼,房屋朝向,南 北,建筑结构,混合结构,装修情况,精装,梯户比例,一梯三户,供暖方式,集中供暖
所在区域,开发区,房屋总价,150,房屋户型,2室1厅1卫,所在楼层,高楼层 (共34层),建筑面积,88.68O,户型结构,平层,建筑类型,板楼,房屋朝向,南,建筑结构,钢混结构,装修情况,其他,梯户比例,两梯四户,供暖方式,集中供暖,配备电梯,有
所在区域,开发区,房屋总价,40.5,房屋户型,1室1厅1卫,所在楼层,中楼层 (共33层),建筑面积,48O,户型结构,平层,建筑类型,塔楼,房屋朝向,西,建筑结构,钢混结构,装修情况,精装,梯户比例,六梯四十户,供暖方式,集中供暖,配备电梯,有
所在区域,开发区,房屋总价,40.5,房屋户型,1室1厅1卫,所在楼层,中楼层 (共33层),建筑面积,47.39O,户型结构,平层,建筑类型,塔楼,房屋朝向,东,建筑结构,钢混结构,装修情况,其他,梯户比例,六梯四十户,供暖方式,集中供暖,配备电梯,有
所在区域,开发区,房屋总价,53,房屋户型,2室2厅1卫,所在楼层,中楼层 (共7层),建筑面积,68.1O,户型结构,平层,建筑类型,板楼,房屋朝向,南 北,建筑结构,混合结构,装修情况,简装,梯户比例,一梯三户,供暖方式,集中供暖
所在区域,开发区,房屋总价,60,房屋户型,1室1厅1卫,所在楼层,高楼层 (共27层),建筑面积,62.34O,户型结构,平层,建筑类型,板楼,房屋朝向,西南,建筑结构,钢混结构,装修情况,毛坯,梯户比例,四梯十四户,供暖方式,集中供暖,配备电梯,有
所在区域,开发区,房屋总价,295,房屋户型,4室1厅3卫,所在楼层,中楼层 (共33层),建筑面积,183O,户型结构,平层,建筑类型,板楼,房屋朝向,南 北,建筑结构,钢混结构,装修情况,毛坯,梯户比例,两梯两户,供暖方式,集中供暖,配备电梯,有
所在区域,开发区,房屋总价,54.6,房屋户型,1室1厅1卫,所在楼层,低楼层 (共16层),建筑面积,41.03O,户型结构,平层,套内面积,38O,建筑类型,板塔结合,房屋朝向,东,建筑结构,钢混结构,装修情况,精装,梯户比例,一梯十户,供暖方式,集中供暖,配备电梯,有
所在区域,开发区,房屋总价,84.5,房屋户型,3室2厅1卫,所在楼层,高楼层 (共7层),建筑面积,110.39O,户型结构,平层,建筑类型,板楼,房屋朝向,北 南,建筑结构,混合结构,装修情况,其他,梯户比例,一梯两户,供暖方式,集中供暖
所在区域,开发区,房屋总价,83.8,房屋户型,2室1厅1卫,所在楼层,低楼层 (共11层),建筑面积,80.84O,户型结构,平层,建筑类型,板楼,房屋朝向,南 北,建筑结构,钢混结构,装修情况,精装,梯户比例,一梯两户,供暖方式,集中供暖,配备电梯,有
所在区域,开发区,房屋总价,72,房屋户型,1室1厅1卫,所在楼层,中楼层 (共30层),建筑面积,72.64O,户型结构,平层,建筑类型,板楼,房屋朝向,南,建筑结构,钢混结构,装修情况,精装,梯户比例,六梯十六户,供暖方式,集中供暖,配备电梯,有
所在区域,开发区,房屋总价,230,房屋户型,2室1厅1卫,所在楼层,低楼层 (共21层),建筑面积,123.47O,户型结构,平层,套内面积,123.47O,建筑类型,板楼,房屋朝向,南 北,建筑结构,钢混结构,装修情况,精装,梯户比例,一梯三户,供暖方式,集中供暖,配备电梯,有
所在区域,开发区,房屋总价,90,房屋户型,2室1厅1卫,所在楼层,中楼层 (共22层),建筑面积,93.09O,户型结构,平层,套内面积,90O,建筑类型,塔楼,房屋朝向,南 北,建筑结构,钢混结构,装修情况,简装,梯户比例,两梯六户,供暖方式,集中供暖,配备电梯,有
所在区域,开发区,房屋总价,167,房屋户型,3室2厅2卫,所在楼层,低楼层 (共6层),建筑面积,183.3O,户型结构,平层,建筑类型,板楼,房屋朝向,南 北,建筑结构,钢混结构,装修情况,毛坯,梯户比例,一梯两户,供暖方式,集中供暖
所在区域,开发区,房屋总价,105,房屋户型,2室1厅1卫,所在楼层,中楼层 (共28层),建筑面积,89O,户型结构,平层,建筑类型,板楼,房屋朝向,南 北,建筑结构,框架结构,装修情况,其他,梯户比例,两梯三户,供暖方式,集中供暖,配备电梯,有
所在区域,开发区,房屋总价,46,房屋户型,2室1厅1卫,所在楼层,中楼层 (共7层),建筑面积,57.52O,户型结构,平层,套内面积,57.52O,建筑类型,板楼,房屋朝向,东,建筑结构,钢混结构,装修情况,其他,梯户比例,一梯三户,供暖方式,集中供暖
所在区域,开发区,房屋总价,50.5,房屋户型,1室1厅1卫,所在楼层,中楼层 (共18层),建筑面积,48.59O,户型结构,平层,建筑类型,板楼,房屋朝向,南,建筑结构,钢混结构,装修情况,简装,梯户比例,一梯四户,供暖方式,集中供暖,配备电梯,有
所在区域,开发区,房屋总价,81,房屋户型,2室1厅1卫,所在楼层,中楼层 (共6层),建筑面积,90.43O,户型结构,平层,建筑类型,板楼,房屋朝向,东 西,建筑结构,砖混结构,装修情况,精装,梯户比例,一梯两户,供暖方式,集中供暖
所在区域,开发区,房屋总价,75,房屋户型,2室1厅1卫,所在楼层,高楼层 (共6层),建筑面积,68.89O,户型结构,平层,建筑类型,板楼,房屋朝向,南 北,建筑结构,混合结构,装修情况,其他,梯户比例,一梯三户,供暖方式,集中供暖
所在区域,开发区,房屋总价,61.5,房屋户型,2室1厅1卫,所在楼层,高楼层 (共34层),建筑面积,76.3O,户型结构,平层,建筑类型,板楼,房屋朝向,南,建筑结构,钢混结构,装修情况,精装,梯户比例,两梯五户,供暖方式,集中供暖,配备电梯,有
所在区域,开发区,房屋总价,192,房屋户型,4室2厅1卫,所在楼层,低楼层 (共12层),建筑面积,148.3O,户型结构,平层,建筑类型,板楼,房屋朝向,南 北,建筑结构,框架结构,装修情况,简装,梯户比例,一梯两户,供暖方式,集中供暖,配备电梯,有
所在区域,开发区,房屋总价,182,房屋户型,2室1厅1卫,所在楼层,高楼层 (共34层),建筑面积,101.3O,户型结构,平层,建筑类型,板楼,房屋朝向,南 北,建筑结构,钢混结构,装修情况,精装,梯户比例,两梯三户,供暖方式,集中供暖,配备电梯,有
所在区域,开发区,房屋总价,73,房屋户型,2室2厅1卫,所在楼层,中楼层 (共7层),建筑面积,89.03O,户型结构,平层,建筑类型,板楼,房屋朝向,东 西,建筑结构,混合结构,装修情况,精装,梯户比例,一梯两户,供暖方式,集中供暖
所在区域,开发区,房屋总价,50.5,房屋户型,1室1厅1卫,所在楼层,高楼层 (共23层),建筑面积,54.61O,户型结构,平层,建筑类型,板楼,房屋朝向,南,建筑结构,钢混结构,装修情况,精装,梯户比例,两梯五户,供暖方式,集中供暖,配备电梯,有
所在区域,开发区,房屋总价,82,房屋户型,3室1厅1卫,所在楼层,高楼层 (共8层),建筑面积,92.95O,户型结构,平层,建筑类型,板楼,房屋朝向,南,建筑结构,钢混结构,装修情况,简装,梯户比例,一梯六户,供暖方式,集中供暖,配备电梯,有
所在区域,开发区,房屋总价,43,房屋户型,2室1厅1卫,所在楼层,高楼层 (共6层),建筑面积,67.43O,户型结构,平层,建筑类型,暂无数据,房屋朝向,东 西,建筑结构,未知结构,装修情况,简装,梯户比例,两梯三户,配备电梯,有
所在区域,开发区,房屋总价,75,房屋户型,2室2厅1卫,所在楼层,中楼层 (共6层),建筑面积,77.65O,户型结构,平层,套内面积,76O,建筑类型,板楼,房屋朝向,南 北,建筑结构,砖混结构,装修情况,简装,梯户比例,一梯两户,供暖方式,集中供暖
所在区域,开发区,房屋总价,56.5,房屋户型,3室1厅1卫,所在楼层,高楼层 (共5层),建筑面积,80.49O,户型结构,平层,建筑类型,板楼,房屋朝向,南 北,建筑结构,砖混结构,装修情况,其他,梯户比例,一梯三户,供暖方式,集中供暖
所在区域,开发区,房屋总价,129,房屋户型,2室1厅1卫,所在楼层,低楼层 (共11层),建筑面积,88.07O,户型结构,平层,建筑类型,板楼,房屋朝向,南 北,建筑结构,钢混结构,装修情况,精装,梯户比例,一梯三户,供暖方式,集中供暖,配备电梯,有
所在区域,开发区,房屋总价,39.5,房屋户型,1室1厅1卫,所在楼层,中楼层 (共22层),建筑面积,53.9O,户型结构,平层,套内面积,50O,建筑类型,塔楼,房屋朝向,南,建筑结构,钢混结构,装修情况,其他,梯户比例,四梯十二户,供暖方式,集中供暖,配备电梯,有
所在区域,开发区,房屋总价,50,房屋户型,2室1厅1卫,所在楼层,中楼层 (共12层),建筑面积,68.72O,户型结构,平层,建筑类型,板楼,房屋朝向,南,建筑结构,框架结构,装修情况,精装,梯户比例,一梯三户,供暖方式,集中供暖,配备电梯,有
所在区域,开发区,房屋总价,98.5,房屋户型,2室1厅1卫,所在楼层,高楼层 (共33层),建筑面积,83.64O,户型结构,平层,建筑类型,板楼,房屋朝向,南 北,建筑结构,钢混结构,装修情况,简装,梯户比例,两梯三户,供暖方式,集中供暖,配备电梯,有
所在区域,开发区,房屋总价,66.5,房屋户型,2室2厅1卫,所在楼层,低楼层 (共6层),建筑面积,66.45O,户型结构,平层,建筑类型,板楼,房屋朝向,南 北,建筑结构,混合结构,装修情况,精装,梯户比例,一梯三户,供暖方式,集中供暖
