所在区域,高新园区,房屋总价,106,房屋户型,2室1厅1卫,所在楼层,高楼层 (共7层),建筑面积,78.5O,户型结构,平层,建筑类型,板楼,房屋朝向,南 北,建筑结构,混合结构,装修情况,简装,梯户比例,一梯三户,供暖方式,集中供暖
所在区域,高新园区,房屋总价,188,房屋户型,2室1厅1卫,所在楼层,低楼层 (共24层),建筑面积,84.24O,户型结构,平层,建筑类型,板楼,房屋朝向,南,建筑结构,钢混结构,装修情况,其他,梯户比例,两梯四户,供暖方式,集中供暖,配备电梯,有
所在区域,高新园区,房屋总价,369,房屋户型,2室1厅1卫,所在楼层,高楼层 (共32层),建筑面积,94.45O,户型结构,平层,建筑类型,板楼,房屋朝向,南 北,建筑结构,钢混结构,装修情况,精装,梯户比例,一梯三户,供暖方式,集中供暖,配备电梯,有
所在区域,高新园区,房屋总价,349,房屋户型,3室1厅1卫,所在楼层,中楼层 (共28层),建筑面积,112.52O,户型结构,暂无数据,套内面积,83.77O,建筑类型,板楼,房屋朝向,南 北,建筑结构,钢混结构,装修情况,精装,梯户比例,两梯三户,供暖方式,集中供暖,配备电梯,有
所在区域,高新园区,房屋总价,85,房屋户型,1室0厅1卫,所在楼层,高楼层 (共32层),建筑面积,36.2O,户型结构,平层,建筑类型,板楼,房屋朝向,南,建筑结构,钢混结构,装修情况,精装,梯户比例,两梯五户,供暖方式,集中供暖,配备电梯,有
所在区域,高新园区,房屋总价,629,房屋户型,4室2厅2卫,所在楼层,低楼层 (共26层),建筑面积,191.47O,户型结构,平层,建筑类型,板楼,房屋朝向,南 北,建筑结构,钢混结构,装修情况,精装,梯户比例,两梯三户,供暖方式,集中供暖,配备电梯,有
所在区域,高新园区,房屋总价,219,房屋户型,2室2厅1卫,所在楼层,低楼层 (共32层),建筑面积,82.96O,户型结构,平层,建筑类型,板楼,房屋朝向,南,建筑结构,钢混结构,装修情况,精装,梯户比例,两梯六户,供暖方式,集中供暖,配备电梯,有
所在区域,高新园区,房屋总价,70,房屋户型,1室0厅1卫,所在楼层,高楼层 (共30层),建筑面积,35.04O,户型结构,平层,建筑类型,板楼,房屋朝向,南,建筑结构,钢混结构,装修情况,精装,梯户比例,五梯二十五户,供暖方式,集中供暖,配备电梯,有
所在区域,高新园区,房屋总价,289,房屋户型,2室2厅1卫,所在楼层,高楼层 (共37层),建筑面积,99.11O,户型结构,平层,套内面积,75.53O,建筑类型,板楼,房屋朝向,南 北,建筑结构,钢混结构,装修情况,精装,梯户比例,两梯两户,供暖方式,集中供暖,配备电梯,有
所在区域,高新园区,房屋总价,125,房屋户型,1室1厅1卫,所在楼层,中楼层 (共24层),建筑面积,50.26O,户型结构,平层,建筑类型,板塔结合,房屋朝向,北,建筑结构,钢混结构,装修情况,简装,梯户比例,三梯十一户,供暖方式,集中供暖,配备电梯,有
所在区域,高新园区,房屋总价,159,房屋户型,2室1厅1卫,所在楼层,高楼层 (共6层),建筑面积,66.22O,户型结构,平层,建筑类型,板楼,房屋朝向,南 北,建筑结构,砖混结构,装修情况,精装,梯户比例,一梯两户,供暖方式,集中供暖
所在区域,高新园区,房屋总价,144,房屋户型,2室1厅1卫,所在楼层,低楼层 (共29层),建筑面积,64.85O,户型结构,平层,建筑类型,塔楼,房屋朝向,西南,建筑结构,钢混结构,装修情况,精装,梯户比例,三梯八户,供暖方式,集中供暖,配备电梯,有
所在区域,高新园区,房屋总价,253,房屋户型,2室1厅1卫,所在楼层,中楼层 (共25层),建筑面积,72.68O,户型结构,平层,建筑类型,板塔结合,房屋朝向,南 北,建筑结构,钢混结构,装修情况,简装,梯户比例,一梯三户,供暖方式,集中供暖,配备电梯,有
所在区域,高新园区,房屋总价,298,房屋户型,2室1厅1卫,所在楼层,高楼层 (共12层),建筑面积,99.38O,户型结构,平层,建筑类型,板楼,房屋朝向,南 北,建筑结构,钢混结构,装修情况,毛坯,梯户比例,一梯两户,供暖方式,集中供暖,配备电梯,有
所在区域,高新园区,房屋总价,82,房屋户型,1室0厅1卫,所在楼层,中楼层 (共28层),建筑面积,52.72O,户型结构,平层,建筑类型,板塔结合,房屋朝向,东北,建筑结构,钢混结构,装修情况,简装,梯户比例,两梯十五户,供暖方式,集中供暖,配备电梯,有
所在区域,高新园区,房屋总价,185,房屋户型,2室1厅1卫,所在楼层,中楼层 (共27层),建筑面积,73.66O,户型结构,平层,建筑类型,塔楼,房屋朝向,东 南,建筑结构,钢混结构,装修情况,精装,梯户比例,三梯十户,供暖方式,集中供暖,配备电梯,有
所在区域,高新园区,房屋总价,95.6,房屋户型,1室1厅1卫,所在楼层,中楼层 (共28层),建筑面积,56.29O,户型结构,平层,建筑类型,板塔结合,房屋朝向,西南,建筑结构,钢混结构,装修情况,精装,梯户比例,五梯二十户,供暖方式,集中供暖,配备电梯,有
所在区域,高新园区,房屋总价,98,房屋户型,1室0厅1卫,所在楼层,高楼层 (共11层),建筑面积,42O,户型结构,平层,建筑类型,板楼,房屋朝向,北,建筑结构,钢混结构,装修情况,其他,梯户比例,四梯十九户,供暖方式,集中供暖,配备电梯,有
所在区域,高新园区,房屋总价,264,房屋户型,2室2厅1卫,所在楼层,高楼层 (共32层),建筑面积,77.88O,户型结构,平层,建筑类型,板楼,房屋朝向,南,建筑结构,钢混结构,装修情况,其他,梯户比例,一梯三户,供暖方式,集中供暖,配备电梯,有
所在区域,高新园区,房屋总价,212,房屋户型,2室2厅1卫,所在楼层,低楼层 (共18层),建筑面积,93.35O,户型结构,平层,建筑类型,板楼,房屋朝向,南 北,建筑结构,钢混结构,装修情况,精装,梯户比例,一梯三户,供暖方式,集中供暖,配备电梯,有
所在区域,高新园区,房屋总价,215,房屋户型,2室1厅1卫,所在楼层,低楼层 (共30层),建筑面积,68.57O,户型结构,平层,建筑类型,板楼,房屋朝向,南,建筑结构,钢混结构,装修情况,精装,梯户比例,两梯四户,供暖方式,集中供暖,配备电梯,有
所在区域,高新园区,房屋总价,280,房屋户型,3室1厅1卫,所在楼层,中楼层 (共6层),建筑面积,124.92O,户型结构,平层,建筑类型,板楼,房屋朝向,南 北,建筑结构,钢混结构,装修情况,精装,梯户比例,一梯两户,供暖方式,集中供暖
所在区域,高新园区,房屋总价,208,房屋户型,1室1厅1卫,所在楼层,中楼层 (共31层),建筑面积,65.59O,户型结构,平层,建筑类型,板楼,房屋朝向,南,建筑结构,钢混结构,装修情况,其他,梯户比例,一梯四户,供暖方式,集中供暖,配备电梯,有
所在区域,高新园区,房屋总价,350,房屋户型,3室2厅2卫,所在楼层,低楼层 (共10层),建筑面积,129.89O,户型结构,平层,建筑类型,板楼,房屋朝向,南 北,建筑结构,钢混结构,装修情况,精装,梯户比例,一梯两户,供暖方式,集中供暖,配备电梯,有
所在区域,高新园区,房屋总价,380,房屋户型,3室2厅1卫,所在楼层,高楼层 (共17层),建筑面积,109.85O,户型结构,平层,建筑类型,板楼,房屋朝向,南 北,建筑结构,钢混结构,装修情况,精装,梯户比例,两梯两户,供暖方式,集中供暖,配备电梯,有
所在区域,高新园区,房屋总价,269.6,房屋户型,3室2厅1卫,所在楼层,低楼层 (共24层),建筑面积,126O,户型结构,平层,建筑类型,板楼,房屋朝向,南 北,建筑结构,钢混结构,装修情况,其他,梯户比例,两梯四户,供暖方式,集中供暖,配备电梯,有
所在区域,高新园区,房屋总价,320,房屋户型,3室2厅1卫,所在楼层,高楼层 (共27层),建筑面积,145.5O,户型结构,平层,建筑类型,板楼,房屋朝向,南 北,建筑结构,钢混结构,装修情况,简装,梯户比例,两梯三户,供暖方式,集中供暖,配备电梯,有
所在区域,高新园区,房屋总价,92,房屋户型,1室1厅1卫,所在楼层,低楼层 (共6层),建筑面积,44.93O,户型结构,平层,建筑类型,板楼,房屋朝向,西,建筑结构,钢混结构,装修情况,精装,梯户比例,一梯六十二户,供暖方式,集中供暖
所在区域,高新园区,房屋总价,139,房屋户型,2室1厅1卫,所在楼层,中楼层 (共5层),建筑面积,52.47O,户型结构,平层,建筑类型,板楼,房屋朝向,西南,建筑结构,钢混结构,装修情况,精装,梯户比例,一梯三户,供暖方式,集中供暖
所在区域,高新园区,房屋总价,205,房屋户型,2室1厅1卫,所在楼层,中楼层 (共30层),建筑面积,68.69O,户型结构,平层,建筑类型,板楼,房屋朝向,南,建筑结构,钢混结构,装修情况,其他,梯户比例,两梯四户,供暖方式,集中供暖,配备电梯,有
所在区域,高新园区,房屋总价,223,房屋户型,2室1厅1卫,所在楼层,高楼层 (共22层),建筑面积,83.45O,户型结构,平层,建筑类型,板楼,房屋朝向,南 北,建筑结构,钢混结构,装修情况,精装,梯户比例,一梯两户,供暖方式,集中供暖,配备电梯,有
所在区域,高新园区,房屋总价,99,房屋户型,1室0厅1卫,所在楼层,中楼层 (共24层),建筑面积,46.96O,户型结构,平层,建筑类型,板楼,房屋朝向,南,建筑结构,钢混结构,装修情况,精装,梯户比例,四梯二十五户,供暖方式,集中供暖,配备电梯,有
所在区域,高新园区,房屋总价,438,房屋户型,4室2厅2卫,所在楼层,高楼层 (共18层),建筑面积,131.99O,户型结构,平层,建筑类型,板楼,房屋朝向,南 北,建筑结构,钢混结构,装修情况,精装,梯户比例,两梯三户,供暖方式,集中供暖,配备电梯,有
所在区域,高新园区,房屋总价,135,房屋户型,1室1厅1卫,所在楼层,高楼层 (共31层),建筑面积,46.87O,户型结构,平层,建筑类型,塔楼,房屋朝向,东北,建筑结构,钢混结构,装修情况,精装,梯户比例,五梯二十一户,供暖方式,集中供暖,配备电梯,有
所在区域,高新园区,房屋总价,299,房屋户型,2室1厅1卫,所在楼层,中楼层 (共34层),建筑面积,85.56O,户型结构,平层,建筑类型,板楼,房屋朝向,南,建筑结构,钢混结构,装修情况,毛坯,梯户比例,一梯两户,供暖方式,集中供暖,配备电梯,有
所在区域,高新园区,房屋总价,111,房屋户型,1室1厅1卫,所在楼层,高楼层 (共32层),建筑面积,34.49O,户型结构,平层,建筑类型,板塔结合,房屋朝向,北,建筑结构,钢混结构,装修情况,精装,梯户比例,两梯六户,供暖方式,集中供暖,配备电梯,有
所在区域,高新园区,房屋总价,87,房屋户型,2室1厅1卫,所在楼层,高楼层 (共6层),建筑面积,58.32O,户型结构,平层,建筑类型,板楼,房屋朝向,南 北,建筑结构,混合结构,装修情况,其他,梯户比例,一梯三户,供暖方式,集中供暖
所在区域,高新园区,房屋总价,340,房屋户型,3室2厅1卫,所在楼层,低楼层 (共25层),建筑面积,112.99O,户型结构,平层,建筑类型,板塔结合,房屋朝向,南 北,建筑结构,钢混结构,装修情况,精装,梯户比例,一梯三户,供暖方式,集中供暖,配备电梯,有
所在区域,高新园区,房屋总价,140,房屋户型,1室1厅1卫,所在楼层,中楼层 (共31层),建筑面积,46.86O,户型结构,平层,建筑类型,板楼,房屋朝向,东北,建筑结构,钢混结构,装修情况,精装,梯户比例,五梯二十一户,供暖方式,集中供暖,配备电梯,有
所在区域,高新园区,房屋总价,127,房屋户型,2室1厅1卫,所在楼层,低楼层 (共6层),建筑面积,76.02O,户型结构,平层,建筑类型,板楼,房屋朝向,南 北,建筑结构,混合结构,装修情况,简装,梯户比例,一梯四户,供暖方式,集中供暖
所在区域,高新园区,房屋总价,305,房屋户型,2室2厅1卫,所在楼层,中楼层 (共34层),建筑面积,85.55O,户型结构,平层,建筑类型,板楼,房屋朝向,南 北,建筑结构,钢混结构,装修情况,其他,梯户比例,两梯两户,供暖方式,集中供暖,配备电梯,有
所在区域,高新园区,房屋总价,358,房屋户型,2室1厅1卫,所在楼层,低楼层 (共32层),建筑面积,88.16O,户型结构,平层,建筑类型,板塔结合,房屋朝向,南 北,建筑结构,钢混结构,装修情况,其他,梯户比例,两梯两户,供暖方式,集中供暖,配备电梯,有
所在区域,高新园区,房屋总价,89,房屋户型,1室1厅1卫,所在楼层,高楼层 (共31层),建筑面积,37O,户型结构,平层,建筑类型,板塔结合,房屋朝向,西,建筑结构,钢混结构,装修情况,其他,梯户比例,三梯二十三户,供暖方式,集中供暖,配备电梯,有
所在区域,高新园区,房屋总价,209,房屋户型,1室1厅1卫,所在楼层,低楼层 (共26层),建筑面积,66.61O,户型结构,平层,建筑类型,板楼,房屋朝向,南,建筑结构,钢混结构,装修情况,精装,梯户比例,两梯四户,供暖方式,集中供暖,配备电梯,有
所在区域,高新园区,房屋总价,420,房屋户型,3室2厅1卫,所在楼层,高楼层 (共5层),建筑面积,155.14O,户型结构,平层,建筑类型,板楼,房屋朝向,南 北,建筑结构,钢混结构,装修情况,其他,梯户比例,一梯两户,供暖方式,集中供暖,配备电梯,有
所在区域,高新园区,房屋总价,96,房屋户型,2室1厅1卫,所在楼层,高楼层 (共7层),建筑面积,68.43O,户型结构,平层,建筑类型,板楼,房屋朝向,南 北,建筑结构,钢混结构,装修情况,精装,梯户比例,一梯三户,供暖方式,集中供暖
所在区域,高新园区,房屋总价,260,房屋户型,2室1厅1卫,所在楼层,高楼层 (共32层),建筑面积,83.91O,户型结构,平层,建筑类型,板楼,房屋朝向,西南 西 西北,建筑结构,钢混结构,装修情况,精装,梯户比例,两梯六户,供暖方式,集中供暖,配备电梯,有
所在区域,高新园区,房屋总价,223,房屋户型,2室1厅1卫,所在楼层,高楼层 (共25层),建筑面积,65.99O,户型结构,平层,建筑类型,板楼,房屋朝向,南,建筑结构,钢混结构,装修情况,精装,梯户比例,一梯三户,供暖方式,集中供暖,配备电梯,有
所在区域,高新园区,房屋总价,148,房屋户型,2室1厅1卫,所在楼层,中楼层 (共7层),建筑面积,56.97O,户型结构,平层,建筑类型,板楼,房屋朝向,南 北,建筑结构,混合结构,装修情况,简装,梯户比例,一梯六户,供暖方式,集中供暖
所在区域,高新园区,房屋总价,228,房屋户型,2室1厅1卫,所在楼层,中楼层 (共31层),建筑面积,71.53O,户型结构,平层,建筑类型,板楼,房屋朝向,南 北,建筑结构,钢混结构,装修情况,其他,梯户比例,一梯三户,供暖方式,集中供暖,配备电梯,有
所在区域,高新园区,房屋总价,325,房屋户型,2室1厅1卫,所在楼层,中楼层 (共32层),建筑面积,93.4O,户型结构,平层,建筑类型,板楼,房屋朝向,南 北,建筑结构,钢混结构,装修情况,精装,梯户比例,一梯三户,供暖方式,集中供暖,配备电梯,有
所在区域,高新园区,房屋总价,175,房屋户型,2室1厅1卫,所在楼层,中楼层 (共7层),建筑面积,73.69O,户型结构,平层,建筑类型,板楼,房屋朝向,北 南,建筑结构,砖混结构,装修情况,简装,梯户比例,一梯两户,供暖方式,集中供暖
所在区域,高新园区,房屋总价,171,房屋户型,2室1厅1卫,所在楼层,中楼层 (共31层),建筑面积,62.68O,户型结构,平层,建筑类型,板楼,房屋朝向,南,建筑结构,钢混结构,装修情况,精装,梯户比例,两梯五户,供暖方式,集中供暖,配备电梯,有
所在区域,高新园区,房屋总价,199,房屋户型,2室1厅1卫,所在楼层,低楼层 (共30层),建筑面积,71.21O,户型结构,平层,建筑类型,板楼,房屋朝向,南 北,建筑结构,钢混结构,装修情况,精装,梯户比例,两梯三户,供暖方式,集中供暖,配备电梯,有
所在区域,高新园区,房屋总价,195,房屋户型,2室1厅1卫,所在楼层,低楼层 (共11层),建筑面积,90.38O,户型结构,平层,建筑类型,板楼,房屋朝向,南 北,建筑结构,钢混结构,装修情况,精装,梯户比例,一梯两户,供暖方式,集中供暖,配备电梯,有
所在区域,高新园区,房屋总价,96,房屋户型,1室0厅1卫,所在楼层,高楼层 (共16层),建筑面积,45.44O,户型结构,平层,建筑类型,塔楼,房屋朝向,东南 北,建筑结构,钢混结构,装修情况,精装,梯户比例,三梯二十户,供暖方式,集中供暖,配备电梯,有
所在区域,高新园区,房屋总价,390,房屋户型,3室2厅1卫,所在楼层,中楼层 (共27层),建筑面积,146.83O,户型结构,平层,建筑类型,板楼,房屋朝向,南 北,建筑结构,钢混结构,装修情况,精装,梯户比例,两梯三户,供暖方式,集中供暖,配备电梯,有
所在区域,高新园区,房屋总价,220,房屋户型,2室1厅1卫,所在楼层,中楼层 (共31层),建筑面积,78.21O,户型结构,平层,建筑类型,板塔结合,房屋朝向,南,建筑结构,钢混结构,装修情况,精装,梯户比例,五梯二十一户,供暖方式,集中供暖,配备电梯,有
所在区域,高新园区,房屋总价,248,房屋户型,2室1厅1卫,所在楼层,低楼层 (共29层),建筑面积,92.07O,户型结构,平层,建筑类型,板楼,房屋朝向,南 北,建筑结构,钢混结构,装修情况,精装,梯户比例,两梯三户,供暖方式,集中供暖,配备电梯,有
所在区域,高新园区,房屋总价,155,房屋户型,2室1厅1卫,所在楼层,低楼层 (共29层),建筑面积,64.85O,户型结构,平层,建筑类型,塔楼,房屋朝向,东南,建筑结构,钢混结构,装修情况,精装,梯户比例,三梯八户,供暖方式,集中供暖,配备电梯,有
所在区域,高新园区,房屋总价,210,房屋户型,2室1厅1卫,所在楼层,高楼层 (共31层),建筑面积,66.48O,户型结构,平层,建筑类型,板楼,房屋朝向,南 北,建筑结构,钢混结构,装修情况,精装,梯户比例,一梯四户,供暖方式,集中供暖,配备电梯,有
所在区域,高新园区,房屋总价,135,房屋户型,2室1厅1卫,所在楼层,高楼层 (共6层),建筑面积,50.4O,户型结构,平层,建筑类型,板楼,房屋朝向,南 北,建筑结构,钢混结构,装修情况,精装,梯户比例,一梯三户,供暖方式,集中供暖
所在区域,高新园区,房屋总价,142,房屋户型,2室2厅1卫,所在楼层,中楼层 (共7层),建筑面积,76.26O,户型结构,平层,建筑类型,板楼,房屋朝向,南 北,建筑结构,砖混结构,装修情况,精装,梯户比例,一梯两户,供暖方式,集中供暖
所在区域,高新园区,房屋总价,68,房屋户型,2室0厅1卫,所在楼层,低楼层 (共5层),建筑面积,38.76O,户型结构,平层,建筑类型,板楼,房屋朝向,南,建筑结构,砖混结构,装修情况,简装,梯户比例,一梯四户,供暖方式,集中供暖
所在区域,高新园区,房屋总价,410,房屋户型,4室1厅2卫,所在楼层,高楼层 (共24层),建筑面积,152.82O,户型结构,平层,建筑类型,板塔结合,房屋朝向,东南 北,建筑结构,钢混结构,装修情况,精装,梯户比例,两梯四户,供暖方式,集中供暖,配备电梯,有
所在区域,高新园区,房屋总价,170,房屋户型,2室1厅1卫,所在楼层,高楼层 (共7层),建筑面积,68.23O,户型结构,平层,建筑类型,板楼,房屋朝向,南 北,建筑结构,钢混结构,装修情况,其他,梯户比例,一梯两户,供暖方式,集中供暖
所在区域,高新园区,房屋总价,313,房屋户型,2室1厅1卫,所在楼层,低楼层 (共32层),建筑面积,88.16O,户型结构,平层,建筑类型,板塔结合,房屋朝向,南 北,建筑结构,钢混结构,装修情况,精装,梯户比例,两梯两户,供暖方式,集中供暖,配备电梯,有
所在区域,高新园区,房屋总价,59.5,房屋户型,2室0厅1卫,所在楼层,高楼层 (共5层),建筑面积,41.29O,户型结构,平层,建筑类型,板楼,房屋朝向,南 北,建筑结构,混合结构,装修情况,简装,梯户比例,一梯四户,供暖方式,集中供暖
所在区域,高新园区,房屋总价,169,房屋户型,2室1厅1卫,所在楼层,中楼层 (共23层),建筑面积,72.63O,户型结构,平层,建筑类型,塔楼,房屋朝向,东,建筑结构,钢混结构,装修情况,精装,梯户比例,四梯十二户,供暖方式,集中供暖,配备电梯,有
所在区域,高新园区,房屋总价,117,房屋户型,2室1厅1卫,所在楼层,高楼层 (共16层),建筑面积,50.75O,户型结构,平层,建筑类型,塔楼,房屋朝向,西,建筑结构,钢混结构,装修情况,精装,梯户比例,两梯八户,供暖方式,集中供暖,配备电梯,有
所在区域,高新园区,房屋总价,173,房屋户型,3室1厅1卫,所在楼层,高楼层 (共13层),建筑面积,75.1O,户型结构,平层,建筑类型,板楼,房屋朝向,南 北,建筑结构,钢混结构,装修情况,精装,梯户比例,一梯两户,供暖方式,集中供暖,配备电梯,有
所在区域,高新园区,房屋总价,105,房屋户型,1室0厅1卫,所在楼层,高楼层 (共30层),建筑面积,32.08O,户型结构,平层,建筑类型,塔楼,房屋朝向,东北,建筑结构,钢混结构,装修情况,精装,梯户比例,三梯六户,供暖方式,集中供暖,配备电梯,有
所在区域,高新园区,房屋总价,264,房屋户型,2室2厅1卫,所在楼层,中楼层 (共33层),建筑面积,88.32O,户型结构,平层,建筑类型,板楼,房屋朝向,南 北,建筑结构,钢混结构,装修情况,精装,梯户比例,两梯四户,供暖方式,集中供暖,配备电梯,有
所在区域,高新园区,房屋总价,330,房屋户型,3室1厅1卫,所在楼层,中楼层 (共25层),建筑面积,113.79O,户型结构,平层,建筑类型,板楼,房屋朝向,南 北,建筑结构,钢混结构,装修情况,毛坯,梯户比例,两梯四户,供暖方式,集中供暖,配备电梯,有
所在区域,高新园区,房屋总价,262,房屋户型,3室1厅2卫,所在楼层,中楼层 (共24层),建筑面积,126.1O,户型结构,平层,建筑类型,板楼,房屋朝向,南 北,建筑结构,钢混结构,装修情况,精装,梯户比例,两梯四户,供暖方式,集中供暖,配备电梯,有
所在区域,高新园区,房屋总价,260,房屋户型,3室1厅1卫,所在楼层,低楼层 (共33层),建筑面积,113.77O,户型结构,平层,建筑类型,板楼,房屋朝向,南 北,建筑结构,钢混结构,装修情况,简装,梯户比例,两梯四户,供暖方式,集中供暖,配备电梯,有
所在区域,高新园区,房屋总价,318,房屋户型,3室2厅2卫,所在楼层,低楼层 (共11层),建筑面积,132.83O,户型结构,平层,建筑类型,板楼,房屋朝向,南 北,建筑结构,钢混结构,装修情况,精装,梯户比例,一梯两户,供暖方式,集中供暖,配备电梯,有
所在区域,高新园区,房屋总价,70,房屋户型,2室1厅1卫,所在楼层,中楼层 (共7层),建筑面积,46.92O,户型结构,平层,建筑类型,板楼,房屋朝向,南,建筑结构,钢混结构,装修情况,简装,梯户比例,一梯三户,供暖方式,集中供暖
所在区域,高新园区,房屋总价,605,房屋户型,3室2厅2卫,所在楼层,高楼层 (共23层),建筑面积,229.16O,户型结构,平层,建筑类型,板楼,房屋朝向,南 西 北,建筑结构,钢混结构,装修情况,毛坯,梯户比例,两梯三户,供暖方式,集中供暖,配备电梯,有
所在区域,高新园区,房屋总价,93,房屋户型,2室1厅1卫,所在楼层,高楼层 (共6层),建筑面积,61.53O,户型结构,平层,建筑类型,板楼,房屋朝向,南 北,建筑结构,砖混结构,装修情况,简装,梯户比例,一梯三户,供暖方式,集中供暖
所在区域,高新园区,房屋总价,380,房屋户型,3室2厅2卫,所在楼层,低楼层 (共6层),建筑面积,142.87O,户型结构,平层,建筑类型,板楼,房屋朝向,南 北,建筑结构,钢混结构,装修情况,精装,梯户比例,一梯两户,供暖方式,集中供暖
所在区域,高新园区,房屋总价,350,房屋户型,3室1厅1卫,所在楼层,低楼层 (共30层),建筑面积,125.93O,户型结构,平层,建筑类型,板塔结合,房屋朝向,南 北,建筑结构,钢混结构,装修情况,毛坯,梯户比例,两梯三户,供暖方式,集中供暖,配备电梯,有
所在区域,高新园区,房屋总价,350,房屋户型,2室2厅1卫,所在楼层,高楼层 (共37层),建筑面积,99.11O,户型结构,平层,建筑类型,板楼,房屋朝向,南 北,建筑结构,钢混结构,装修情况,精装,梯户比例,两梯两户,供暖方式,集中供暖,配备电梯,有
所在区域,高新园区,房屋总价,145,房屋户型,2室1厅1卫,所在楼层,高楼层 (共15层),建筑面积,65.35O,户型结构,平层,建筑类型,板楼,房屋朝向,东南,建筑结构,钢混结构,装修情况,简装,梯户比例,两梯六户,供暖方式,集中供暖,配备电梯,有
所在区域,高新园区,房屋总价,232,房屋户型,2室1厅1卫,所在楼层,高楼层 (共33层),建筑面积,77.06O,户型结构,平层,建筑类型,板楼,房屋朝向,南,建筑结构,钢混结构,装修情况,简装,梯户比例,两梯四户,供暖方式,集中供暖,配备电梯,有
所在区域,高新园区,房屋总价,115,房屋户型,1室1厅1卫,所在楼层,中楼层 (共33层),建筑面积,47.83O,户型结构,平层,套内面积,37O,建筑类型,板楼,房屋朝向,南,建筑结构,钢混结构,装修情况,其他,梯户比例,三梯八户,供暖方式,集中供暖,配备电梯,有
所在区域,高新园区,房屋总价,430,房屋户型,3室2厅2卫,所在楼层,中楼层 (共35层),建筑面积,151.27O,户型结构,平层,建筑类型,板塔结合,房屋朝向,南 北,建筑结构,钢混结构,装修情况,精装,梯户比例,两梯两户,供暖方式,集中供暖,配备电梯,有
所在区域,高新园区,房屋总价,91.5,房屋户型,1室1厅1卫,所在楼层,高楼层 (共32层),建筑面积,36.2O,户型结构,平层,建筑类型,板楼,房屋朝向,南,建筑结构,钢混结构,装修情况,其他,梯户比例,两梯五户,供暖方式,集中供暖,配备电梯,有
所在区域,高新园区,房屋总价,458,房屋户型,3室2厅2卫,所在楼层,中楼层 (共33层),建筑面积,161.03O,户型结构,平层,建筑类型,板楼,房屋朝向,南 北,建筑结构,钢混结构,装修情况,精装,梯户比例,两梯三户,供暖方式,集中供暖,配备电梯,有
所在区域,高新园区,房屋总价,265,房屋户型,2室2厅1卫,所在楼层,中楼层 (共6层),建筑面积,90.9O,户型结构,平层,建筑类型,板楼,房屋朝向,南 北,建筑结构,钢混结构,装修情况,其他,梯户比例,一梯两户,供暖方式,集中供暖
所在区域,高新园区,房屋总价,165,房屋户型,2室1厅1卫,所在楼层,中楼层 (共12层),建筑面积,84.29O,户型结构,暂无数据,建筑类型,板楼,房屋朝向,南 北,建筑结构,钢混结构,装修情况,简装,梯户比例,一梯两户,供暖方式,集中供暖,配备电梯,有
所在区域,高新园区,房屋总价,100,房屋户型,2室1厅1卫,所在楼层,高楼层 (共6层),建筑面积,50.97O,户型结构,平层,建筑类型,板楼,房屋朝向,南,建筑结构,混合结构,装修情况,简装,梯户比例,一梯三户,供暖方式,集中供暖
所在区域,高新园区,房屋总价,285,房屋户型,2室2厅1卫,所在楼层,中楼层 (共32层),建筑面积,92.72O,户型结构,平层,建筑类型,板楼,房屋朝向,南,建筑结构,钢混结构,装修情况,精装,梯户比例,两梯四户,供暖方式,集中供暖,配备电梯,有
所在区域,高新园区,房屋总价,330,房屋户型,3室2厅1卫,所在楼层,低楼层 (共17层),建筑面积,109.85O,户型结构,平层,建筑类型,板楼,房屋朝向,南 北,建筑结构,钢混结构,装修情况,简装,梯户比例,两梯两户,供暖方式,集中供暖,配备电梯,有
所在区域,高新园区,房屋总价,150,房屋户型,2室1厅1卫,所在楼层,中楼层 (共15层),建筑面积,64.89O,户型结构,平层,套内面积,49O,建筑类型,板楼,房屋朝向,东南,建筑结构,钢混结构,装修情况,精装,梯户比例,两梯六户,供暖方式,集中供暖,配备电梯,有
所在区域,高新园区,房屋总价,300,房屋户型,2室1厅1卫,所在楼层,低楼层 (共38层),建筑面积,99.09O,户型结构,平层,建筑类型,板塔结合,房屋朝向,南 北,建筑结构,钢混结构,装修情况,精装,梯户比例,两梯两户,供暖方式,集中供暖,配备电梯,有
所在区域,高新园区,房屋总价,185,房屋户型,1室2厅1卫,所在楼层,中楼层 (共25层),建筑面积,58.22O,户型结构,平层,建筑类型,板塔结合,房屋朝向,南,建筑结构,钢混结构,装修情况,精装,梯户比例,一梯三户,供暖方式,集中供暖,配备电梯,有
所在区域,高新园区,房屋总价,108,房屋户型,1室0厅1卫,所在楼层,中楼层 (共29层),建筑面积,48O,户型结构,平层,建筑类型,塔楼,房屋朝向,西,建筑结构,钢混结构,装修情况,精装,梯户比例,三梯八户,供暖方式,集中供暖,配备电梯,有
所在区域,高新园区,房屋总价,219,房屋户型,2室1厅1卫,所在楼层,低楼层 (共11层),建筑面积,91.43O,户型结构,平层,建筑类型,板楼,房屋朝向,南 北,建筑结构,钢混结构,装修情况,精装,梯户比例,一梯两户,供暖方式,集中供暖,配备电梯,有
所在区域,高新园区,房屋总价,178,房屋户型,2室2厅1卫,所在楼层,低楼层 (共29层),建筑面积,87.41O,户型结构,平层,建筑类型,塔楼,房屋朝向,南,建筑结构,钢混结构,装修情况,精装,梯户比例,三梯八户,供暖方式,集中供暖,配备电梯,有
所在区域,高新园区,房屋总价,315,房屋户型,3室2厅1卫,所在楼层,中楼层 (共31层),建筑面积,92.96O,户型结构,平层,建筑类型,板楼,房屋朝向,南 北,建筑结构,钢混结构,装修情况,其他,梯户比例,两梯四户,供暖方式,集中供暖,配备电梯,有
所在区域,高新园区,房屋总价,247,房屋户型,2室1厅1卫,所在楼层,高楼层 (共25层),建筑面积,71.74O,户型结构,平层,建筑类型,板塔结合,房屋朝向,南 北,建筑结构,钢混结构,装修情况,精装,梯户比例,一梯三户,供暖方式,集中供暖,配备电梯,有
所在区域,高新园区,房屋总价,341,房屋户型,3室2厅1卫,所在楼层,中楼层 (共10层),建筑面积,116.97O,户型结构,平层,建筑类型,板楼,房屋朝向,南 北,建筑结构,钢混结构,装修情况,其他,梯户比例,三梯三户,供暖方式,集中供暖,配备电梯,有
所在区域,高新园区,房屋总价,350,房屋户型,2室1厅1卫,所在楼层,低楼层 (共5层),建筑面积,106.85O,户型结构,平层,建筑类型,板楼,房屋朝向,南 北,建筑结构,钢混结构,装修情况,精装,梯户比例,一梯两户,供暖方式,集中供暖
所在区域,高新园区,房屋总价,84,房屋户型,1室0厅1卫,所在楼层,中楼层 (共32层),建筑面积,52.13O,户型结构,平层,建筑类型,板塔结合,房屋朝向,北,建筑结构,钢混结构,装修情况,其他,梯户比例,六梯四十八户,供暖方式,集中供暖,配备电梯,有
所在区域,高新园区,房屋总价,195,房屋户型,2室2厅1卫,所在楼层,低楼层 (共24层),建筑面积,86.23O,户型结构,平层,建筑类型,板楼,房屋朝向,南 北,建筑结构,钢混结构,装修情况,精装,梯户比例,两梯三户,供暖方式,集中供暖,配备电梯,有
所在区域,高新园区,房屋总价,215,房屋户型,2室1厅1卫,所在楼层,低楼层 (共31层),建筑面积,71.15O,户型结构,平层,建筑类型,板楼,房屋朝向,南 北,建筑结构,钢混结构,装修情况,其他,梯户比例,一梯三户,供暖方式,集中供暖,配备电梯,有
所在区域,高新园区,房屋总价,360,房屋户型,3室2厅2卫,所在楼层,低楼层 (共30层),建筑面积,123.69O,户型结构,平层,建筑类型,板楼,房屋朝向,南 北,建筑结构,钢混结构,装修情况,精装,梯户比例,一梯三户,供暖方式,集中供暖,配备电梯,有
所在区域,高新园区,房屋总价,134,房屋户型,1室1厅1卫,所在楼层,中楼层 (共31层),建筑面积,46.87O,户型结构,平层,建筑类型,板塔结合,房屋朝向,东北,建筑结构,钢混结构,装修情况,精装,梯户比例,五梯二十一户,供暖方式,集中供暖,配备电梯,有
所在区域,高新园区,房屋总价,480,房屋户型,3室2厅2卫,所在楼层,中楼层 (共17层),建筑面积,130.2O,户型结构,平层,建筑类型,板楼,房屋朝向,南 北,建筑结构,钢混结构,装修情况,其他,梯户比例,两梯两户,供暖方式,集中供暖,配备电梯,有
所在区域,高新园区,房屋总价,243,房屋户型,2室1厅1卫,所在楼层,中楼层 (共10层),建筑面积,85.31O,户型结构,平层,建筑类型,板楼,房屋朝向,南,建筑结构,钢混结构,装修情况,精装,梯户比例,一梯三户,供暖方式,集中供暖,配备电梯,有
所在区域,高新园区,房屋总价,248,房屋户型,2室1厅1卫,所在楼层,低楼层 (共9层),建筑面积,110.17O,户型结构,平层,建筑类型,板楼,房屋朝向,南 北,建筑结构,钢混结构,装修情况,其他,梯户比例,一梯两户,供暖方式,集中供暖,配备电梯,有
所在区域,高新园区,房屋总价,103.5,房屋户型,2室1厅1卫,所在楼层,高楼层 (共6层),建筑面积,64.64O,户型结构,平层,建筑类型,板楼,房屋朝向,南 北,建筑结构,砖混结构,装修情况,简装,梯户比例,一梯三户,供暖方式,集中供暖
所在区域,高新园区,房屋总价,187,房屋户型,3室1厅1卫,所在楼层,高楼层 (共7层),建筑面积,104.94O,户型结构,平层,建筑类型,板楼,房屋朝向,南 北,建筑结构,砖混结构,装修情况,简装,梯户比例,一梯两户,供暖方式,集中供暖
所在区域,高新园区,房屋总价,79.6,房屋户型,1室1厅1卫,所在楼层,高楼层 (共6层),建筑面积,52.2O,户型结构,平层,建筑类型,板楼,房屋朝向,南,建筑结构,混合结构,装修情况,精装,梯户比例,一梯四户,供暖方式,集中供暖
所在区域,高新园区,房屋总价,617,房屋户型,3室1厅2卫,所在楼层,高楼层 (共30层),建筑面积,187.39O,户型结构,平层,建筑类型,板楼,房屋朝向,南 北,建筑结构,钢混结构,装修情况,精装,梯户比例,两梯三户,供暖方式,集中供暖,配备电梯,有
所在区域,高新园区,房屋总价,315,房屋户型,2室2厅1卫,所在楼层,低楼层 (共30层),建筑面积,129.95O,户型结构,平层,建筑类型,板楼,房屋朝向,南 北,建筑结构,钢混结构,装修情况,其他,梯户比例,两梯四户,供暖方式,集中供暖,配备电梯,有
所在区域,高新园区,房屋总价,62.5,房屋户型,1室1厅1卫,所在楼层,中楼层 (共11层),建筑面积,46.21O,户型结构,平层,建筑类型,塔楼,房屋朝向,东,建筑结构,钢混结构,装修情况,精装,梯户比例,五梯五十六户,供暖方式,集中供暖,配备电梯,有
所在区域,高新园区,房屋总价,338,房屋户型,3室2厅1卫,所在楼层,高楼层 (共32层),建筑面积,113.47O,户型结构,平层,建筑类型,板楼,房屋朝向,南 北,建筑结构,钢混结构,装修情况,精装,梯户比例,两梯三户,供暖方式,集中供暖,配备电梯,有
所在区域,高新园区,房屋总价,350,房屋户型,4室2厅2卫,所在楼层,低楼层 (共20层),建筑面积,173.13O,户型结构,平层,建筑类型,板楼,房屋朝向,南 北,建筑结构,钢混结构,装修情况,精装,梯户比例,两梯两户,供暖方式,集中供暖,配备电梯,有
所在区域,高新园区,房屋总价,165,房屋户型,2室2厅1卫,所在楼层,低楼层 (共33层),建筑面积,75.69O,户型结构,平层,建筑类型,板楼,房屋朝向,南 北,建筑结构,钢混结构,装修情况,精装,梯户比例,两梯三户,供暖方式,集中供暖,配备电梯,有
所在区域,高新园区,房屋总价,258,房屋户型,2室1厅1卫,所在楼层,中楼层 (共33层),建筑面积,94.5O,户型结构,平层,建筑类型,板楼,房屋朝向,南 北,建筑结构,钢混结构,装修情况,精装,梯户比例,两梯四户,供暖方式,集中供暖,配备电梯,有
所在区域,高新园区,房屋总价,370,房屋户型,3室2厅2卫,所在楼层,中楼层 (共36层),建筑面积,143.37O,户型结构,平层,建筑类型,板塔结合,房屋朝向,南 北,建筑结构,钢混结构,装修情况,精装,梯户比例,两梯两户,供暖方式,集中供暖,配备电梯,有
所在区域,高新园区,房屋总价,82,房屋户型,1室2厅1卫,所在楼层,中楼层 (共6层),建筑面积,50.14O,户型结构,平层,建筑类型,板楼,房屋朝向,南,建筑结构,砖混结构,装修情况,精装,梯户比例,一梯四户,供暖方式,集中供暖
所在区域,高新园区,房屋总价,425,房屋户型,3室2厅2卫,所在楼层,低楼层 (共35层),建筑面积,151.27O,户型结构,平层,建筑类型,板塔结合,房屋朝向,南 北,建筑结构,钢混结构,装修情况,精装,梯户比例,两梯两户,供暖方式,集中供暖,配备电梯,有
所在区域,高新园区,房屋总价,280,房屋户型,2室2厅1卫,所在楼层,中楼层 (共6层),建筑面积,95.41O,户型结构,平层,建筑类型,板楼,房屋朝向,南 北,建筑结构,框架结构,装修情况,精装,梯户比例,一梯两户,供暖方式,集中供暖
所在区域,高新园区,房屋总价,87,房屋户型,1室0厅1卫,所在楼层,中楼层 (共32层),建筑面积,54.41O,户型结构,平层,建筑类型,板塔结合,房屋朝向,东北,建筑结构,钢混结构,装修情况,其他,梯户比例,六梯四十八户,供暖方式,集中供暖,配备电梯,有
所在区域,高新园区,房屋总价,89,房屋户型,1室0厅1卫,所在楼层,中楼层 (共32层),建筑面积,51.45O,户型结构,平层,建筑类型,板塔结合,房屋朝向,西南,建筑结构,钢混结构,装修情况,精装,梯户比例,六梯四十八户,供暖方式,集中供暖,配备电梯,有
所在区域,高新园区,房屋总价,115,房屋户型,2室1厅1卫,所在楼层,中楼层 (共6层),建筑面积,61.53O,户型结构,平层,建筑类型,板楼,房屋朝向,南 北,建筑结构,砖混结构,装修情况,简装,梯户比例,一梯三户,供暖方式,集中供暖
所在区域,高新园区,房屋总价,170,房屋户型,3室2厅2卫,所在楼层,高楼层 (共7层),建筑面积,99.3O,户型结构,平层,建筑类型,板楼,房屋朝向,南 北,建筑结构,混合结构,装修情况,精装,梯户比例,一梯四户,供暖方式,集中供暖
所在区域,高新园区,房屋总价,300,房屋户型,2室1厅1卫,所在楼层,高楼层 (共32层),建筑面积,88.16O,户型结构,平层,建筑类型,板塔结合,房屋朝向,南 北,建筑结构,钢混结构,装修情况,毛坯,梯户比例,两梯两户,供暖方式,集中供暖,配备电梯,有
所在区域,高新园区,房屋总价,125,房屋户型,2室1厅1卫,所在楼层,低楼层 (共6层),建筑面积,63.79O,户型结构,平层,建筑类型,板楼,房屋朝向,东南,建筑结构,框架结构,装修情况,精装,梯户比例,一梯三户,供暖方式,集中供暖
所在区域,高新园区,房屋总价,220,房屋户型,2室2厅1卫,所在楼层,中楼层 (共31层),建筑面积,71.67O,户型结构,平层,建筑类型,板楼,房屋朝向,北 南,建筑结构,钢混结构,装修情况,精装,梯户比例,一梯三户,供暖方式,集中供暖,配备电梯,有
所在区域,高新园区,房屋总价,132,房屋户型,2室1厅1卫,所在楼层,高楼层 (共5层),建筑面积,56.46O,户型结构,平层,建筑类型,板楼,房屋朝向,南 北,建筑结构,钢混结构,装修情况,精装,梯户比例,一梯三户,供暖方式,集中供暖
所在区域,高新园区,房屋总价,140,房屋户型,1室1厅1卫,所在楼层,低楼层 (共11层),建筑面积,57.4O,户型结构,平层,建筑类型,板楼,房屋朝向,南,建筑结构,钢混结构,装修情况,简装,梯户比例,两梯十四户,供暖方式,集中供暖,配备电梯,有
所在区域,高新园区,房屋总价,223,房屋户型,2室1厅1卫,所在楼层,中楼层 (共18层),建筑面积,78.33O,户型结构,平层,建筑类型,板楼,房屋朝向,南,建筑结构,钢混结构,装修情况,精装,梯户比例,两梯四户,供暖方式,集中供暖,配备电梯,有
所在区域,高新园区,房屋总价,336,房屋户型,3室2厅1卫,所在楼层,低楼层 (共13层),建筑面积,123.41O,户型结构,平层,建筑类型,板楼,房屋朝向,南 北,建筑结构,钢混结构,装修情况,精装,梯户比例,一梯两户,供暖方式,集中供暖,配备电梯,有
所在区域,高新园区,房屋总价,330,房屋户型,3室2厅1卫,所在楼层,低楼层 (共18层),建筑面积,94.84O,户型结构,平层,建筑类型,板楼,房屋朝向,南 北,建筑结构,钢混结构,装修情况,精装,梯户比例,两梯三户,供暖方式,集中供暖,配备电梯,有
所在区域,高新园区,房屋总价,90,房屋户型,2室1厅1卫,所在楼层,低楼层 (共6层),建筑面积,55.35O,户型结构,平层,建筑类型,板楼,房屋朝向,南 北,建筑结构,混合结构,装修情况,简装,梯户比例,一梯三户,供暖方式,集中供暖
所在区域,高新园区,房屋总价,290,房屋户型,2室2厅1卫,所在楼层,中楼层 (共11层),建筑面积,100.11O,户型结构,平层,建筑类型,板楼,房屋朝向,南 北,建筑结构,钢混结构,装修情况,其他,梯户比例,一梯三户,供暖方式,集中供暖,配备电梯,有
所在区域,高新园区,房屋总价,61,房屋户型,1室0厅1卫,所在楼层,中楼层 (共6层),建筑面积,36.31O,户型结构,平层,建筑类型,板楼,房屋朝向,南,建筑结构,砖混结构,装修情况,精装,梯户比例,一梯六户,供暖方式,集中供暖
所在区域,高新园区,房屋总价,335,房屋户型,3室2厅2卫,所在楼层,中楼层 (共6层),建筑面积,137.97O,户型结构,平层,建筑类型,板楼,房屋朝向,南 北,建筑结构,钢混结构,装修情况,精装,梯户比例,一梯两户,供暖方式,集中供暖
所在区域,高新园区,房屋总价,143.5,房屋户型,1室1厅1卫,所在楼层,中楼层 (共33层),建筑面积,55.77O,户型结构,平层,建筑类型,板楼,房屋朝向,南 北,建筑结构,钢混结构,装修情况,其他,梯户比例,三梯八户,供暖方式,集中供暖,配备电梯,有
所在区域,高新园区,房屋总价,218,房屋户型,2室1厅1卫,所在楼层,高楼层 (共6层),建筑面积,91O,户型结构,平层,建筑类型,板楼,房屋朝向,南 北,建筑结构,钢混结构,装修情况,精装,梯户比例,一梯两户,供暖方式,集中供暖
所在区域,高新园区,房屋总价,520,房屋户型,4室2厅2卫,所在楼层,低楼层 (共5层),建筑面积,175.97O,户型结构,错层,建筑类型,板楼,房屋朝向,南 北,建筑结构,钢混结构,装修情况,精装,梯户比例,一梯两户,供暖方式,集中供暖
所在区域,高新园区,房屋总价,135,房屋户型,2室1厅1卫,所在楼层,高楼层 (共6层),建筑面积,65.78O,户型结构,平层,建筑类型,板楼,房屋朝向,南 北,建筑结构,砖混结构,装修情况,简装,梯户比例,一梯两户,供暖方式,集中供暖
所在区域,高新园区,房屋总价,115,房屋户型,2室1厅1卫,所在楼层,低楼层 (共6层),建筑面积,61.51O,户型结构,平层,建筑类型,板楼,房屋朝向,南 北,建筑结构,混合结构,装修情况,精装,梯户比例,一梯三户,供暖方式,集中供暖
所在区域,高新园区,房屋总价,96,房屋户型,1室1厅1卫,所在楼层,中楼层 (共6层),建筑面积,47.81O,户型结构,平层,建筑类型,板楼,房屋朝向,南,建筑结构,钢混结构,装修情况,简装,梯户比例,一梯三户,供暖方式,集中供暖
所在区域,高新园区,房屋总价,128,房屋户型,2室1厅1卫,所在楼层,高楼层 (共6层),建筑面积,69.18O,户型结构,平层,建筑类型,板楼,房屋朝向,南 北,建筑结构,混合结构,装修情况,其他,梯户比例,一梯两户,供暖方式,集中供暖
所在区域,高新园区,房屋总价,246,房屋户型,2室2厅1卫,所在楼层,高楼层 (共6层),建筑面积,78.17O,户型结构,平层,建筑类型,板楼,房屋朝向,南 北,建筑结构,钢混结构,装修情况,精装,梯户比例,一梯两户,供暖方式,集中供暖
所在区域,高新园区,房屋总价,480,房屋户型,3室2厅2卫,所在楼层,高楼层 (共18层),建筑面积,143.28O,户型结构,平层,建筑类型,板楼,房屋朝向,南 北,建筑结构,钢混结构,装修情况,毛坯,梯户比例,两梯两户,供暖方式,集中供暖,配备电梯,有
所在区域,高新园区,房屋总价,130,房屋户型,1室1厅1卫,所在楼层,中楼层 (共7层),建筑面积,44.95O,户型结构,平层,建筑类型,板楼,房屋朝向,南 北,建筑结构,砖混结构,装修情况,其他,梯户比例,一梯八户,供暖方式,集中供暖
所在区域,高新园区,房屋总价,390,房屋户型,3室1厅2卫,所在楼层,低楼层 (共32层),建筑面积,132.98O,户型结构,平层,建筑类型,板楼,房屋朝向,南 北,建筑结构,钢混结构,装修情况,精装,梯户比例,两梯四户,供暖方式,集中供暖,配备电梯,有
所在区域,高新园区,房屋总价,650,房屋户型,4室2厅3卫,所在楼层,中楼层 (共18层),建筑面积,185.34O,户型结构,平层,建筑类型,板楼,房屋朝向,南 北,建筑结构,钢混结构,装修情况,精装,梯户比例,两梯两户,供暖方式,集中供暖,配备电梯,有
所在区域,高新园区,房屋总价,174,房屋户型,2室2厅1卫,所在楼层,高楼层 (共7层),建筑面积,95O,户型结构,平层,建筑类型,板楼,房屋朝向,南 北,建筑结构,钢混结构,装修情况,简装,梯户比例,一梯两户,供暖方式,集中供暖
所在区域,高新园区,房屋总价,165,房屋户型,2室1厅1卫,所在楼层,中楼层 (共30层),建筑面积,64.93O,户型结构,平层,建筑类型,塔楼,房屋朝向,西 南,建筑结构,钢混结构,装修情况,精装,梯户比例,三梯八户,供暖方式,集中供暖,配备电梯,有
所在区域,高新园区,房屋总价,540,房屋户型,4室2厅2卫,所在楼层,中楼层 (共28层),建筑面积,144.47O,户型结构,平层,建筑类型,板楼,房屋朝向,南 北,建筑结构,钢混结构,装修情况,其他,梯户比例,两梯四户,供暖方式,集中供暖,配备电梯,有
所在区域,高新园区,房屋总价,55,房屋户型,1室1厅1卫,所在楼层,高楼层 (共6层),建筑面积,40.25O,户型结构,平层,建筑类型,塔楼,房屋朝向,南,建筑结构,钢混结构,装修情况,精装,梯户比例,两梯三十二户,供暖方式,集中供暖,配备电梯,有,用水类型,民水,用电类型,民电
所在区域,高新园区,房屋总价,395,房屋户型,3室2厅2卫,所在楼层,低楼层 (共30层),建筑面积,135.23O,户型结构,平层,建筑类型,板楼,房屋朝向,南 北,建筑结构,钢混结构,装修情况,其他,梯户比例,两梯三户,供暖方式,集中供暖,配备电梯,有
所在区域,高新园区,房屋总价,173,房屋户型,2室1厅1卫,所在楼层,低楼层 (共33层),建筑面积,73.43O,户型结构,平层,建筑类型,板楼,房屋朝向,南,建筑结构,钢混结构,装修情况,精装,梯户比例,两梯三户,供暖方式,集中供暖,配备电梯,有
所在区域,高新园区,房屋总价,208,房屋户型,2室2厅1卫,所在楼层,中楼层 (共7层),建筑面积,79.99O,户型结构,平层,建筑类型,板楼,房屋朝向,南 北,建筑结构,钢混结构,装修情况,精装,梯户比例,一梯两户,供暖方式,集中供暖
所在区域,高新园区,房屋总价,80,房屋户型,1室0厅1卫,所在楼层,低楼层 (共24层),建筑面积,43.32O,户型结构,平层,建筑类型,塔楼,房屋朝向,东北,建筑结构,钢混结构,装修情况,精装,梯户比例,三梯十八户,供暖方式,集中供暖,配备电梯,有
所在区域,高新园区,房屋总价,91,房屋户型,1室1厅1卫,所在楼层,高楼层 (共6层),建筑面积,43.68O,户型结构,平层,建筑类型,板楼,房屋朝向,南 北,建筑结构,砖混结构,装修情况,精装,梯户比例,一梯两户,供暖方式,集中供暖
所在区域,高新园区,房屋总价,290,房屋户型,2室2厅1卫,所在楼层,低楼层 (共24层),建筑面积,87.45O,户型结构,平层,建筑类型,板楼,房屋朝向,南 北,建筑结构,钢混结构,装修情况,精装,梯户比例,两梯两户,供暖方式,集中供暖,配备电梯,有
所在区域,高新园区,房屋总价,280,房屋户型,2室2厅1卫,所在楼层,中楼层 (共26层),建筑面积,104.38O,户型结构,平层,建筑类型,板楼,房屋朝向,南,建筑结构,钢混结构,装修情况,精装,梯户比例,两梯三户,供暖方式,集中供暖,配备电梯,有
所在区域,高新园区,房屋总价,155,房屋户型,1室0厅1卫,所在楼层,中楼层 (共31层),建筑面积,50.74O,户型结构,平层,建筑类型,塔楼,房屋朝向,西南,建筑结构,钢混结构,装修情况,精装,梯户比例,五梯二十一户,供暖方式,集中供暖,配备电梯,有
所在区域,高新园区,房屋总价,245,房屋户型,2室1厅1卫,所在楼层,高楼层 (共26层),建筑面积,78.47O,户型结构,平层,建筑类型,板楼,房屋朝向,南,建筑结构,钢混结构,装修情况,毛坯,梯户比例,两梯四户,供暖方式,集中供暖,配备电梯,有
所在区域,高新园区,房屋总价,165,房屋户型,2室2厅1卫,所在楼层,中楼层 (共7层),建筑面积,97.4O,户型结构,平层,建筑类型,暂无数据,房屋朝向,南 北,建筑结构,砖混结构,装修情况,精装,梯户比例,一梯两户,供暖方式,集中供暖
所在区域,高新园区,房屋总价,158,房屋户型,2室1厅1卫,所在楼层,低楼层 (共6层),建筑面积,72.73O,户型结构,平层,建筑类型,板楼,房屋朝向,南,建筑结构,混合结构,装修情况,简装,梯户比例,一梯三户,供暖方式,集中供暖
所在区域,高新园区,房屋总价,116,房屋户型,1室1厅1卫,所在楼层,中楼层 (共33层),建筑面积,48.57O,户型结构,平层,建筑类型,板楼,房屋朝向,南,建筑结构,钢混结构,装修情况,精装,梯户比例,三梯八户,供暖方式,集中供暖,配备电梯,有
所在区域,高新园区,房屋总价,243,房屋户型,2室2厅1卫,所在楼层,高楼层 (共30层),建筑面积,77.94O,户型结构,平层,建筑类型,板楼,房屋朝向,南,建筑结构,钢混结构,装修情况,精装,梯户比例,两梯四户,供暖方式,集中供暖,配备电梯,有
所在区域,高新园区,房屋总价,68,房屋户型,1室0厅1卫,所在楼层,中楼层 (共11层),建筑面积,46.21O,户型结构,平层,建筑类型,塔楼,房屋朝向,东,建筑结构,钢混结构,装修情况,精装,梯户比例,五梯五十六户,供暖方式,集中供暖,配备电梯,有
所在区域,高新园区,房屋总价,235,房屋户型,2室2厅1卫,所在楼层,高楼层 (共32层),建筑面积,80.91O,户型结构,平层,建筑类型,板楼,房屋朝向,南,建筑结构,钢混结构,装修情况,其他,梯户比例,两梯四户,供暖方式,集中供暖,配备电梯,有
所在区域,高新园区,房屋总价,130,房屋户型,2室1厅1卫,所在楼层,高楼层 (共16层),建筑面积,61.28O,户型结构,平层,建筑类型,塔楼,房屋朝向,南 西 北,建筑结构,钢混结构,装修情况,简装,梯户比例,两梯八户,供暖方式,集中供暖,配备电梯,有
所在区域,高新园区,房屋总价,302,房屋户型,3室2厅1卫,所在楼层,高楼层 (共32层),建筑面积,96.08O,户型结构,平层,建筑类型,板楼,房屋朝向,南 北,建筑结构,钢混结构,装修情况,精装,梯户比例,两梯四户,供暖方式,集中供暖,配备电梯,有
所在区域,高新园区,房屋总价,459,房屋户型,3室2厅1卫,所在楼层,低楼层 (共32层),建筑面积,129.41O,户型结构,平层,建筑类型,板楼,房屋朝向,南 北,建筑结构,钢混结构,装修情况,精装,梯户比例,两梯两户,供暖方式,集中供暖,配备电梯,有
所在区域,高新园区,房屋总价,309,房屋户型,2室1厅1卫,所在楼层,高楼层 (共32层),建筑面积,95.46O,户型结构,平层,建筑类型,板楼,房屋朝向,南 北,建筑结构,钢混结构,装修情况,精装,梯户比例,一梯三户,供暖方式,集中供暖,配备电梯,有
所在区域,高新园区,房屋总价,277,房屋户型,2室2厅1卫,所在楼层,低楼层 (共30层),建筑面积,93.91O,户型结构,平层,建筑类型,板楼,房屋朝向,南,建筑结构,钢混结构,装修情况,精装,梯户比例,一梯三户,供暖方式,集中供暖,配备电梯,有
所在区域,高新园区,房屋总价,335,房屋户型,3室2厅2卫,所在楼层,低楼层 (共11层),建筑面积,100.26O,户型结构,平层,建筑类型,板楼,房屋朝向,南 北,建筑结构,钢混结构,装修情况,毛坯,梯户比例,一梯两户,供暖方式,集中供暖,配备电梯,有
所在区域,高新园区,房屋总价,98,房屋户型,1室1厅1卫,所在楼层,低楼层 (共28层),建筑面积,56.29O,户型结构,平层,套内面积,39.62O,建筑类型,板塔结合,房屋朝向,南,建筑结构,钢混结构,装修情况,精装,梯户比例,五梯二十户,供暖方式,集中供暖,配备电梯,有
所在区域,高新园区,房屋总价,203,房屋户型,1室1厅1卫,所在楼层,中楼层 (共30层),建筑面积,68.61O,户型结构,平层,建筑类型,板楼,房屋朝向,南,建筑结构,钢混结构,装修情况,精装,梯户比例,两梯四户,供暖方式,集中供暖,配备电梯,有
所在区域,高新园区,房屋总价,270,房屋户型,3室2厅1卫,所在楼层,中楼层 (共5层),建筑面积,113.92O,户型结构,平层,建筑类型,板楼,房屋朝向,南 北,建筑结构,砖混结构,装修情况,精装,梯户比例,一梯两户,供暖方式,集中供暖
所在区域,高新园区,房屋总价,239,房屋户型,2室1厅1卫,所在楼层,低楼层 (共32层),建筑面积,82.96O,户型结构,平层,建筑类型,板楼,房屋朝向,南,建筑结构,钢混结构,装修情况,精装,梯户比例,两梯六户,供暖方式,集中供暖,配备电梯,有
所在区域,高新园区,房屋总价,220,房屋户型,2室1厅1卫,所在楼层,低楼层 (共30层),建筑面积,77.94O,户型结构,平层,建筑类型,板楼,房屋朝向,南,建筑结构,钢混结构,装修情况,精装,梯户比例,两梯四户,供暖方式,集中供暖,配备电梯,有
所在区域,高新园区,房屋总价,515,房屋户型,4室2厅2卫,所在楼层,低楼层 (共29层),建筑面积,145.96O,户型结构,平层,建筑类型,板楼,房屋朝向,南 北,建筑结构,钢混结构,装修情况,精装,梯户比例,两梯四户,供暖方式,集中供暖,配备电梯,有
所在区域,高新园区,房屋总价,210,房屋户型,2室1厅1卫,所在楼层,中楼层 (共18层),建筑面积,71.18O,户型结构,平层,套内面积,53.81O,建筑类型,板楼,房屋朝向,南 北,建筑结构,钢混结构,装修情况,精装,梯户比例,两梯三户,供暖方式,集中供暖,配备电梯,有
所在区域,高新园区,房屋总价,155,房屋户型,1室1厅1卫,所在楼层,高楼层 (共34层),建筑面积,42.53O,户型结构,平层,建筑类型,塔楼,房屋朝向,东南,建筑结构,钢混结构,装修情况,精装,梯户比例,三梯八户,供暖方式,集中供暖,配备电梯,有
所在区域,高新园区,房屋总价,647,房屋户型,4室2厅2卫,所在楼层,中楼层 (共26层),建筑面积,191.47O,户型结构,平层,建筑类型,板楼,房屋朝向,南 北,建筑结构,钢混结构,装修情况,精装,梯户比例,两梯三户,供暖方式,集中供暖,配备电梯,有
所在区域,高新园区,房屋总价,175,房屋户型,2室1厅1卫,所在楼层,中楼层 (共33层),建筑面积,70.62O,户型结构,平层,建筑类型,板楼,房屋朝向,南,建筑结构,钢混结构,装修情况,简装,梯户比例,两梯三户,供暖方式,集中供暖,配备电梯,有
所在区域,高新园区,房屋总价,330,房屋户型,3室2厅2卫,所在楼层,高楼层 (共10层),建筑面积,120.18O,户型结构,平层,建筑类型,板楼,房屋朝向,南 北,建筑结构,钢混结构,装修情况,精装,梯户比例,一梯两户,供暖方式,集中供暖,配备电梯,有
所在区域,高新园区,房屋总价,152,房屋户型,1室1厅1卫,所在楼层,中楼层 (共31层),建筑面积,51.32O,户型结构,平层,建筑类型,塔楼,房屋朝向,东北,建筑结构,钢混结构,装修情况,其他,梯户比例,五梯二十一户,供暖方式,集中供暖,配备电梯,有
所在区域,高新园区,房屋总价,67.5,房屋户型,1室0厅1卫,所在楼层,高楼层 (共24层),建筑面积,39.14O,户型结构,平层,建筑类型,塔楼,房屋朝向,西南,建筑结构,钢混结构,装修情况,简装,梯户比例,三梯十八户,供暖方式,集中供暖,配备电梯,有
所在区域,高新园区,房屋总价,251,房屋户型,2室2厅1卫,所在楼层,中楼层 (共31层),建筑面积,83.86O,户型结构,平层,建筑类型,板楼,房屋朝向,南 北,建筑结构,钢混结构,装修情况,毛坯,梯户比例,一梯三户,供暖方式,集中供暖,配备电梯,有
所在区域,高新园区,房屋总价,105,房屋户型,1室0厅1卫,所在楼层,高楼层 (共30层),建筑面积,32.08O,户型结构,平层,套内面积,32.08O,建筑类型,塔楼,房屋朝向,北,建筑结构,钢混结构,装修情况,精装,梯户比例,三梯六户,供暖方式,集中供暖,配备电梯,有
所在区域,高新园区,房屋总价,209,房屋户型,2室1厅1卫,所在楼层,高楼层 (共30层),建筑面积,68.57O,户型结构,平层,建筑类型,板楼,房屋朝向,南,建筑结构,钢混结构,装修情况,其他,梯户比例,两梯四户,供暖方式,集中供暖,配备电梯,有
所在区域,高新园区,房屋总价,303,房屋户型,4室1厅2卫,所在楼层,低楼层 (共18层),建筑面积,153.87O,户型结构,平层,建筑类型,板楼,房屋朝向,南 北,建筑结构,钢混结构,装修情况,精装,梯户比例,两梯两户,供暖方式,集中供暖,配备电梯,有
所在区域,高新园区,房屋总价,323,房屋户型,2室2厅1卫,所在楼层,中楼层 (共32层),建筑面积,88.16O,户型结构,平层,套内面积,69.23O,建筑类型,板塔结合,房屋朝向,北 南,建筑结构,钢混结构,装修情况,其他,梯户比例,两梯两户,供暖方式,集中供暖,配备电梯,有
所在区域,高新园区,房屋总价,75,房屋户型,1室1厅1卫,所在楼层,低楼层 (共32层),建筑面积,49.92O,户型结构,平层,建筑类型,板塔结合,房屋朝向,东北,建筑结构,钢混结构,装修情况,精装,梯户比例,六梯四十八户,供暖方式,集中供暖,配备电梯,有
所在区域,高新园区,房屋总价,140,房屋户型,1室0厅1卫,所在楼层,高楼层 (共31层),建筑面积,47.41O,户型结构,平层,套内面积,47O,建筑类型,塔楼,房屋朝向,东北,建筑结构,钢混结构,装修情况,精装,梯户比例,五梯二十一户,供暖方式,集中供暖,配备电梯,有
所在区域,高新园区,房屋总价,244.5,房屋户型,2室1厅1卫,所在楼层,中楼层 (共28层),建筑面积,85O,户型结构,平层,建筑类型,板楼,房屋朝向,南,建筑结构,钢混结构,装修情况,精装,梯户比例,两梯三户,供暖方式,集中供暖,配备电梯,有
所在区域,高新园区,房屋总价,120,房屋户型,1室1厅1卫,所在楼层,低楼层 (共23层),建筑面积,51.01O,户型结构,平层,建筑类型,板塔结合,房屋朝向,东北,建筑结构,钢混结构,装修情况,精装,梯户比例,三梯十一户,供暖方式,集中供暖,配备电梯,有
所在区域,高新园区,房屋总价,147,房屋户型,2室1厅1卫,所在楼层,中楼层 (共16层),建筑面积,69.85O,户型结构,平层,建筑类型,塔楼,房屋朝向,东 西北,建筑结构,钢混结构,装修情况,其他,梯户比例,两梯八户,供暖方式,集中供暖,配备电梯,有
所在区域,高新园区,房屋总价,239,房屋户型,2室1厅1卫,所在楼层,中楼层 (共16层),建筑面积,77.6O,户型结构,平层,建筑类型,板楼,房屋朝向,南,建筑结构,钢混结构,装修情况,其他,梯户比例,一梯三户,供暖方式,集中供暖,配备电梯,有
所在区域,高新园区,房屋总价,163,房屋户型,1室1厅1卫,所在楼层,低楼层 (共31层),建筑面积,58.19O,户型结构,平层,建筑类型,塔楼,房屋朝向,西南,建筑结构,钢混结构,装修情况,精装,梯户比例,三梯十户,供暖方式,集中供暖,配备电梯,有
所在区域,高新园区,房屋总价,410,房屋户型,3室1厅2卫,所在楼层,高楼层 (共6层),建筑面积,120.89O,户型结构,平层,建筑类型,板楼,房屋朝向,南 北,建筑结构,钢混结构,装修情况,精装,梯户比例,一梯两户,供暖方式,集中供暖,配备电梯,有
所在区域,高新园区,房屋总价,220,房屋户型,2室1厅1卫,所在楼层,高楼层 (共30层),建筑面积,71.21O,户型结构,平层,建筑类型,板楼,房屋朝向,南 北,建筑结构,钢混结构,装修情况,精装,梯户比例,两梯三户,供暖方式,集中供暖,配备电梯,有
所在区域,高新园区,房屋总价,310,房屋户型,3室2厅1卫,所在楼层,低楼层 (共28层),建筑面积,90.8O,户型结构,平层,建筑类型,板楼,房屋朝向,南 北,建筑结构,钢混结构,装修情况,精装,梯户比例,一梯三户,供暖方式,集中供暖,配备电梯,有
所在区域,高新园区,房屋总价,67.5,房屋户型,1室1厅1卫,所在楼层,高楼层 (共9层),建筑面积,35.62O,户型结构,平层,建筑类型,板楼,房屋朝向,南,建筑结构,钢混结构,装修情况,其他,梯户比例,两梯十九户,供暖方式,集中供暖,配备电梯,有
所在区域,高新园区,房屋总价,322,房屋户型,3室2厅2卫,所在楼层,中楼层 (共12层),建筑面积,137.82O,户型结构,平层,建筑类型,板楼,房屋朝向,南 北,建筑结构,钢混结构,装修情况,精装,梯户比例,一梯两户,供暖方式,集中供暖,配备电梯,有
所在区域,高新园区,房屋总价,212,房屋户型,2室1厅1卫,所在楼层,中楼层 (共26层),建筑面积,68.5O,户型结构,平层,建筑类型,板楼,房屋朝向,南,建筑结构,钢混结构,装修情况,其他,梯户比例,两梯四户,供暖方式,集中供暖,配备电梯,有
所在区域,高新园区,房屋总价,235,房屋户型,2室1厅1卫,所在楼层,中楼层 (共30层),建筑面积,77.94O,户型结构,平层,建筑类型,板楼,房屋朝向,南,建筑结构,钢混结构,装修情况,精装,梯户比例,两梯四户,供暖方式,集中供暖,配备电梯,有
所在区域,高新园区,房屋总价,420,房屋户型,3室2厅2卫,所在楼层,高楼层 (共33层),建筑面积,114.98O,户型结构,平层,建筑类型,板楼,房屋朝向,南 北,建筑结构,钢混结构,装修情况,毛坯,梯户比例,两梯三户,供暖方式,集中供暖,配备电梯,有
所在区域,高新园区,房屋总价,245,房屋户型,3室1厅1卫,所在楼层,中楼层 (共32层),建筑面积,79.03O,户型结构,平层,建筑类型,板楼,房屋朝向,南 北,建筑结构,钢混结构,装修情况,精装,梯户比例,两梯五户,供暖方式,集中供暖,配备电梯,有
所在区域,高新园区,房屋总价,132,房屋户型,2室1厅1卫,所在楼层,高楼层 (共6层),建筑面积,78.01O,户型结构,平层,建筑类型,板楼,房屋朝向,南 北,建筑结构,混合结构,装修情况,精装,梯户比例,一梯三户,供暖方式,集中供暖
所在区域,高新园区,房屋总价,267,房屋户型,2室1厅1卫,所在楼层,高楼层 (共33层),建筑面积,88.21O,户型结构,平层,建筑类型,板楼,房屋朝向,南,建筑结构,钢混结构,装修情况,其他,梯户比例,两梯三户,供暖方式,集中供暖,配备电梯,有
所在区域,高新园区,房屋总价,110,房屋户型,2室1厅1卫,所在楼层,低楼层 (共6层),建筑面积,59.07O,户型结构,平层,建筑类型,板楼,房屋朝向,南 北,建筑结构,钢混结构,装修情况,毛坯,梯户比例,一梯三户,供暖方式,集中供暖
所在区域,高新园区,房屋总价,239,房屋户型,2室2厅1卫,所在楼层,低楼层 (共33层),建筑面积,86.41O,户型结构,平层,建筑类型,板楼,房屋朝向,南 北,建筑结构,钢混结构,装修情况,精装,梯户比例,一梯两户,供暖方式,集中供暖,配备电梯,有
所在区域,高新园区,房屋总价,280,房屋户型,2室1厅1卫,所在楼层,低楼层 (共18层),建筑面积,97.78O,户型结构,平层,建筑类型,板楼,房屋朝向,南 北,建筑结构,钢混结构,装修情况,毛坯,梯户比例,一梯三户,供暖方式,集中供暖,配备电梯,有
所在区域,高新园区,房屋总价,315,房屋户型,4室1厅1卫,所在楼层,高楼层 (共25层),建筑面积,108.08O,户型结构,平层,建筑类型,板楼,房屋朝向,南 北,建筑结构,钢混结构,装修情况,简装,梯户比例,一梯三户,供暖方式,集中供暖,配备电梯,有
所在区域,高新园区,房屋总价,139,房屋户型,1室1厅1卫,所在楼层,高楼层 (共16层),建筑面积,62.26O,户型结构,平层,建筑类型,板楼,房屋朝向,南,建筑结构,钢混结构,装修情况,精装,梯户比例,一梯四户,供暖方式,集中供暖,配备电梯,有
所在区域,高新园区,房屋总价,110,房屋户型,2室1厅1卫,所在楼层,高楼层 (共7层),建筑面积,54.64O,户型结构,平层,建筑类型,板楼,房屋朝向,南,建筑结构,混合结构,装修情况,简装,梯户比例,一梯六户,供暖方式,集中供暖
所在区域,高新园区,房屋总价,272,房屋户型,2室2厅1卫,所在楼层,中楼层 (共33层),建筑面积,88.21O,户型结构,平层,建筑类型,板楼,房屋朝向,南,建筑结构,钢混结构,装修情况,其他,梯户比例,两梯三户,供暖方式,集中供暖,配备电梯,有
所在区域,高新园区,房屋总价,64.5,房屋户型,2室0厅1卫,所在楼层,高楼层 (共7层),建筑面积,50.04O,户型结构,平层,建筑类型,板楼,房屋朝向,南 北,建筑结构,混合结构,装修情况,简装,梯户比例,一梯三户,供暖方式,集中供暖
所在区域,高新园区,房屋总价,145,房屋户型,1室1厅1卫,所在楼层,低楼层 (共31层),建筑面积,46.86O,户型结构,平层,建筑类型,板楼,房屋朝向,西南,建筑结构,钢混结构,装修情况,精装,梯户比例,五梯二十一户,供暖方式,集中供暖,配备电梯,有
所在区域,高新园区,房屋总价,72.5,房屋户型,1室1厅1卫,所在楼层,中楼层 (共7层),建筑面积,45.95O,户型结构,平层,建筑类型,板楼,房屋朝向,南,建筑结构,混合结构,装修情况,简装,梯户比例,一梯三户,供暖方式,集中供暖
所在区域,高新园区,房屋总价,82,房屋户型,1室0厅1卫,所在楼层,低楼层 (共28层),建筑面积,45O,户型结构,平层,建筑类型,板楼,房屋朝向,南,建筑结构,钢混结构,装修情况,简装,梯户比例,三梯七户,供暖方式,集中供暖,配备电梯,有
所在区域,高新园区,房屋总价,230,房屋户型,2室1厅1卫,所在楼层,低楼层 (共24层),建筑面积,92.83O,户型结构,平层,建筑类型,板塔结合,房屋朝向,南,建筑结构,钢混结构,装修情况,其他,梯户比例,两梯四户,供暖方式,集中供暖,配备电梯,有
所在区域,高新园区,房屋总价,183,房屋户型,2室2厅1卫,所在楼层,中楼层 (共10层),建筑面积,90.44O,户型结构,平层,建筑类型,板楼,房屋朝向,南 北,建筑结构,钢混结构,装修情况,简装,梯户比例,两梯两户,供暖方式,集中供暖,配备电梯,有
所在区域,高新园区,房屋总价,96,房屋户型,2室1厅1卫,所在楼层,高楼层 (共6层),建筑面积,78.03O,户型结构,平层,建筑类型,板楼,房屋朝向,南 北,建筑结构,砖混结构,装修情况,简装,梯户比例,一梯三户,供暖方式,集中供暖
所在区域,高新园区,房屋总价,100,房屋户型,1室1厅1卫,所在楼层,低楼层 (共11层),建筑面积,44.54O,户型结构,平层,建筑类型,板楼,房屋朝向,北,建筑结构,钢混结构,装修情况,精装,梯户比例,两梯十四户,供暖方式,集中供暖,配备电梯,有
所在区域,高新园区,房屋总价,187,房屋户型,2室1厅1卫,所在楼层,中楼层 (共29层),建筑面积,72.45O,户型结构,平层,建筑类型,塔楼,房屋朝向,西南,建筑结构,钢混结构,装修情况,简装,梯户比例,三梯九户,供暖方式,集中供暖,配备电梯,有
所在区域,高新园区,房屋总价,205,房屋户型,2室2厅1卫,所在楼层,中楼层 (共18层),建筑面积,89.67O,户型结构,平层,建筑类型,板楼,房屋朝向,南 北,建筑结构,钢混结构,装修情况,精装,梯户比例,两梯三户,供暖方式,集中供暖,配备电梯,有
所在区域,高新园区,房屋总价,263,房屋户型,3室1厅1卫,所在楼层,低楼层 (共18层),建筑面积,90.87O,户型结构,平层,建筑类型,板楼,房屋朝向,南 北,建筑结构,钢混结构,装修情况,精装,梯户比例,两梯三户,供暖方式,集中供暖,配备电梯,有
所在区域,高新园区,房屋总价,470,房屋户型,3室2厅1卫,所在楼层,中楼层 (共6层),建筑面积,124.3O,户型结构,平层,建筑类型,板楼,房屋朝向,南 北,建筑结构,钢混结构,装修情况,精装,梯户比例,一梯两户,供暖方式,集中供暖,配备电梯,有
所在区域,高新园区,房屋总价,320,房屋户型,3室1厅1卫,所在楼层,中楼层 (共32层),建筑面积,104.12O,户型结构,平层,建筑类型,板楼,房屋朝向,南 北,建筑结构,钢混结构,装修情况,精装,梯户比例,两梯三户,供暖方式,集中供暖,配备电梯,有
所在区域,高新园区,房屋总价,193,房屋户型,2室2厅1卫,所在楼层,低楼层 (共6层),建筑面积,92.95O,户型结构,平层,建筑类型,板楼,房屋朝向,南 北,建筑结构,钢混结构,装修情况,精装,梯户比例,一梯两户,供暖方式,集中供暖
所在区域,高新园区,房屋总价,98,房屋户型,3室2厅1卫,所在楼层,高楼层 (共7层),建筑面积,66.17O,户型结构,平层,建筑类型,板楼,房屋朝向,南 北,建筑结构,混合结构,装修情况,简装,梯户比例,一梯两户,供暖方式,集中供暖
所在区域,高新园区,房屋总价,162,房屋户型,1室1厅1卫,所在楼层,高楼层 (共18层),建筑面积,59.93O,户型结构,平层,建筑类型,板楼,房屋朝向,南 北,建筑结构,钢混结构,装修情况,其他,梯户比例,两梯四户,供暖方式,集中供暖,配备电梯,有
所在区域,高新园区,房屋总价,82.5,房屋户型,1室1厅1卫,所在楼层,中楼层 (共6层),建筑面积,48.12O,户型结构,平层,建筑类型,板楼,房屋朝向,南,建筑结构,砖混结构,装修情况,其他,梯户比例,一梯三户,供暖方式,集中供暖
所在区域,高新园区,房屋总价,156,房屋户型,2室1厅1卫,所在楼层,中楼层 (共18层),建筑面积,68.41O,户型结构,平层,建筑类型,板楼,房屋朝向,南,建筑结构,钢混结构,装修情况,精装,梯户比例,两梯五户,供暖方式,集中供暖,配备电梯,有
所在区域,高新园区,房屋总价,239,房屋户型,5室2厅2卫,所在楼层,低楼层 (共30层),建筑面积,64.9O,户型结构,平层,建筑类型,塔楼,房屋朝向,南 西,建筑结构,钢混结构,装修情况,其他,梯户比例,三梯八户,供暖方式,集中供暖,配备电梯,有
所在区域,高新园区,房屋总价,258,房屋户型,2室1厅1卫,所在楼层,中楼层 (共32层),建筑面积,83.91O,户型结构,平层,建筑类型,板楼,房屋朝向,南 西南,建筑结构,钢混结构,装修情况,其他,梯户比例,两梯六户,供暖方式,集中供暖,配备电梯,有
所在区域,高新园区,房屋总价,215,房屋户型,2室1厅1卫,所在楼层,低楼层 (共18层),建筑面积,78.49O,户型结构,平层,建筑类型,板楼,房屋朝向,南,建筑结构,钢混结构,装修情况,其他,梯户比例,两梯四户,供暖方式,集中供暖,配备电梯,有
所在区域,高新园区,房屋总价,358,房屋户型,2室1厅1卫,所在楼层,低楼层 (共32层),建筑面积,95.46O,户型结构,平层,建筑类型,板楼,房屋朝向,南 北,建筑结构,钢混结构,装修情况,精装,梯户比例,一梯三户,供暖方式,集中供暖,配备电梯,有
所在区域,高新园区,房屋总价,92,房屋户型,1室1厅1卫,所在楼层,高楼层 (共16层),建筑面积,49.96O,户型结构,平层,套内面积,49.96O,建筑类型,塔楼,房屋朝向,西南,建筑结构,钢混结构,装修情况,其他,梯户比例,三梯二十户,供暖方式,集中供暖,配备电梯,有
所在区域,高新园区,房屋总价,98.5,房屋户型,1室1厅1卫,所在楼层,中楼层 (共29层),建筑面积,48O,户型结构,平层,建筑类型,塔楼,房屋朝向,西,建筑结构,钢混结构,装修情况,精装,梯户比例,三梯八户,供暖方式,集中供暖,配备电梯,有
所在区域,高新园区,房屋总价,83,房屋户型,1室1厅1卫,所在楼层,低楼层 (共6层),建筑面积,48.78O,户型结构,平层,建筑类型,板楼,房屋朝向,西,建筑结构,钢混结构,装修情况,简装,梯户比例,一梯六十二户,供暖方式,集中供暖
所在区域,高新园区,房屋总价,185,房屋户型,2室1厅1卫,所在楼层,低楼层 (共24层),建筑面积,83.46O,户型结构,平层,建筑类型,板楼,房屋朝向,南 北,建筑结构,钢混结构,装修情况,精装,梯户比例,两梯三户,供暖方式,集中供暖,配备电梯,有
所在区域,高新园区,房屋总价,199.5,房屋户型,2室1厅1卫,所在楼层,高楼层 (共30层),建筑面积,60.91O,户型结构,平层,建筑类型,板楼,房屋朝向,南,建筑结构,钢混结构,装修情况,简装,梯户比例,两梯三户,供暖方式,集中供暖,配备电梯,有
所在区域,高新园区,房屋总价,285,房屋户型,2室2厅1卫,所在楼层,低楼层 (共25层),建筑面积,96.43O,户型结构,平层,建筑类型,板楼,房屋朝向,南 北,建筑结构,钢混结构,装修情况,精装,梯户比例,一梯四户,供暖方式,集中供暖,配备电梯,有
所在区域,高新园区,房屋总价,335,房屋户型,4室1厅2卫,所在楼层,中楼层 (共25层),建筑面积,184O,户型结构,平层,建筑类型,板楼,房屋朝向,南 北,建筑结构,钢混结构,装修情况,毛坯,梯户比例,两梯三户,供暖方式,集中供暖,配备电梯,有
所在区域,高新园区,房屋总价,255,房屋户型,2室1厅1卫,所在楼层,低楼层 (共12层),建筑面积,93.36O,户型结构,平层,建筑类型,板楼,房屋朝向,南 北,建筑结构,钢混结构,装修情况,精装,梯户比例,一梯三户,供暖方式,集中供暖,配备电梯,有
所在区域,高新园区,房屋总价,245,房屋户型,2室2厅1卫,所在楼层,中楼层 (共7层),建筑面积,90.53O,户型结构,平层,建筑类型,板楼,房屋朝向,南 北,建筑结构,钢混结构,装修情况,其他,梯户比例,一梯两户,供暖方式,集中供暖,配备电梯,有
所在区域,高新园区,房屋总价,330,房屋户型,3室2厅1卫,所在楼层,低楼层 (共18层),建筑面积,108.04O,户型结构,平层,建筑类型,板楼,房屋朝向,北 南,建筑结构,钢混结构,装修情况,其他,梯户比例,两梯两户,供暖方式,集中供暖,配备电梯,有
所在区域,高新园区,房屋总价,178,房屋户型,2室1厅1卫,所在楼层,低楼层 (共33层),建筑面积,73.43O,户型结构,平层,建筑类型,板楼,房屋朝向,南,建筑结构,钢混结构,装修情况,其他,梯户比例,两梯三户,供暖方式,集中供暖,配备电梯,有
所在区域,高新园区,房屋总价,190,房屋户型,2室1厅1卫,所在楼层,中楼层 (共31层),建筑面积,63.6O,户型结构,平层,建筑类型,板楼,房屋朝向,南,建筑结构,钢混结构,装修情况,毛坯,梯户比例,一梯三户,供暖方式,集中供暖,配备电梯,有
所在区域,高新园区,房屋总价,303,房屋户型,2室2厅1卫,所在楼层,中楼层 (共34层),建筑面积,85.55O,户型结构,平层,建筑类型,板楼,房屋朝向,南 北,建筑结构,钢混结构,装修情况,其他,梯户比例,两梯两户,供暖方式,集中供暖,配备电梯,有
所在区域,高新园区,房屋总价,305,房屋户型,2室2厅1卫,所在楼层,低楼层 (共29层),建筑面积,83.13O,户型结构,平层,建筑类型,板楼,房屋朝向,南,建筑结构,钢混结构,装修情况,其他,梯户比例,两梯四户,供暖方式,集中供暖,配备电梯,有
所在区域,高新园区,房屋总价,136,房屋户型,2室1厅1卫,所在楼层,中楼层 (共7层),建筑面积,56.97O,户型结构,平层,建筑类型,塔楼,房屋朝向,南 北,建筑结构,砖混结构,装修情况,其他,梯户比例,一梯六户,供暖方式,集中供暖
所在区域,高新园区,房屋总价,188,房屋户型,2室1厅1卫,所在楼层,低楼层 (共18层),建筑面积,70.53O,户型结构,平层,建筑类型,板楼,房屋朝向,南 北,建筑结构,钢混结构,装修情况,精装,梯户比例,两梯四户,供暖方式,集中供暖,配备电梯,有
所在区域,高新园区,房屋总价,230,房屋户型,1室1厅1卫,所在楼层,低楼层 (共23层),建筑面积,66.24O,户型结构,平层,建筑类型,板楼,房屋朝向,南,建筑结构,钢混结构,装修情况,精装,梯户比例,两梯六户,供暖方式,集中供暖,配备电梯,有
所在区域,高新园区,房屋总价,208,房屋户型,3室1厅1卫,所在楼层,中楼层 (共6层),建筑面积,107.75O,户型结构,平层,建筑类型,板楼,房屋朝向,北 南,建筑结构,钢混结构,装修情况,其他,梯户比例,一梯三户,供暖方式,集中供暖
所在区域,高新园区,房屋总价,275,房屋户型,2室2厅1卫,所在楼层,中楼层 (共11层),建筑面积,90.3O,户型结构,平层,建筑类型,板楼,房屋朝向,南 北,建筑结构,钢混结构,装修情况,精装,梯户比例,一梯两户,供暖方式,集中供暖,配备电梯,有
所在区域,高新园区,房屋总价,278,房屋户型,2室2厅1卫,所在楼层,中楼层 (共33层),建筑面积,91.09O,户型结构,平层,建筑类型,板楼,房屋朝向,南,建筑结构,钢混结构,装修情况,精装,梯户比例,两梯四户,供暖方式,集中供暖,配备电梯,有
所在区域,高新园区,房屋总价,70,房屋户型,1室2厅1卫,所在楼层,高楼层 (共6层),建筑面积,48.65O,户型结构,平层,建筑类型,板楼,房屋朝向,南,建筑结构,混合结构,装修情况,精装,梯户比例,一梯四户,供暖方式,集中供暖
所在区域,高新园区,房屋总价,194,房屋户型,1室2厅1卫,所在楼层,中楼层 (共31层),建筑面积,62.72O,户型结构,平层,建筑类型,板楼,房屋朝向,南,建筑结构,钢混结构,装修情况,精装,梯户比例,两梯四户,供暖方式,集中供暖,配备电梯,有
所在区域,高新园区,房屋总价,159,房屋户型,2室1厅1卫,所在楼层,高楼层 (共24层),建筑面积,92.24O,户型结构,平层,建筑类型,塔楼,房屋朝向,西南,建筑结构,钢混结构,装修情况,简装,梯户比例,三梯十八户,供暖方式,集中供暖,配备电梯,有
所在区域,高新园区,房屋总价,308,房屋户型,3室2厅1卫,所在楼层,低楼层 (共32层),建筑面积,98.42O,户型结构,平层,套内面积,73.25O,建筑类型,板楼,房屋朝向,南 北,建筑结构,钢混结构,装修情况,毛坯,梯户比例,两梯四户,供暖方式,集中供暖,配备电梯,有
所在区域,高新园区,房屋总价,66.6,房屋户型,2室1厅1卫,所在楼层,中楼层 (共5层),建筑面积,41.29O,户型结构,平层,建筑类型,板楼,房屋朝向,南 北,建筑结构,混合结构,装修情况,精装,梯户比例,一梯四户,供暖方式,集中供暖
所在区域,高新园区,房屋总价,208,房屋户型,1室1厅1卫,所在楼层,高楼层 (共26层),建筑面积,63.26O,户型结构,平层,建筑类型,板楼,房屋朝向,南,建筑结构,钢混结构,装修情况,精装,梯户比例,两梯四户,供暖方式,集中供暖,配备电梯,有
所在区域,高新园区,房屋总价,97,房屋户型,1室1厅1卫,所在楼层,低楼层 (共24层),建筑面积,46.93O,户型结构,平层,建筑类型,板楼,房屋朝向,南,建筑结构,钢混结构,装修情况,精装,梯户比例,四梯二十五户,供暖方式,集中供暖,配备电梯,有
所在区域,高新园区,房屋总价,260,房屋户型,3室2厅1卫,所在楼层,高楼层 (共6层),建筑面积,108.87O,户型结构,平层,建筑类型,板楼,房屋朝向,南 北,建筑结构,钢混结构,装修情况,简装,梯户比例,一梯两户,供暖方式,集中供暖
所在区域,高新园区,房屋总价,330,房屋户型,3室2厅2卫,所在楼层,高楼层 (共10层),建筑面积,120.38O,户型结构,平层,建筑类型,板楼,房屋朝向,南 北,建筑结构,钢混结构,装修情况,精装,梯户比例,两梯两户,供暖方式,集中供暖,配备电梯,有
所在区域,高新园区,房屋总价,489,房屋户型,4室2厅2卫,所在楼层,低楼层 (共15层),建筑面积,171.93O,户型结构,平层,建筑类型,板楼,房屋朝向,南 北,建筑结构,钢混结构,装修情况,精装,梯户比例,两梯两户,供暖方式,集中供暖,配备电梯,有
所在区域,高新园区,房屋总价,156,房屋户型,1室1厅1卫,所在楼层,中楼层 (共31层),建筑面积,50.74O,户型结构,平层,建筑类型,塔楼,房屋朝向,西南,建筑结构,钢混结构,装修情况,精装,梯户比例,五梯二十一户,供暖方式,集中供暖,配备电梯,有
所在区域,高新园区,房屋总价,110,房屋户型,1室0厅1卫,所在楼层,中楼层 (共11层),建筑面积,37.18O,户型结构,平层,建筑类型,板楼,房屋朝向,南,建筑结构,钢混结构,装修情况,精装,梯户比例,四梯十八户,供暖方式,集中供暖,配备电梯,有
所在区域,高新园区,房屋总价,439,房屋户型,3室1厅2卫,所在楼层,中楼层 (共30层),建筑面积,168.74O,户型结构,平层,建筑类型,板楼,房屋朝向,北 南,建筑结构,钢混结构,装修情况,其他,梯户比例,一梯三户,供暖方式,集中供暖,配备电梯,有
所在区域,高新园区,房屋总价,143,房屋户型,1室1厅1卫,所在楼层,高楼层 (共11层),建筑面积,57.93O,户型结构,平层,建筑类型,板楼,房屋朝向,南,建筑结构,钢混结构,装修情况,简装,梯户比例,两梯十四户,供暖方式,集中供暖,配备电梯,有
所在区域,高新园区,房屋总价,149,房屋户型,1室1厅1卫,所在楼层,中楼层 (共31层),建筑面积,50.35O,户型结构,平层,建筑类型,塔楼,房屋朝向,东北,建筑结构,钢混结构,装修情况,精装,梯户比例,五梯二十一户,供暖方式,集中供暖,配备电梯,有
所在区域,高新园区,房屋总价,205,房屋户型,2室2厅1卫,所在楼层,低楼层 (共6层),建筑面积,98.32O,户型结构,平层,建筑类型,板楼,房屋朝向,南 北,建筑结构,钢混结构,装修情况,精装,梯户比例,一梯两户,供暖方式,集中供暖
所在区域,高新园区,房屋总价,482,房屋户型,3室2厅2卫,所在楼层,高楼层 (共9层),建筑面积,133.64O,户型结构,平层,建筑类型,板楼,房屋朝向,南 北,建筑结构,钢混结构,装修情况,精装,梯户比例,一梯两户,供暖方式,集中供暖,配备电梯,有
所在区域,高新园区,房屋总价,185,房屋户型,2室1厅1卫,所在楼层,低楼层 (共30层),建筑面积,69.17O,户型结构,平层,建筑类型,板楼,房屋朝向,南,建筑结构,钢混结构,装修情况,其他,梯户比例,两梯四户,供暖方式,集中供暖,配备电梯,有
所在区域,高新园区,房屋总价,290,房屋户型,2室2厅1卫,所在楼层,低楼层 (共18层),建筑面积,94.18O,户型结构,平层,建筑类型,板楼,房屋朝向,南 北,建筑结构,钢混结构,装修情况,精装,梯户比例,两梯四户,供暖方式,集中供暖,配备电梯,有
所在区域,高新园区,房屋总价,445,房屋户型,3室2厅2卫,所在楼层,高楼层 (共33层),建筑面积,145.31O,户型结构,平层,建筑类型,板楼,房屋朝向,南 北,建筑结构,钢混结构,装修情况,精装,梯户比例,两梯两户,供暖方式,集中供暖,配备电梯,有
所在区域,高新园区,房屋总价,85.5,房屋户型,1室1厅1卫,所在楼层,高楼层 (共11层),建筑面积,37.18O,户型结构,平层,建筑类型,板楼,房屋朝向,南,建筑结构,钢混结构,装修情况,精装,梯户比例,四梯十九户,供暖方式,集中供暖,配备电梯,有
所在区域,高新园区,房屋总价,160,房屋户型,2室1厅1卫,所在楼层,高楼层 (共5层),建筑面积,55.76O,户型结构,平层,建筑类型,板楼,房屋朝向,南 北,建筑结构,钢混结构,装修情况,其他,梯户比例,一梯三户,供暖方式,集中供暖
所在区域,高新园区,房屋总价,228,房屋户型,2室2厅1卫,所在楼层,低楼层 (共18层),建筑面积,92.35O,户型结构,平层,建筑类型,板楼,房屋朝向,南 北,建筑结构,钢混结构,装修情况,精装,梯户比例,一梯三户,供暖方式,集中供暖,配备电梯,有
所在区域,高新园区,房屋总价,207,房屋户型,2室1厅1卫,所在楼层,低楼层 (共25层),建筑面积,62.18O,户型结构,平层,建筑类型,板塔结合,房屋朝向,南,建筑结构,钢混结构,装修情况,简装,梯户比例,一梯三户,供暖方式,集中供暖,配备电梯,有
所在区域,高新园区,房屋总价,320,房屋户型,3室2厅2卫,所在楼层,低楼层 (共9层),建筑面积,132.69O,户型结构,平层,建筑类型,板楼,房屋朝向,南 北,建筑结构,钢混结构,装修情况,其他,梯户比例,一梯两户,供暖方式,集中供暖,配备电梯,有
所在区域,高新园区,房屋总价,1080,房屋户型,4室1厅2卫,所在楼层,低楼层 (共25层),建筑面积,429.3O,户型结构,平层,建筑类型,板楼,房屋朝向,南 北,建筑结构,钢混结构,装修情况,毛坯,梯户比例,两梯两户,供暖方式,集中供暖,配备电梯,有
所在区域,高新园区,房屋总价,314,房屋户型,2室1厅1卫,所在楼层,中楼层 (共28层),建筑面积,82.28O,户型结构,平层,建筑类型,板楼,房屋朝向,南,建筑结构,钢混结构,装修情况,精装,梯户比例,两梯四户,供暖方式,集中供暖,配备电梯,有
所在区域,高新园区,房屋总价,350,房屋户型,2室2厅1卫,所在楼层,低楼层 (共18层),建筑面积,110.03O,户型结构,平层,建筑类型,板楼,房屋朝向,南 北,建筑结构,钢混结构,装修情况,精装,梯户比例,两梯两户,供暖方式,集中供暖,配备电梯,有
所在区域,高新园区,房屋总价,164,房屋户型,1室1厅1卫,所在楼层,高楼层 (共31层),建筑面积,61.78O,户型结构,平层,建筑类型,塔楼,房屋朝向,西南,建筑结构,钢混结构,装修情况,精装,梯户比例,三梯十户,供暖方式,集中供暖,配备电梯,有
所在区域,高新园区,房屋总价,365,房屋户型,4室2厅2卫,所在楼层,高楼层 (共8层),建筑面积,151.34O,户型结构,平层,套内面积,150O,建筑类型,板楼,房屋朝向,南 北,建筑结构,钢混结构,装修情况,精装,梯户比例,一梯两户,供暖方式,集中供暖,配备电梯,有
所在区域,高新园区,房屋总价,158,房屋户型,2室1厅1卫,所在楼层,高楼层 (共6层),建筑面积,78.85O,户型结构,平层,建筑类型,板楼,房屋朝向,南 北,建筑结构,钢混结构,装修情况,精装,梯户比例,一梯两户,供暖方式,集中供暖
所在区域,高新园区,房屋总价,242,房屋户型,2室1厅1卫,所在楼层,中楼层 (共18层),建筑面积,74.7O,户型结构,平层,建筑类型,板楼,房屋朝向,南,建筑结构,钢混结构,装修情况,其他,梯户比例,两梯四户,供暖方式,集中供暖,配备电梯,有
所在区域,高新园区,房屋总价,113,房屋户型,2室1厅1卫,所在楼层,高楼层 (共30层),建筑面积,59.55O,户型结构,平层,建筑类型,塔楼,房屋朝向,东 北,建筑结构,钢混结构,装修情况,其他,梯户比例,八梯四十户,供暖方式,集中供暖,配备电梯,有
所在区域,高新园区,房屋总价,138,房屋户型,1室0厅1卫,所在楼层,中楼层 (共32层),建筑面积,42.4O,户型结构,平层,套内面积,31.01O,建筑类型,塔楼,房屋朝向,南,建筑结构,钢混结构,装修情况,精装,梯户比例,三梯八户,供暖方式,集中供暖,配备电梯,有
所在区域,高新园区,房屋总价,86,房屋户型,1室0厅1卫,所在楼层,高楼层 (共28层),建筑面积,42.6O,户型结构,平层,建筑类型,板楼,房屋朝向,南,建筑结构,钢混结构,装修情况,精装,梯户比例,两梯七户,供暖方式,集中供暖,配备电梯,有
所在区域,高新园区,房屋总价,310,房屋户型,2室1厅1卫,所在楼层,高楼层 (共32层),建筑面积,88.16O,户型结构,平层,建筑类型,板塔结合,房屋朝向,南 北,建筑结构,钢混结构,装修情况,毛坯,梯户比例,两梯两户,供暖方式,集中供暖,配备电梯,有
所在区域,高新园区,房屋总价,269,房屋户型,2室1厅1卫,所在楼层,高楼层 (共25层),建筑面积,84.33O,户型结构,平层,建筑类型,板塔结合,房屋朝向,南 北,建筑结构,钢混结构,装修情况,精装,梯户比例,一梯三户,供暖方式,集中供暖,配备电梯,有
所在区域,高新园区,房屋总价,226,房屋户型,3室2厅2卫,所在楼层,低楼层 (共22层),建筑面积,127.3O,户型结构,平层,建筑类型,板楼,房屋朝向,南 北,建筑结构,钢混结构,装修情况,精装,梯户比例,两梯四户,供暖方式,集中供暖,配备电梯,有
所在区域,高新园区,房屋总价,120,房屋户型,2室1厅1卫,所在楼层,中楼层 (共6层),建筑面积,49.22O,户型结构,平层,建筑类型,板楼,房屋朝向,南 北,建筑结构,砖混结构,装修情况,简装,梯户比例,一梯三户,供暖方式,集中供暖
所在区域,高新园区,房屋总价,225,房屋户型,2室1厅1卫,所在楼层,中楼层 (共32层),建筑面积,82.92O,户型结构,平层,建筑类型,板楼,房屋朝向,南,建筑结构,钢混结构,装修情况,精装,梯户比例,两梯六户,供暖方式,集中供暖,配备电梯,有
所在区域,高新园区,房屋总价,150,房屋户型,1室1厅1卫,所在楼层,低楼层 (共31层),建筑面积,47.41O,户型结构,平层,建筑类型,板塔结合,房屋朝向,东北,建筑结构,钢混结构,装修情况,精装,梯户比例,五梯二十一户,供暖方式,集中供暖,配备电梯,有
所在区域,高新园区,房屋总价,170,房屋户型,2室1厅1卫,所在楼层,中楼层 (共22层),建筑面积,77.49O,户型结构,平层,建筑类型,板楼,房屋朝向,南,建筑结构,钢混结构,装修情况,精装,梯户比例,两梯四户,供暖方式,集中供暖,配备电梯,有
所在区域,高新园区,房屋总价,298,房屋户型,2室2厅1卫,所在楼层,高楼层 (共14层),建筑面积,95.28O,户型结构,平层,建筑类型,板楼,房屋朝向,南 北,建筑结构,钢混结构,装修情况,精装,梯户比例,一梯三户,供暖方式,集中供暖,配备电梯,有
所在区域,高新园区,房屋总价,346,房屋户型,3室1厅2卫,所在楼层,中楼层 (共6层),建筑面积,138.91O,户型结构,错层,建筑类型,板楼,房屋朝向,南 北,建筑结构,钢混结构,装修情况,毛坯,梯户比例,一梯两户,供暖方式,集中供暖,配备电梯,有
所在区域,高新园区,房屋总价,320,房屋户型,2室1厅1卫,所在楼层,高楼层 (共11层),建筑面积,119.78O,户型结构,平层,建筑类型,板楼,房屋朝向,南 北,建筑结构,钢混结构,装修情况,其他,梯户比例,两梯三户,供暖方式,集中供暖,配备电梯,有
所在区域,高新园区,房屋总价,358,房屋户型,2室2厅1卫,所在楼层,低楼层 (共32层),建筑面积,97.61O,户型结构,平层,建筑类型,板楼,房屋朝向,南 北,建筑结构,钢混结构,装修情况,精装,梯户比例,一梯三户,供暖方式,集中供暖,配备电梯,有
所在区域,高新园区,房屋总价,233,房屋户型,2室2厅1卫,所在楼层,高楼层 (共30层),建筑面积,77.53O,户型结构,平层,建筑类型,板楼,房屋朝向,南,建筑结构,钢混结构,装修情况,精装,梯户比例,两梯四户,供暖方式,集中供暖,配备电梯,有
所在区域,高新园区,房屋总价,85,房屋户型,1室1厅1卫,所在楼层,中楼层 (共6层),建筑面积,49.88O,户型结构,平层,建筑类型,板楼,房屋朝向,南,建筑结构,钢混结构,装修情况,精装,梯户比例,一梯四户,供暖方式,集中供暖
所在区域,高新园区,房屋总价,96,房屋户型,1室1厅1卫,所在楼层,低楼层 (共32层),建筑面积,56.92O,户型结构,平层,建筑类型,板塔结合,房屋朝向,南,建筑结构,钢混结构,装修情况,精装,梯户比例,六梯四十一户,供暖方式,集中供暖,配备电梯,有
所在区域,高新园区,房屋总价,355,房屋户型,3室2厅2卫,所在楼层,高楼层 (共6层),建筑面积,133.13O,户型结构,平层,建筑类型,板楼,房屋朝向,南 北,建筑结构,钢混结构,装修情况,精装,梯户比例,一梯两户,供暖方式,集中供暖
所在区域,高新园区,房屋总价,188,房屋户型,2室2厅1卫,所在楼层,高楼层 (共24层),建筑面积,83.5O,户型结构,平层,建筑类型,板楼,房屋朝向,南 北,建筑结构,钢混结构,装修情况,精装,梯户比例,两梯三户,供暖方式,集中供暖,配备电梯,有
所在区域,高新园区,房屋总价,270,房屋户型,2室2厅1卫,所在楼层,低楼层 (共33层),建筑面积,98.4O,户型结构,平层,建筑类型,板楼,房屋朝向,南 北,建筑结构,钢混结构,装修情况,精装,梯户比例,一梯两户,供暖方式,集中供暖,配备电梯,有
所在区域,高新园区,房屋总价,369,房屋户型,3室2厅1卫,所在楼层,低楼层 (共32层),建筑面积,114.33O,户型结构,平层,套内面积,82.86O,建筑类型,板楼,房屋朝向,东 南 北,建筑结构,钢混结构,装修情况,精装,梯户比例,两梯三户,供暖方式,集中供暖,配备电梯,有
所在区域,高新园区,房屋总价,143,房屋户型,2室1厅1卫,所在楼层,高楼层 (共10层),建筑面积,75.31O,户型结构,平层,建筑类型,板楼,房屋朝向,南 北,建筑结构,钢混结构,装修情况,简装,梯户比例,一梯三户,供暖方式,集中供暖,配备电梯,有
所在区域,高新园区,房屋总价,338,房屋户型,2室1厅1卫,所在楼层,低楼层 (共32层),建筑面积,97.61O,户型结构,平层,建筑类型,板楼,房屋朝向,南 北,建筑结构,钢混结构,装修情况,精装,梯户比例,一梯三户,供暖方式,集中供暖,配备电梯,有
所在区域,高新园区,房屋总价,400,房屋户型,3室2厅1卫,所在楼层,高楼层 (共28层),建筑面积,112.52O,户型结构,平层,建筑类型,板楼,房屋朝向,南 北,建筑结构,钢混结构,装修情况,精装,梯户比例,两梯三户,供暖方式,集中供暖,配备电梯,有
所在区域,高新园区,房屋总价,210,房屋户型,2室2厅1卫,所在楼层,高楼层 (共6层),建筑面积,91.41O,户型结构,平层,建筑类型,板楼,房屋朝向,南 北,建筑结构,框架结构,装修情况,精装,梯户比例,一梯两户,供暖方式,集中供暖
所在区域,高新园区,房屋总价,140,房屋户型,1室1厅1卫,所在楼层,中楼层 (共29层),建筑面积,61O,户型结构,平层,建筑类型,塔楼,房屋朝向,南,建筑结构,钢混结构,装修情况,精装,梯户比例,三梯九户,供暖方式,集中供暖,配备电梯,有
所在区域,高新园区,房屋总价,298,房屋户型,2室2厅1卫,所在楼层,高楼层 (共31层),建筑面积,89O,户型结构,平层,建筑类型,板楼,房屋朝向,南 北,建筑结构,钢混结构,装修情况,精装,梯户比例,两梯六户,供暖方式,集中供暖,配备电梯,有
所在区域,高新园区,房屋总价,310,房屋户型,3室2厅1卫,所在楼层,低楼层 (共30层),建筑面积,96.2O,户型结构,平层,套内面积,71.73O,建筑类型,板楼,房屋朝向,南 北,建筑结构,钢混结构,装修情况,精装,梯户比例,两梯四户,供暖方式,集中供暖,配备电梯,有
所在区域,高新园区,房屋总价,355,房屋户型,3室2厅1卫,所在楼层,高楼层 (共33层),建筑面积,110.44O,户型结构,平层,建筑类型,板楼,房屋朝向,南 北,建筑结构,钢混结构,装修情况,精装,梯户比例,两梯四户,供暖方式,集中供暖,配备电梯,有
所在区域,高新园区,房屋总价,144,房屋户型,2室1厅1卫,所在楼层,中楼层 (共16层),建筑面积,69.85O,户型结构,暂无数据,建筑类型,塔楼,房屋朝向,东 北 西,建筑结构,钢混结构,装修情况,简装,梯户比例,两梯八户,供暖方式,集中供暖,配备电梯,有
所在区域,高新园区,房屋总价,118,房屋户型,2室1厅1卫,所在楼层,中楼层 (共7层),建筑面积,67.31O,户型结构,平层,建筑类型,板楼,房屋朝向,南 北,建筑结构,钢混结构,装修情况,精装,梯户比例,一梯三户,供暖方式,集中供暖
所在区域,高新园区,房屋总价,219,房屋户型,2室1厅1卫,所在楼层,高楼层 (共31层),建筑面积,80.06O,户型结构,平层,套内面积,59.68O,建筑类型,板楼,房屋朝向,南 北,建筑结构,钢混结构,装修情况,精装,梯户比例,两梯五户,供暖方式,集中供暖,配备电梯,有
所在区域,高新园区,房屋总价,128,房屋户型,2室1厅1卫,所在楼层,高楼层 (共29层),建筑面积,46.72O,户型结构,平层,套内面积,46O,建筑类型,塔楼,房屋朝向,东,建筑结构,钢混结构,装修情况,精装,梯户比例,三梯八户,供暖方式,集中供暖,配备电梯,有
所在区域,高新园区,房屋总价,148,房屋户型,2室1厅1卫,所在楼层,中楼层 (共15层),建筑面积,65.35O,户型结构,平层,建筑类型,板楼,房屋朝向,东南,建筑结构,钢混结构,装修情况,简装,梯户比例,两梯六户,供暖方式,集中供暖,配备电梯,有
所在区域,高新园区,房屋总价,248.5,房屋户型,2室2厅1卫,所在楼层,低楼层 (共30层),建筑面积,76.83O,户型结构,平层,建筑类型,板楼,房屋朝向,南,建筑结构,钢混结构,装修情况,精装,梯户比例,两梯四户,供暖方式,集中供暖,配备电梯,有
所在区域,高新园区,房屋总价,405,房屋户型,3室1厅1卫,所在楼层,高楼层 (共34层),建筑面积,105O,户型结构,平层,建筑类型,板楼,房屋朝向,南 北,建筑结构,钢混结构,装修情况,其他,梯户比例,一梯两户,供暖方式,集中供暖,配备电梯,有
所在区域,高新园区,房屋总价,370,房屋户型,3室1厅1卫,所在楼层,低楼层 (共30层),建筑面积,141.66O,户型结构,平层,建筑类型,板楼,房屋朝向,南 北,建筑结构,钢混结构,装修情况,其他,梯户比例,两梯四户,供暖方式,集中供暖,配备电梯,有
所在区域,高新园区,房屋总价,142,房屋户型,1室1厅1卫,所在楼层,中楼层 (共31层),建筑面积,46.86O,户型结构,平层,建筑类型,板楼,房屋朝向,西南,建筑结构,钢混结构,装修情况,精装,梯户比例,五梯二十一户,供暖方式,集中供暖,配备电梯,有
所在区域,高新园区,房屋总价,309,房屋户型,3室2厅1卫,所在楼层,低楼层 (共13层),建筑面积,113.99O,户型结构,平层,建筑类型,板楼,房屋朝向,南 北,建筑结构,钢混结构,装修情况,精装,梯户比例,一梯两户,供暖方式,集中供暖,配备电梯,有
所在区域,高新园区,房屋总价,235,房屋户型,3室1厅1卫,所在楼层,高楼层 (共30层),建筑面积,77.94O,户型结构,平层,建筑类型,板楼,房屋朝向,南,建筑结构,钢混结构,装修情况,精装,梯户比例,两梯四户,供暖方式,集中供暖,配备电梯,有
所在区域,高新园区,房屋总价,84,房屋户型,1室0厅1卫,所在楼层,高楼层 (共32层),建筑面积,49.29O,户型结构,平层,建筑类型,板塔结合,房屋朝向,东北,建筑结构,钢混结构,装修情况,精装,梯户比例,六梯四十一户,供暖方式,集中供暖,配备电梯,有
所在区域,高新园区,房屋总价,139,房屋户型,1室1厅1卫,所在楼层,中楼层 (共32层),建筑面积,48.58O,户型结构,平层,建筑类型,板塔结合,房屋朝向,南,建筑结构,钢混结构,装修情况,精装,梯户比例,两梯四户,供暖方式,集中供暖,配备电梯,有
所在区域,高新园区,房屋总价,735,房屋户型,3室1厅2卫,所在楼层,高楼层 (共32层),建筑面积,183.76O,户型结构,平层,建筑类型,板楼,房屋朝向,南 北,建筑结构,钢混结构,装修情况,精装,梯户比例,两梯三户,供暖方式,集中供暖,配备电梯,有
所在区域,高新园区,房屋总价,235,房屋户型,2室1厅1卫,所在楼层,高楼层 (共32层),建筑面积,68.46O,户型结构,平层,建筑类型,板楼,房屋朝向,南,建筑结构,钢混结构,装修情况,精装,梯户比例,一梯三户,供暖方式,集中供暖,配备电梯,有
所在区域,高新园区,房屋总价,380,房屋户型,3室2厅2卫,所在楼层,中楼层 (共32层),建筑面积,140.31O,户型结构,平层,建筑类型,板楼,房屋朝向,南 北,建筑结构,钢混结构,装修情况,毛坯,梯户比例,一梯两户,供暖方式,集中供暖,配备电梯,有
所在区域,高新园区,房屋总价,239,房屋户型,2室2厅1卫,所在楼层,中楼层 (共18层),建筑面积,78.33O,户型结构,平层,建筑类型,板楼,房屋朝向,南,建筑结构,钢混结构,装修情况,其他,梯户比例,两梯四户,供暖方式,集中供暖,配备电梯,有
所在区域,高新园区,房屋总价,265,房屋户型,2室2厅1卫,所在楼层,高楼层 (共33层),建筑面积,81.86O,户型结构,平层,建筑类型,板楼,房屋朝向,南 北,建筑结构,钢混结构,装修情况,简装,梯户比例,一梯三户,供暖方式,集中供暖,配备电梯,有
所在区域,高新园区,房屋总价,258,房屋户型,2室2厅1卫,所在楼层,中楼层 (共30层),建筑面积,77.94O,户型结构,平层,建筑类型,板楼,房屋朝向,南,建筑结构,钢混结构,装修情况,精装,梯户比例,两梯四户,供暖方式,集中供暖,配备电梯,有
所在区域,高新园区,房屋总价,140,房屋户型,2室1厅1卫,所在楼层,中楼层 (共6层),建筑面积,56.79O,户型结构,平层,建筑类型,板楼,房屋朝向,南 北,建筑结构,混合结构,装修情况,简装,梯户比例,一梯三户,供暖方式,集中供暖
所在区域,高新园区,房屋总价,91,房屋户型,1室1厅1卫,所在楼层,中楼层 (共16层),建筑面积,45.44O,户型结构,平层,建筑类型,塔楼,房屋朝向,北 西,建筑结构,钢混结构,装修情况,精装,梯户比例,三梯二十户,供暖方式,集中供暖,配备电梯,有
所在区域,高新园区,房屋总价,350,房屋户型,3室2厅2卫,所在楼层,中楼层 (共19层),建筑面积,138.15O,户型结构,平层,建筑类型,板楼,房屋朝向,南 北,建筑结构,钢混结构,装修情况,简装,梯户比例,一梯两户,供暖方式,集中供暖,配备电梯,有
所在区域,高新园区,房屋总价,408,房屋户型,3室1厅1卫,所在楼层,高楼层 (共6层),建筑面积,110.6O,户型结构,平层,建筑类型,板楼,房屋朝向,南 北,建筑结构,钢混结构,装修情况,精装,梯户比例,一梯两户,供暖方式,集中供暖,配备电梯,有
所在区域,高新园区,房屋总价,237,房屋户型,3室2厅2卫,所在楼层,低楼层 (共32层),建筑面积,91.41O,户型结构,平层,建筑类型,板楼,房屋朝向,南 北,建筑结构,钢混结构,装修情况,精装,梯户比例,两梯三户,供暖方式,集中供暖,配备电梯,有
所在区域,高新园区,房屋总价,184,房屋户型,2室1厅1卫,所在楼层,高楼层 (共30层),建筑面积,87.52O,户型结构,平层,建筑类型,塔楼,房屋朝向,西南,建筑结构,钢混结构,装修情况,精装,梯户比例,三梯八户,供暖方式,集中供暖,配备电梯,有
所在区域,高新园区,房屋总价,289,房屋户型,3室2厅1卫,所在楼层,高楼层 (共8层),建筑面积,121.35O,户型结构,平层,建筑类型,板楼,房屋朝向,南 北,建筑结构,钢混结构,装修情况,精装,梯户比例,一梯两户,供暖方式,集中供暖,配备电梯,有
所在区域,高新园区,房屋总价,309,房屋户型,2室2厅1卫,所在楼层,中楼层 (共34层),建筑面积,86.11O,户型结构,平层,套内面积,64.78O,建筑类型,板楼,房屋朝向,南 北,建筑结构,钢混结构,装修情况,精装,梯户比例,一梯两户,供暖方式,集中供暖,配备电梯,有
所在区域,高新园区,房屋总价,265,房屋户型,2室1厅1卫,所在楼层,高楼层 (共28层),建筑面积,71.42O,户型结构,平层,建筑类型,板楼,房屋朝向,南 北,建筑结构,钢混结构,装修情况,精装,梯户比例,一梯三户,供暖方式,集中供暖,配备电梯,有
所在区域,高新园区,房屋总价,105,房屋户型,1室0厅1卫,所在楼层,中楼层 (共24层),建筑面积,46.93O,户型结构,平层,建筑类型,板楼,房屋朝向,南,建筑结构,钢混结构,装修情况,其他,梯户比例,四梯二十五户,供暖方式,集中供暖,配备电梯,有
所在区域,高新园区,房屋总价,150,房屋户型,3室1厅1卫,所在楼层,高楼层 (共30层),建筑面积,78.34O,户型结构,平层,建筑类型,塔楼,房屋朝向,东 北,建筑结构,钢混结构,装修情况,其他,梯户比例,八梯四十户,供暖方式,集中供暖,配备电梯,有
所在区域,高新园区,房屋总价,210,房屋户型,1室1厅1卫,所在楼层,中楼层 (共18层),建筑面积,61.17O,户型结构,平层,套内面积,46O,建筑类型,板楼,房屋朝向,南,建筑结构,钢混结构,装修情况,精装,梯户比例,两梯四户,供暖方式,集中供暖,配备电梯,有
所在区域,高新园区,房屋总价,410,房屋户型,3室2厅2卫,所在楼层,低楼层 (共32层),建筑面积,144.65O,户型结构,平层,建筑类型,板楼,房屋朝向,南 北,建筑结构,钢混结构,装修情况,其他,梯户比例,一梯两户,供暖方式,集中供暖,配备电梯,有
所在区域,高新园区,房屋总价,230,房屋户型,2室1厅1卫,所在楼层,中楼层 (共32层),建筑面积,83.91O,户型结构,平层,建筑类型,板楼,房屋朝向,南 西 北,建筑结构,钢混结构,装修情况,精装,梯户比例,两梯六户,供暖方式,集中供暖,配备电梯,有
所在区域,高新园区,房屋总价,91,房屋户型,1室1厅1卫,所在楼层,低楼层 (共28层),建筑面积,66.86O,户型结构,平层,套内面积,50O,建筑类型,板塔结合,房屋朝向,东北,建筑结构,钢混结构,装修情况,精装,梯户比例,五梯二十户,供暖方式,集中供暖,配备电梯,有
所在区域,高新园区,房屋总价,105,房屋户型,1室0厅1卫,所在楼层,高楼层 (共32层),建筑面积,36.2O,户型结构,平层,套内面积,26.71O,建筑类型,塔楼,房屋朝向,北,建筑结构,钢混结构,装修情况,简装,梯户比例,三梯八户,供暖方式,集中供暖,配备电梯,有
所在区域,高新园区,房屋总价,145,房屋户型,2室1厅1卫,所在楼层,低楼层 (共7层),建筑面积,54.64O,户型结构,平层,建筑类型,塔楼,房屋朝向,南 西,建筑结构,砖混结构,装修情况,其他,梯户比例,一梯六户,供暖方式,集中供暖
所在区域,高新园区,房屋总价,93,房屋户型,1室0厅1卫,所在楼层,低楼层 (共32层),建筑面积,55.57O,户型结构,平层,建筑类型,板塔结合,房屋朝向,南,建筑结构,钢混结构,装修情况,精装,梯户比例,六梯四十一户,供暖方式,集中供暖,配备电梯,有
所在区域,高新园区,房屋总价,109,房屋户型,2室1厅1卫,所在楼层,高楼层 (共30层),建筑面积,53.89O,户型结构,平层,套内面积,53.89O,建筑类型,塔楼,房屋朝向,北,建筑结构,钢混结构,装修情况,精装,梯户比例,八梯四十户,供暖方式,集中供暖,配备电梯,有
所在区域,高新园区,房屋总价,63,房屋户型,1室0厅1卫,所在楼层,中楼层 (共11层),建筑面积,39.91O,户型结构,平层,建筑类型,塔楼,房屋朝向,西南,建筑结构,钢混结构,装修情况,其他,梯户比例,五梯五十六户,供暖方式,集中供暖,配备电梯,有
所在区域,高新园区,房屋总价,219,房屋户型,2室2厅1卫,所在楼层,高楼层 (共6层),建筑面积,83.95O,户型结构,跃层,建筑类型,板楼,房屋朝向,南 北,建筑结构,钢混结构,装修情况,精装,梯户比例,一梯两户,供暖方式,集中供暖
所在区域,高新园区,房屋总价,266,房屋户型,2室2厅1卫,所在楼层,高楼层 (共33层),建筑面积,96.76O,户型结构,平层,建筑类型,板楼,房屋朝向,南 北,建筑结构,钢混结构,装修情况,精装,梯户比例,两梯三户,供暖方式,集中供暖,配备电梯,有
所在区域,高新园区,房屋总价,92,房屋户型,2室1厅1卫,所在楼层,中楼层 (共11层),建筑面积,60.08O,户型结构,平层,建筑类型,板楼,房屋朝向,东,建筑结构,钢混结构,装修情况,精装,梯户比例,一梯五户,供暖方式,集中供暖,配备电梯,有
所在区域,高新园区,房屋总价,195,房屋户型,1室1厅1卫,所在楼层,中楼层 (共25层),建筑面积,58.15O,户型结构,平层,建筑类型,板塔结合,房屋朝向,南,建筑结构,钢混结构,装修情况,精装,梯户比例,一梯三户,供暖方式,集中供暖,配备电梯,有
所在区域,高新园区,房屋总价,149,房屋户型,3室2厅1卫,所在楼层,低楼层 (共6层),建筑面积,83.57O,户型结构,平层,建筑类型,板楼,房屋朝向,南 北,建筑结构,砖混结构,装修情况,精装,梯户比例,一梯两户,供暖方式,集中供暖
所在区域,高新园区,房屋总价,400,房屋户型,3室2厅1卫,所在楼层,低楼层 (共34层),建筑面积,105.87O,户型结构,平层,套内面积,105.87O,建筑类型,板楼,房屋朝向,南 北,建筑结构,钢混结构,装修情况,精装,梯户比例,一梯两户,供暖方式,集中供暖,配备电梯,有
所在区域,高新园区,房屋总价,127,房屋户型,2室1厅1卫,所在楼层,低楼层 (共6层),建筑面积,75.79O,户型结构,平层,建筑类型,板楼,房屋朝向,南 北,建筑结构,砖混结构,装修情况,精装,梯户比例,一梯两户,供暖方式,集中供暖
所在区域,高新园区,房屋总价,218,房屋户型,2室1厅1卫,所在楼层,中楼层 (共31层),建筑面积,71.15O,户型结构,平层,建筑类型,板楼,房屋朝向,南 北,建筑结构,钢混结构,装修情况,简装,梯户比例,一梯三户,供暖方式,集中供暖,配备电梯,有
所在区域,高新园区,房屋总价,158,房屋户型,3室2厅1卫,所在楼层,高楼层 (共6层),建筑面积,89.02O,户型结构,平层,建筑类型,板楼,房屋朝向,南 北,建筑结构,砖混结构,装修情况,精装,梯户比例,一梯三户,供暖方式,集中供暖
所在区域,高新园区,房屋总价,144.5,房屋户型,2室1厅1卫,所在楼层,低楼层 (共6层),建筑面积,73.5O,户型结构,平层,建筑类型,板楼,房屋朝向,南 北,建筑结构,砖混结构,装修情况,精装,梯户比例,一梯三户,供暖方式,集中供暖
所在区域,高新园区,房屋总价,190,房屋户型,3室2厅1卫,所在楼层,高楼层 (共7层),建筑面积,136.88O,户型结构,平层,建筑类型,板楼,房屋朝向,南 北,建筑结构,钢混结构,装修情况,精装,梯户比例,一梯两户,供暖方式,集中供暖
所在区域,高新园区,房屋总价,315,房屋户型,3室1厅1卫,所在楼层,高楼层 (共25层),建筑面积,110.32O,户型结构,平层,建筑类型,板塔结合,房屋朝向,南 西 北,建筑结构,钢混结构,装修情况,简装,梯户比例,一梯三户,供暖方式,集中供暖,配备电梯,有
所在区域,高新园区,房屋总价,158,房屋户型,2室1厅1卫,所在楼层,中楼层 (共6层),建筑面积,73.53O,户型结构,平层,建筑类型,板楼,房屋朝向,南 北,建筑结构,混合结构,装修情况,简装,梯户比例,一梯两户,供暖方式,集中供暖
所在区域,高新园区,房屋总价,158,房屋户型,3室1厅1卫,所在楼层,高楼层 (共30层),建筑面积,79.55O,户型结构,平层,建筑类型,塔楼,房屋朝向,南,建筑结构,钢混结构,装修情况,精装,梯户比例,八梯四十户,供暖方式,集中供暖,配备电梯,有
所在区域,高新园区,房屋总价,107,房屋户型,2室1厅1卫,所在楼层,低楼层 (共30层),建筑面积,56.87O,户型结构,平层,建筑类型,塔楼,房屋朝向,北 东北,建筑结构,钢混结构,装修情况,其他,梯户比例,八梯四十户,供暖方式,集中供暖,配备电梯,有
所在区域,高新园区,房屋总价,295.5,房屋户型,3室1厅2卫,所在楼层,低楼层 (共13层),建筑面积,114.37O,户型结构,平层,建筑类型,板楼,房屋朝向,南 北,建筑结构,钢混结构,装修情况,精装,梯户比例,一梯三户,供暖方式,集中供暖,配备电梯,有
所在区域,高新园区,房屋总价,430,房屋户型,3室2厅2卫,所在楼层,低楼层 (共34层),建筑面积,128.57O,户型结构,平层,建筑类型,板楼,房屋朝向,南 北,建筑结构,钢混结构,装修情况,其他,梯户比例,一梯两户,供暖方式,集中供暖,配备电梯,有
所在区域,高新园区,房屋总价,370,房屋户型,3室1厅1卫,所在楼层,中楼层 (共6层),建筑面积,116.4O,户型结构,平层,建筑类型,板楼,房屋朝向,南 北,建筑结构,钢混结构,装修情况,精装,梯户比例,一梯两户,供暖方式,集中供暖,配备电梯,有
所在区域,高新园区,房屋总价,187,房屋户型,2室1厅1卫,所在楼层,中楼层 (共32层),建筑面积,64.55O,户型结构,平层,建筑类型,板楼,房屋朝向,南,建筑结构,钢混结构,装修情况,精装,梯户比例,两梯三户,供暖方式,集中供暖,配备电梯,有
所在区域,高新园区,房屋总价,345,房屋户型,3室2厅2卫,所在楼层,中楼层 (共10层),建筑面积,120.18O,户型结构,平层,建筑类型,板楼,房屋朝向,南 北,建筑结构,钢混结构,装修情况,精装,梯户比例,三梯两户,供暖方式,集中供暖,配备电梯,有
所在区域,高新园区,房屋总价,510,房屋户型,3室2厅1卫,所在楼层,低楼层 (共23层),建筑面积,136.75O,户型结构,平层,建筑类型,板楼,房屋朝向,南 北,建筑结构,钢混结构,装修情况,精装,梯户比例,两梯四户,供暖方式,集中供暖,配备电梯,有
所在区域,高新园区,房屋总价,245,房屋户型,2室1厅1卫,所在楼层,高楼层 (共18层),建筑面积,79.6O,户型结构,平层,建筑类型,板楼,房屋朝向,南,建筑结构,钢混结构,装修情况,其他,梯户比例,两梯四户,供暖方式,集中供暖,配备电梯,有
所在区域,高新园区,房屋总价,219,房屋户型,2室1厅1卫,所在楼层,中楼层 (共5层),建筑面积,97.08O,户型结构,平层,建筑类型,板楼,房屋朝向,南 北,建筑结构,钢混结构,装修情况,简装,梯户比例,一梯两户,供暖方式,集中供暖
所在区域,高新园区,房屋总价,90,房屋户型,2室1厅1卫,所在楼层,低楼层 (共7层),建筑面积,56.79O,户型结构,平层,套内面积,49.32O,建筑类型,板楼,房屋朝向,西北,建筑结构,混合结构,装修情况,简装,梯户比例,一梯四户,供暖方式,集中供暖
所在区域,高新园区,房屋总价,240,房屋户型,2室1厅1卫,所在楼层,高楼层 (共29层),建筑面积,89.11O,户型结构,平层,建筑类型,板楼,房屋朝向,南,建筑结构,钢混结构,装修情况,其他,梯户比例,两梯四户,供暖方式,集中供暖,配备电梯,有
所在区域,高新园区,房屋总价,76,房屋户型,2室1厅1卫,所在楼层,高楼层 (共6层),建筑面积,59O,户型结构,平层,建筑类型,板楼,房屋朝向,南 北,建筑结构,钢混结构,装修情况,简装,梯户比例,一梯三户,供暖方式,集中供暖
所在区域,高新园区,房屋总价,288,房屋户型,2室2厅1卫,所在楼层,高楼层 (共32层),建筑面积,80.91O,户型结构,平层,建筑类型,板楼,房屋朝向,南,建筑结构,钢混结构,装修情况,精装,梯户比例,两梯四户,供暖方式,集中供暖,配备电梯,有
所在区域,高新园区,房屋总价,349,房屋户型,3室1厅1卫,所在楼层,高楼层 (共25层),建筑面积,112.99O,户型结构,平层,建筑类型,板塔结合,房屋朝向,南 北,建筑结构,钢混结构,装修情况,精装,梯户比例,一梯三户,供暖方式,集中供暖,配备电梯,有
所在区域,高新园区,房屋总价,193.9,房屋户型,2室1厅1卫,所在楼层,高楼层 (共18层),建筑面积,70.73O,户型结构,平层,建筑类型,板楼,房屋朝向,南,建筑结构,钢混结构,装修情况,精装,梯户比例,两梯三户,供暖方式,集中供暖,配备电梯,有
所在区域,高新园区,房屋总价,153,房屋户型,1室1厅1卫,所在楼层,低楼层 (共31层),建筑面积,50.74O,户型结构,平层,建筑类型,板塔结合,房屋朝向,西南 北,建筑结构,钢混结构,装修情况,精装,梯户比例,五梯二十一户,供暖方式,集中供暖,配备电梯,有
所在区域,高新园区,房屋总价,413.5,房屋户型,4室1厅2卫,所在楼层,中楼层 (共30层),建筑面积,149.22O,户型结构,平层,建筑类型,板楼,房屋朝向,南 北,建筑结构,钢混结构,装修情况,其他,梯户比例,两梯四户,供暖方式,集中供暖,配备电梯,有
所在区域,高新园区,房屋总价,92,房屋户型,1室1厅1卫,所在楼层,低楼层 (共32层),建筑面积,57.64O,户型结构,平层,建筑类型,板塔结合,房屋朝向,南,建筑结构,钢混结构,装修情况,其他,梯户比例,六梯四十八户,供暖方式,集中供暖,配备电梯,有
所在区域,高新园区,房屋总价,246,房屋户型,2室1厅1卫,所在楼层,低楼层 (共30层),建筑面积,76.94O,户型结构,平层,建筑类型,板楼,房屋朝向,南,建筑结构,钢混结构,装修情况,精装,梯户比例,两梯四户,供暖方式,集中供暖,配备电梯,有
所在区域,高新园区,房屋总价,310,房屋户型,3室2厅1卫,所在楼层,低楼层 (共30层),建筑面积,96.2O,户型结构,平层,建筑类型,板楼,房屋朝向,南 北,建筑结构,钢混结构,装修情况,精装,梯户比例,两梯四户,供暖方式,集中供暖,配备电梯,有
所在区域,高新园区,房屋总价,162,房屋户型,2室2厅1卫,所在楼层,低楼层 (共22层),建筑面积,77.49O,户型结构,平层,建筑类型,板楼,房屋朝向,南,建筑结构,钢混结构,装修情况,其他,梯户比例,两梯四户,供暖方式,集中供暖,配备电梯,有
所在区域,高新园区,房屋总价,280,房屋户型,2室2厅1卫,所在楼层,低楼层 (共33层),建筑面积,97.51O,户型结构,平层,建筑类型,板楼,房屋朝向,南 北,建筑结构,钢混结构,装修情况,精装,梯户比例,一梯两户,供暖方式,集中供暖,配备电梯,有
所在区域,高新园区,房屋总价,179,房屋户型,2室1厅1卫,所在楼层,中楼层 (共27层),建筑面积,55.3O,户型结构,平层,建筑类型,板楼,房屋朝向,南,建筑结构,砖混结构,装修情况,简装,梯户比例,一梯三户,供暖方式,集中供暖,配备电梯,有
所在区域,高新园区,房屋总价,89.8,房屋户型,1室0厅1卫,所在楼层,低楼层 (共24层),建筑面积,46.93O,户型结构,平层,建筑类型,板楼,房屋朝向,南,建筑结构,钢混结构,装修情况,精装,梯户比例,四梯二十五户,供暖方式,集中供暖,配备电梯,有
所在区域,高新园区,房屋总价,231,房屋户型,2室1厅2卫,所在楼层,低楼层 (共18层),建筑面积,76.19O,户型结构,平层,建筑类型,板楼,房屋朝向,南,建筑结构,钢混结构,装修情况,其他,梯户比例,两梯四户,供暖方式,集中供暖,配备电梯,有
所在区域,高新园区,房屋总价,350,房屋户型,3室1厅2卫,所在楼层,低楼层 (共13层),建筑面积,117.42O,户型结构,平层,建筑类型,板楼,房屋朝向,南 北,建筑结构,钢混结构,装修情况,精装,梯户比例,两梯八户,供暖方式,集中供暖,配备电梯,有
所在区域,高新园区,房屋总价,332,房屋户型,3室2厅2卫,所在楼层,中楼层 (共18层),建筑面积,124.93O,户型结构,平层,建筑类型,板楼,房屋朝向,南 北,建筑结构,钢混结构,装修情况,毛坯,梯户比例,两梯三户,供暖方式,集中供暖,配备电梯,有
所在区域,高新园区,房屋总价,215,房屋户型,2室1厅1卫,所在楼层,中楼层 (共23层),建筑面积,66.19O,户型结构,平层,套内面积,49.36O,建筑类型,板楼,房屋朝向,南,建筑结构,钢混结构,装修情况,其他,梯户比例,两梯六户,供暖方式,集中供暖,配备电梯,有
所在区域,高新园区,房屋总价,89.8,房屋户型,2室1厅1卫,所在楼层,高楼层 (共7层),建筑面积,62.34O,户型结构,平层,建筑类型,板楼,房屋朝向,西南,建筑结构,钢混结构,装修情况,简装,梯户比例,一梯六户,供暖方式,集中供暖
所在区域,高新园区,房屋总价,329,房屋户型,3室2厅2卫,所在楼层,高楼层 (共11层),建筑面积,132.52O,户型结构,平层,建筑类型,板楼,房屋朝向,南 北,建筑结构,钢混结构,装修情况,精装,梯户比例,一梯两户,供暖方式,集中供暖,配备电梯,有
所在区域,高新园区,房屋总价,184.9,房屋户型,2室2厅1卫,所在楼层,低楼层 (共6层),建筑面积,80.1O,户型结构,平层,建筑类型,板楼,房屋朝向,南 北,建筑结构,钢混结构,装修情况,简装,梯户比例,一梯两户,供暖方式,集中供暖
所在区域,高新园区,房屋总价,115,房屋户型,1室1厅1卫,所在楼层,中楼层 (共11层),建筑面积,50.24O,户型结构,平层,建筑类型,板楼,房屋朝向,南,建筑结构,钢混结构,装修情况,精装,梯户比例,两梯四户,供暖方式,集中供暖,配备电梯,有
所在区域,高新园区,房屋总价,381,房屋户型,3室2厅2卫,所在楼层,高楼层 (共18层),建筑面积,125O,户型结构,平层,建筑类型,板楼,房屋朝向,南 北,建筑结构,钢混结构,装修情况,精装,梯户比例,两梯三户,供暖方式,集中供暖,配备电梯,有
所在区域,高新园区,房屋总价,114.5,房屋户型,1室1厅1卫,所在楼层,中楼层 (共32层),建筑面积,34.49O,户型结构,平层,建筑类型,板塔结合,房屋朝向,北 西,建筑结构,钢混结构,装修情况,精装,梯户比例,两梯六户,供暖方式,集中供暖,配备电梯,有
所在区域,高新园区,房屋总价,149,房屋户型,3室1厅1卫,所在楼层,高楼层 (共7层),建筑面积,95.4O,户型结构,平层,建筑类型,板楼,房屋朝向,南 北,建筑结构,砖混结构,装修情况,精装,梯户比例,一梯两户,供暖方式,集中供暖
所在区域,高新园区,房屋总价,242,房屋户型,2室2厅1卫,所在楼层,中楼层 (共32层),建筑面积,77.15O,户型结构,平层,套内面积,57.42O,建筑类型,板楼,房屋朝向,南,建筑结构,钢混结构,装修情况,简装,梯户比例,两梯四户,供暖方式,集中供暖,配备电梯,有
所在区域,高新园区,房屋总价,179,房屋户型,1室1厅1卫,所在楼层,高楼层 (共23层),建筑面积,62.18O,户型结构,平层,套内面积,46.34O,建筑类型,板楼,房屋朝向,南,建筑结构,钢混结构,装修情况,精装,梯户比例,两梯六户,供暖方式,集中供暖,配备电梯,有
所在区域,高新园区,房屋总价,91,房屋户型,1室1厅1卫,所在楼层,中楼层 (共32层),建筑面积,56.92O,户型结构,平层,建筑类型,板塔结合,房屋朝向,西南,建筑结构,钢混结构,装修情况,其他,梯户比例,六梯四十一户,供暖方式,集中供暖,配备电梯,有
所在区域,高新园区,房屋总价,268,房屋户型,2室2厅1卫,所在楼层,低楼层 (共30层),建筑面积,89.33O,户型结构,平层,套内面积,65.71O,建筑类型,板楼,房屋朝向,南,建筑结构,钢混结构,装修情况,简装,梯户比例,两梯四户,供暖方式,集中供暖,配备电梯,有
所在区域,高新园区,房屋总价,328,房屋户型,3室2厅1卫,所在楼层,中楼层 (共16层),建筑面积,96.24O,户型结构,平层,建筑类型,板楼,房屋朝向,南 北,建筑结构,钢混结构,装修情况,精装,梯户比例,两梯三户,供暖方式,集中供暖,配备电梯,有
所在区域,高新园区,房屋总价,65,房屋户型,2室0厅1卫,所在楼层,中楼层 (共5层),建筑面积,38.6O,户型结构,平层,建筑类型,板楼,房屋朝向,南,建筑结构,混合结构,装修情况,精装,梯户比例,一梯四户,供暖方式,集中供暖
所在区域,高新园区,房屋总价,325,房屋户型,2室1厅1卫,所在楼层,中楼层 (共32层),建筑面积,98.64O,户型结构,平层,建筑类型,板楼,房屋朝向,南,建筑结构,钢混结构,装修情况,精装,梯户比例,两梯三户,供暖方式,集中供暖,配备电梯,有
所在区域,高新园区,房屋总价,368,房屋户型,3室2厅2卫,所在楼层,低楼层 (共30层),建筑面积,123.69O,户型结构,平层,建筑类型,板楼,房屋朝向,南 北,建筑结构,钢混结构,装修情况,其他,梯户比例,一梯三户,供暖方式,集中供暖,配备电梯,有
所在区域,高新园区,房屋总价,301,房屋户型,3室2厅1卫,所在楼层,低楼层 (共13层),建筑面积,123.81O,户型结构,平层,建筑类型,板楼,房屋朝向,南 北,建筑结构,钢混结构,装修情况,简装,梯户比例,一梯两户,供暖方式,集中供暖,配备电梯,有
所在区域,高新园区,房屋总价,179,房屋户型,3室2厅1卫,所在楼层,高楼层 (共6层),建筑面积,108.95O,户型结构,平层,建筑类型,板楼,房屋朝向,南 北,建筑结构,砖混结构,装修情况,精装,梯户比例,一梯三户,供暖方式,集中供暖
所在区域,高新园区,房屋总价,290,房屋户型,2室2厅1卫,所在楼层,高楼层 (共14层),建筑面积,94.78O,户型结构,平层,建筑类型,板楼,房屋朝向,南 北,建筑结构,钢混结构,装修情况,简装,梯户比例,一梯三户,供暖方式,集中供暖,配备电梯,有
所在区域,高新园区,房屋总价,300,房屋户型,3室2厅1卫,所在楼层,高楼层 (共9层),建筑面积,129.75O,户型结构,平层,建筑类型,板楼,房屋朝向,南 北,建筑结构,钢混结构,装修情况,精装,梯户比例,一梯两户,供暖方式,集中供暖,配备电梯,有
所在区域,高新园区,房屋总价,98,房屋户型,1室1厅1卫,所在楼层,低楼层 (共30层),建筑面积,48.04O,户型结构,平层,建筑类型,塔楼,房屋朝向,西南,建筑结构,钢混结构,装修情况,其他,梯户比例,三梯八户,供暖方式,集中供暖,配备电梯,有
所在区域,高新园区,房屋总价,223,房屋户型,2室1厅1卫,所在楼层,中楼层 (共6层),建筑面积,90.68O,户型结构,平层,建筑类型,板楼,房屋朝向,南 北,建筑结构,钢混结构,装修情况,简装,梯户比例,一梯两户,供暖方式,集中供暖
所在区域,高新园区,房屋总价,62,房屋户型,1室1厅1卫,所在楼层,中楼层 (共11层),建筑面积,39.91O,户型结构,平层,建筑类型,塔楼,房屋朝向,西南,建筑结构,钢混结构,装修情况,精装,梯户比例,五梯五十六户,供暖方式,集中供暖,配备电梯,有
所在区域,高新园区,房屋总价,79,房屋户型,1室1厅1卫,所在楼层,低楼层 (共6层),建筑面积,46.54O,户型结构,平层,建筑类型,板楼,房屋朝向,南,建筑结构,砖混结构,装修情况,简装,梯户比例,一梯三户,供暖方式,集中供暖
所在区域,高新园区,房屋总价,150,房屋户型,3室1厅1卫,所在楼层,低楼层 (共30层),建筑面积,79O,户型结构,平层,建筑类型,塔楼,房屋朝向,南,建筑结构,钢混结构,装修情况,精装,梯户比例,八梯四十户,供暖方式,集中供暖,配备电梯,有
所在区域,高新园区,房屋总价,415,房屋户型,3室2厅1卫,所在楼层,中楼层 (共33层),建筑面积,116.28O,户型结构,平层,建筑类型,板塔结合,房屋朝向,南 北,建筑结构,钢混结构,装修情况,精装,梯户比例,两梯两户,供暖方式,集中供暖,配备电梯,有
所在区域,高新园区,房屋总价,130,房屋户型,2室2厅1卫,所在楼层,中楼层 (共11层),建筑面积,106.41O,户型结构,平层,建筑类型,塔楼,房屋朝向,西北,建筑结构,钢混结构,装修情况,精装,梯户比例,五梯五十六户,供暖方式,集中供暖,配备电梯,有
所在区域,高新园区,房屋总价,83.5,房屋户型,1室0厅1卫,所在楼层,中楼层 (共28层),建筑面积,56.29O,户型结构,平层,建筑类型,板塔结合,房屋朝向,东北,建筑结构,钢混结构,装修情况,简装,梯户比例,五梯二十户,供暖方式,集中供暖,配备电梯,有
所在区域,高新园区,房屋总价,320,房屋户型,3室2厅1卫,所在楼层,低楼层 (共6层),建筑面积,107.62O,户型结构,平层,建筑类型,板楼,房屋朝向,南 北,建筑结构,钢混结构,装修情况,精装,梯户比例,一梯两户,供暖方式,集中供暖
所在区域,高新园区,房屋总价,230,房屋户型,2室2厅1卫,所在楼层,中楼层 (共18层),建筑面积,79.59O,户型结构,平层,建筑类型,板楼,房屋朝向,南,建筑结构,钢混结构,装修情况,精装,梯户比例,两梯四户,供暖方式,集中供暖,配备电梯,有
所在区域,高新园区,房屋总价,130,房屋户型,2室1厅1卫,所在楼层,中楼层 (共6层),建筑面积,76.28O,户型结构,平层,建筑类型,板楼,房屋朝向,南 北,建筑结构,混合结构,装修情况,精装,梯户比例,一梯四户,供暖方式,集中供暖
所在区域,高新园区,房屋总价,285,房屋户型,3室2厅1卫,所在楼层,中楼层 (共25层),建筑面积,95.93O,户型结构,平层,建筑类型,板楼,房屋朝向,南 北,建筑结构,钢混结构,装修情况,精装,梯户比例,两梯三户,供暖方式,集中供暖,配备电梯,有
所在区域,高新园区,房屋总价,305,房屋户型,2室2厅1卫,所在楼层,中楼层 (共34层),建筑面积,86.1O,户型结构,平层,建筑类型,板楼,房屋朝向,南 北,建筑结构,钢混结构,装修情况,其他,梯户比例,一梯两户,供暖方式,集中供暖,配备电梯,有
所在区域,高新园区,房屋总价,245,房屋户型,2室1厅1卫,所在楼层,高楼层 (共18层),建筑面积,78.49O,户型结构,平层,建筑类型,板楼,房屋朝向,南,建筑结构,钢混结构,装修情况,其他,梯户比例,两梯四户,供暖方式,集中供暖,配备电梯,有
所在区域,高新园区,房屋总价,123,房屋户型,2室1厅1卫,所在楼层,高楼层 (共7层),建筑面积,77.91O,户型结构,平层,建筑类型,板塔结合,房屋朝向,南 北,建筑结构,砖混结构,装修情况,简装,梯户比例,一梯三户,供暖方式,集中供暖
所在区域,高新园区,房屋总价,61.5,房屋户型,1室0厅1卫,所在楼层,中楼层 (共11层),建筑面积,39.91O,户型结构,平层,建筑类型,塔楼,房屋朝向,西南,建筑结构,钢混结构,装修情况,精装,梯户比例,五梯五十六户,供暖方式,集中供暖,配备电梯,有
所在区域,高新园区,房屋总价,60.5,房屋户型,1室0厅1卫,所在楼层,低楼层 (共11层),建筑面积,43.62O,户型结构,平层,建筑类型,塔楼,房屋朝向,西,建筑结构,钢混结构,装修情况,其他,梯户比例,五梯五十一户,供暖方式,集中供暖,配备电梯,有
所在区域,高新园区,房屋总价,262,房屋户型,2室2厅1卫,所在楼层,低楼层 (共19层),建筑面积,107.75O,户型结构,平层,建筑类型,板楼,房屋朝向,南 东 北,建筑结构,钢混结构,装修情况,简装,梯户比例,两梯两户,供暖方式,集中供暖,配备电梯,有
所在区域,高新园区,房屋总价,315,房屋户型,2室1厅1卫,所在楼层,高楼层 (共32层),建筑面积,85.58O,户型结构,平层,建筑类型,板楼,房屋朝向,南 北,建筑结构,钢混结构,装修情况,其他,梯户比例,一梯三户,供暖方式,集中供暖,配备电梯,有
所在区域,高新园区,房屋总价,85,房屋户型,1室0厅1卫,所在楼层,低楼层 (共32层),建筑面积,50.8O,户型结构,平层,建筑类型,板塔结合,房屋朝向,东北,建筑结构,钢混结构,装修情况,精装,梯户比例,六梯四十一户,供暖方式,集中供暖,配备电梯,有
所在区域,高新园区,房屋总价,158,房屋户型,1室1厅1卫,所在楼层,低楼层 (共33层),建筑面积,56.32O,户型结构,平层,建筑类型,板塔结合,房屋朝向,南,建筑结构,钢混结构,装修情况,精装,梯户比例,两梯四户,供暖方式,集中供暖,配备电梯,有
所在区域,高新园区,房屋总价,165,房屋户型,2室1厅1卫,所在楼层,高楼层 (共30层),建筑面积,62.14O,户型结构,平层,建筑类型,塔楼,房屋朝向,西南,建筑结构,钢混结构,装修情况,精装,梯户比例,三梯八户,供暖方式,集中供暖,配备电梯,有
所在区域,高新园区,房屋总价,102,房屋户型,1室1厅1卫,所在楼层,低楼层 (共29层),建筑面积,48O,户型结构,平层,建筑类型,塔楼,房屋朝向,西北,建筑结构,钢混结构,装修情况,精装,梯户比例,三梯八户,供暖方式,集中供暖,配备电梯,有
所在区域,高新园区,房屋总价,223,房屋户型,2室2厅1卫,所在楼层,低楼层 (共12层),建筑面积,98.71O,户型结构,平层,建筑类型,板楼,房屋朝向,南 北,建筑结构,钢混结构,装修情况,简装,梯户比例,一梯两户,供暖方式,集中供暖,配备电梯,有
所在区域,高新园区,房屋总价,203,房屋户型,3室2厅1卫,所在楼层,高楼层 (共7层),建筑面积,104.94O,户型结构,平层,建筑类型,板楼,房屋朝向,南 北,建筑结构,砖混结构,装修情况,精装,梯户比例,一梯两户,供暖方式,集中供暖
所在区域,高新园区,房屋总价,269,房屋户型,3室2厅1卫,所在楼层,高楼层 (共12层),建筑面积,95.42O,户型结构,平层,建筑类型,板楼,房屋朝向,南 北,建筑结构,钢混结构,装修情况,简装,梯户比例,一梯两户,供暖方式,集中供暖,配备电梯,有
所在区域,高新园区,房屋总价,207,房屋户型,3室2厅2卫,所在楼层,高楼层 (共5层),建筑面积,101.93O,户型结构,平层,建筑类型,板楼,房屋朝向,南 北,建筑结构,钢混结构,装修情况,简装,梯户比例,一梯两户,供暖方式,集中供暖
所在区域,高新园区,房屋总价,137,房屋户型,1室1厅1卫,所在楼层,中楼层 (共18层),建筑面积,54.5O,户型结构,平层,建筑类型,板楼,房屋朝向,南,建筑结构,钢混结构,装修情况,简装,梯户比例,两梯四户,供暖方式,集中供暖,配备电梯,有
所在区域,高新园区,房屋总价,335,房屋户型,3室1厅1卫,所在楼层,高楼层 (共22层),建筑面积,117.89O,户型结构,平层,套内面积,89.64O,建筑类型,板楼,房屋朝向,南 北,建筑结构,钢混结构,装修情况,精装,梯户比例,两梯三户,供暖方式,集中供暖,配备电梯,有
所在区域,高新园区,房屋总价,73,房屋户型,1室0厅1卫,所在楼层,高楼层 (共24层),建筑面积,37.4O,户型结构,平层,建筑类型,板楼,房屋朝向,西北,建筑结构,钢混结构,装修情况,简装,梯户比例,四梯二十五户,供暖方式,集中供暖,配备电梯,有
所在区域,高新园区,房屋总价,480,房屋户型,5室3厅2卫,所在楼层,低楼层 (共30层),建筑面积,136.4O,户型结构,平层,建筑类型,板楼,房屋朝向,南 北,建筑结构,钢混结构,装修情况,精装,梯户比例,两梯四户,供暖方式,集中供暖,配备电梯,有
所在区域,高新园区,房屋总价,85,房屋户型,1室0厅1卫,所在楼层,低楼层 (共32层),建筑面积,36.2O,户型结构,平层,建筑类型,板楼,房屋朝向,南,建筑结构,钢混结构,装修情况,精装,梯户比例,两梯五户,供暖方式,集中供暖,配备电梯,有
所在区域,高新园区,房屋总价,170,房屋户型,2室1厅1卫,所在楼层,高楼层 (共34层),建筑面积,42.53O,户型结构,平层,建筑类型,塔楼,房屋朝向,南,建筑结构,钢混结构,装修情况,精装,梯户比例,三梯八户,供暖方式,集中供暖,配备电梯,有
所在区域,高新园区,房屋总价,430,房屋户型,4室2厅2卫,所在楼层,高楼层 (共8层),建筑面积,170.97O,户型结构,平层,建筑类型,板楼,房屋朝向,南 北,建筑结构,钢混结构,装修情况,精装,梯户比例,一梯两户,供暖方式,集中供暖,配备电梯,有
所在区域,高新园区,房屋总价,268,房屋户型,2室1厅1卫,所在楼层,中楼层 (共28层),建筑面积,85.11O,户型结构,平层,建筑类型,板楼,房屋朝向,南,建筑结构,钢混结构,装修情况,其他,梯户比例,两梯三户,供暖方式,集中供暖,配备电梯,有
所在区域,高新园区,房屋总价,200,房屋户型,2室1厅1卫,所在楼层,低楼层 (共30层),建筑面积,84.91O,户型结构,平层,建筑类型,塔楼,房屋朝向,东 南,建筑结构,钢混结构,装修情况,简装,梯户比例,三梯八户,供暖方式,集中供暖,配备电梯,有
所在区域,高新园区,房屋总价,268,房屋户型,2室1厅1卫,所在楼层,中楼层 (共32层),建筑面积,68.46O,户型结构,平层,建筑类型,板楼,房屋朝向,南,建筑结构,钢混结构,装修情况,精装,梯户比例,一梯三户,供暖方式,集中供暖,配备电梯,有
所在区域,高新园区,房屋总价,103,房屋户型,1室0厅1卫,所在楼层,中楼层 (共32层),建筑面积,61.69O,户型结构,平层,建筑类型,板塔结合,房屋朝向,西南,建筑结构,钢混结构,装修情况,精装,梯户比例,六梯四十一户,供暖方式,集中供暖,配备电梯,有
所在区域,高新园区,房屋总价,57,房屋户型,1室2厅1卫,所在楼层,高楼层 (共6层),建筑面积,48.29O,户型结构,平层,建筑类型,板楼,房屋朝向,南,建筑结构,砖混结构,装修情况,精装,梯户比例,一梯四户,供暖方式,集中供暖
所在区域,高新园区,房屋总价,229,房屋户型,2室1厅1卫,所在楼层,中楼层 (共25层),建筑面积,73.86O,户型结构,平层,建筑类型,板楼,房屋朝向,南,建筑结构,钢混结构,装修情况,精装,梯户比例,两梯四户,供暖方式,集中供暖,配备电梯,有
所在区域,高新园区,房屋总价,165,房屋户型,2室1厅1卫,所在楼层,中楼层 (共6层),建筑面积,86.94O,户型结构,平层,建筑类型,板楼,房屋朝向,南 北,建筑结构,砖混结构,装修情况,精装,梯户比例,一梯两户,供暖方式,集中供暖
所在区域,高新园区,房屋总价,193,房屋户型,1室1厅1卫,所在楼层,高楼层 (共32层),建筑面积,64.55O,户型结构,平层,建筑类型,板楼,房屋朝向,南,建筑结构,钢混结构,装修情况,精装,梯户比例,两梯三户,供暖方式,集中供暖,配备电梯,有
所在区域,高新园区,房屋总价,126,房屋户型,2室1厅1卫,所在楼层,低楼层 (共5层),建筑面积,52.47O,户型结构,平层,建筑类型,板楼,房屋朝向,南,建筑结构,钢混结构,装修情况,其他,梯户比例,一梯三户,供暖方式,集中供暖
所在区域,高新园区,房屋总价,136,房屋户型,1室1厅1卫,所在楼层,低楼层 (共31层),建筑面积,46.87O,户型结构,平层,套内面积,34.09O,建筑类型,塔楼,房屋朝向,东北,建筑结构,钢混结构,装修情况,简装,梯户比例,五梯二十一户,供暖方式,集中供暖,配备电梯,有
所在区域,高新园区,房屋总价,161,房屋户型,2室1厅1卫,所在楼层,中楼层 (共30层),建筑面积,62.38O,户型结构,平层,套内面积,48O,建筑类型,塔楼,房屋朝向,西,建筑结构,钢混结构,装修情况,其他,梯户比例,三梯八户,供暖方式,集中供暖,配备电梯,有
所在区域,高新园区,房屋总价,131,房屋户型,2室1厅1卫,所在楼层,中楼层 (共29层),建筑面积,43.9O,户型结构,平层,套内面积,36O,建筑类型,塔楼,房屋朝向,东,建筑结构,钢混结构,装修情况,其他,梯户比例,三梯八户,供暖方式,集中供暖,配备电梯,有
所在区域,高新园区,房屋总价,159,房屋户型,3室2厅1卫,所在楼层,高楼层 (共6层),建筑面积,90.05O,户型结构,平层,建筑类型,板楼,房屋朝向,南 北,建筑结构,混合结构,装修情况,简装,梯户比例,一梯两户,供暖方式,集中供暖
所在区域,高新园区,房屋总价,180,房屋户型,2室1厅1卫,所在楼层,中楼层 (共29层),建筑面积,72.45O,户型结构,平层,建筑类型,塔楼,房屋朝向,南 西,建筑结构,钢混结构,装修情况,精装,梯户比例,三梯九户,供暖方式,集中供暖,配备电梯,有
所在区域,高新园区,房屋总价,78,房屋户型,1室0厅1卫,所在楼层,中楼层 (共28层),建筑面积,44.66O,户型结构,平层,建筑类型,板楼,房屋朝向,南,建筑结构,钢混结构,装修情况,精装,梯户比例,三梯七户,供暖方式,集中供暖,配备电梯,有
所在区域,高新园区,房屋总价,240,房屋户型,2室1厅1卫,所在楼层,高楼层 (共18层),建筑面积,78.33O,户型结构,平层,建筑类型,板楼,房屋朝向,南,建筑结构,钢混结构,装修情况,精装,梯户比例,两梯四户,供暖方式,集中供暖,配备电梯,有
所在区域,高新园区,房屋总价,109.5,房屋户型,2室0厅1卫,所在楼层,高楼层 (共5层),建筑面积,53.16O,户型结构,平层,套内面积,50O,建筑类型,板楼,房屋朝向,西南,建筑结构,钢混结构,装修情况,其他,梯户比例,一梯三户,供暖方式,集中供暖
所在区域,高新园区,房屋总价,138,房屋户型,2室1厅1卫,所在楼层,高楼层 (共28层),建筑面积,81.72O,户型结构,平层,建筑类型,板楼,房屋朝向,南 北,建筑结构,钢混结构,装修情况,精装,梯户比例,两梯七户,供暖方式,集中供暖,配备电梯,有
所在区域,高新园区,房屋总价,288,房屋户型,3室1厅1卫,所在楼层,高楼层 (共18层),建筑面积,91.41O,户型结构,平层,建筑类型,板楼,房屋朝向,南 北,建筑结构,钢混结构,装修情况,其他,梯户比例,两梯四户,供暖方式,集中供暖,配备电梯,有
所在区域,高新园区,房屋总价,239,房屋户型,2室1厅1卫,所在楼层,低楼层 (共22层),建筑面积,83.45O,户型结构,平层,建筑类型,板楼,房屋朝向,南 北,建筑结构,钢混结构,装修情况,精装,梯户比例,一梯两户,供暖方式,集中供暖,配备电梯,有
所在区域,高新园区,房屋总价,85,房屋户型,1室1厅1卫,所在楼层,中楼层 (共28层),建筑面积,56.29O,户型结构,暂无数据,建筑类型,板塔结合,房屋朝向,东北,建筑结构,钢混结构,装修情况,简装,梯户比例,五梯二十户,供暖方式,集中供暖,配备电梯,有
所在区域,高新园区,房屋总价,160,房屋户型,2室1厅1卫,所在楼层,中楼层 (共31层),建筑面积,55.53O,户型结构,平层,建筑类型,板楼,房屋朝向,南,建筑结构,钢混结构,装修情况,简装,梯户比例,一梯三户,供暖方式,集中供暖,配备电梯,有
所在区域,高新园区,房屋总价,100,房屋户型,1室1厅1卫,所在楼层,低楼层 (共18层),建筑面积,38.25O,户型结构,平层,建筑类型,板楼,房屋朝向,南,建筑结构,钢混结构,装修情况,其他,梯户比例,两梯三户,供暖方式,集中供暖,配备电梯,有
所在区域,高新园区,房屋总价,72,房屋户型,1室1厅1卫,所在楼层,低楼层 (共11层),建筑面积,57.93O,户型结构,平层,建筑类型,板楼,房屋朝向,西,建筑结构,钢混结构,装修情况,精装,梯户比例,一梯六户,供暖方式,集中供暖,配备电梯,有
所在区域,高新园区,房屋总价,130,房屋户型,2室1厅1卫,所在楼层,高楼层 (共6层),建筑面积,70.37O,户型结构,平层,建筑类型,板楼,房屋朝向,东南,建筑结构,混合结构,装修情况,简装,梯户比例,一梯四户,供暖方式,集中供暖
所在区域,高新园区,房屋总价,140,房屋户型,2室1厅1卫,所在楼层,中楼层 (共15层),建筑面积,69.3O,户型结构,平层,建筑类型,板楼,房屋朝向,西北,建筑结构,钢混结构,装修情况,简装,梯户比例,两梯六户,供暖方式,集中供暖,配备电梯,有
所在区域,高新园区,房屋总价,299,房屋户型,3室2厅1卫,所在楼层,低楼层 (共30层),建筑面积,105.98O,户型结构,平层,建筑类型,板楼,房屋朝向,南 北,建筑结构,钢混结构,装修情况,精装,梯户比例,两梯两户,供暖方式,集中供暖,配备电梯,有
所在区域,高新园区,房屋总价,225,房屋户型,2室1厅1卫,所在楼层,中楼层 (共18层),建筑面积,74.37O,户型结构,平层,建筑类型,板楼,房屋朝向,南,建筑结构,钢混结构,装修情况,其他,梯户比例,两梯四户,供暖方式,集中供暖,配备电梯,有
所在区域,高新园区,房屋总价,300,房屋户型,3室1厅1卫,所在楼层,低楼层 (共18层),建筑面积,91.34O,户型结构,平层,建筑类型,板楼,房屋朝向,南 北,建筑结构,钢混结构,装修情况,其他,梯户比例,两梯四户,供暖方式,集中供暖,配备电梯,有
所在区域,高新园区,房屋总价,359,房屋户型,3室1厅2卫,所在楼层,低楼层 (共28层),建筑面积,137.39O,户型结构,平层,套内面积,106.89O,建筑类型,塔楼,房屋朝向,南 北,建筑结构,钢混结构,装修情况,精装,梯户比例,两梯三户,供暖方式,集中供暖,配备电梯,有
所在区域,高新园区,房屋总价,318,房屋户型,2室2厅1卫,所在楼层,低楼层 (共25层),建筑面积,94.61O,户型结构,平层,建筑类型,板塔结合,房屋朝向,南 北,建筑结构,钢混结构,装修情况,精装,梯户比例,一梯三户,供暖方式,集中供暖,配备电梯,有
所在区域,高新园区,房屋总价,228,房屋户型,2室2厅1卫,所在楼层,中楼层 (共9层),建筑面积,86.93O,户型结构,平层,建筑类型,板楼,房屋朝向,南 北,建筑结构,钢混结构,装修情况,精装,梯户比例,一梯两户,供暖方式,集中供暖,配备电梯,有
所在区域,高新园区,房屋总价,235,房屋户型,2室1厅1卫,所在楼层,中楼层 (共26层),建筑面积,82.47O,户型结构,平层,套内面积,64.55O,建筑类型,板楼,房屋朝向,南,建筑结构,钢混结构,装修情况,精装,梯户比例,两梯六户,供暖方式,集中供暖,配备电梯,有
所在区域,高新园区,房屋总价,120,房屋户型,2室1厅1卫,所在楼层,低楼层 (共30层),建筑面积,46.77O,户型结构,平层,建筑类型,塔楼,房屋朝向,西南,建筑结构,钢混结构,装修情况,精装,梯户比例,三梯八户,供暖方式,集中供暖,配备电梯,有
所在区域,高新园区,房屋总价,690,房屋户型,3室2厅2卫,所在楼层,高楼层 (共19层),建筑面积,211.88O,户型结构,平层,建筑类型,板楼,房屋朝向,南 北,建筑结构,钢混结构,装修情况,精装,梯户比例,两梯两户,供暖方式,集中供暖,配备电梯,有
所在区域,高新园区,房屋总价,189,房屋户型,3室1厅1卫,所在楼层,低楼层 (共7层),建筑面积,107.94O,户型结构,平层,建筑类型,板楼,房屋朝向,南 北,建筑结构,砖混结构,装修情况,精装,梯户比例,一梯四户,供暖方式,集中供暖
所在区域,高新园区,房屋总价,430,房屋户型,3室2厅2卫,所在楼层,高楼层 (共6层),建筑面积,155.83O,户型结构,平层,建筑类型,板楼,房屋朝向,南 北,建筑结构,钢混结构,装修情况,其他,梯户比例,一梯两户,供暖方式,集中供暖,配备电梯,有
所在区域,高新园区,房屋总价,398,房屋户型,2室1厅1卫,所在楼层,高楼层 (共33层),建筑面积,102.58O,户型结构,平层,建筑类型,板楼,房屋朝向,南,建筑结构,钢混结构,装修情况,毛坯,梯户比例,一梯两户,供暖方式,集中供暖,配备电梯,有
所在区域,高新园区,房屋总价,357,房屋户型,3室2厅2卫,所在楼层,低楼层 (共10层),建筑面积,142.93O,户型结构,平层,建筑类型,板楼,房屋朝向,南 北,建筑结构,钢混结构,装修情况,其他,梯户比例,一梯两户,供暖方式,集中供暖,配备电梯,有
所在区域,高新园区,房屋总价,266,房屋户型,2室1厅1卫,所在楼层,中楼层 (共32层),建筑面积,92.72O,户型结构,平层,建筑类型,板楼,房屋朝向,南,建筑结构,钢混结构,装修情况,精装,梯户比例,两梯四户,供暖方式,集中供暖,配备电梯,有
所在区域,高新园区,房屋总价,205,房屋户型,3室2厅1卫,所在楼层,低楼层 (共33层),建筑面积,85.05O,户型结构,平层,建筑类型,板楼,房屋朝向,南 北,建筑结构,钢混结构,装修情况,精装,梯户比例,两梯四户,供暖方式,集中供暖,配备电梯,有
所在区域,高新园区,房屋总价,398,房屋户型,3室2厅2卫,所在楼层,低楼层 (共17层),建筑面积,156.03O,户型结构,平层,建筑类型,板楼,房屋朝向,南 北,建筑结构,钢混结构,装修情况,毛坯,梯户比例,两梯两户,供暖方式,集中供暖,配备电梯,有
所在区域,高新园区,房屋总价,135,房屋户型,1室1厅1卫,所在楼层,低楼层 (共31层),建筑面积,46.87O,户型结构,平层,建筑类型,板塔结合,房屋朝向,东北,建筑结构,钢混结构,装修情况,精装,梯户比例,五梯二十一户,供暖方式,集中供暖,配备电梯,有
所在区域,高新园区,房屋总价,238,房屋户型,2室1厅1卫,所在楼层,低楼层 (共11层),建筑面积,91.43O,户型结构,平层,套内面积,76.38O,建筑类型,板楼,房屋朝向,南 北,建筑结构,钢混结构,装修情况,精装,梯户比例,一梯两户,供暖方式,集中供暖,配备电梯,有
所在区域,高新园区,房屋总价,145,房屋户型,3室1厅1卫,所在楼层,低楼层 (共24层),建筑面积,79.46O,户型结构,平层,建筑类型,板楼,房屋朝向,南 北,建筑结构,钢混结构,装修情况,精装,梯户比例,三梯九户,供暖方式,集中供暖,配备电梯,有
所在区域,高新园区,房屋总价,105,房屋户型,1室0厅1卫,所在楼层,高楼层 (共11层),建筑面积,41.78O,户型结构,平层,建筑类型,板楼,房屋朝向,北,建筑结构,钢混结构,装修情况,简装,梯户比例,两梯十四户,供暖方式,集中供暖,配备电梯,有
所在区域,高新园区,房屋总价,89,房屋户型,2室1厅1卫,所在楼层,中楼层 (共7层),建筑面积,62.34O,户型结构,平层,建筑类型,板楼,房屋朝向,东南 西 北,建筑结构,钢混结构,装修情况,简装,梯户比例,一梯六户,供暖方式,集中供暖
所在区域,高新园区,房屋总价,120,房屋户型,1室0厅1卫,所在楼层,高楼层 (共24层),建筑面积,46.93O,户型结构,平层,建筑类型,板楼,房屋朝向,南,建筑结构,钢混结构,装修情况,精装,梯户比例,四梯二十五户,供暖方式,集中供暖,配备电梯,有
所在区域,高新园区,房屋总价,310,房屋户型,2室2厅1卫,所在楼层,低楼层 (共31层),建筑面积,88.04O,户型结构,平层,建筑类型,板塔结合,房屋朝向,南 北,建筑结构,钢混结构,装修情况,毛坯,梯户比例,一梯两户,供暖方式,集中供暖,配备电梯,有
所在区域,高新园区,房屋总价,122.7,房屋户型,2室1厅1卫,所在楼层,高楼层 (共5层),建筑面积,50.55O,户型结构,平层,建筑类型,板楼,房屋朝向,南,建筑结构,砖混结构,装修情况,精装,梯户比例,一梯三户,供暖方式,集中供暖
所在区域,高新园区,房屋总价,450,房屋户型,3室2厅2卫,所在楼层,中楼层 (共6层),建筑面积,116.91O,户型结构,平层,建筑类型,板楼,房屋朝向,南 北,建筑结构,钢混结构,装修情况,毛坯,梯户比例,两梯两户,供暖方式,集中供暖,配备电梯,有
所在区域,高新园区,房屋总价,620,房屋户型,3室2厅2卫,所在楼层,高楼层 (共33层),建筑面积,159.02O,户型结构,平层,建筑类型,板塔结合,房屋朝向,南 北,建筑结构,钢混结构,装修情况,精装,梯户比例,两梯两户,供暖方式,集中供暖,配备电梯,有
所在区域,高新园区,房屋总价,319,房屋户型,3室2厅1卫,所在楼层,高楼层 (共28层),建筑面积,96.16O,户型结构,平层,建筑类型,板楼,房屋朝向,南 北,建筑结构,钢混结构,装修情况,精装,梯户比例,两梯四户,供暖方式,集中供暖,配备电梯,有
所在区域,高新园区,房屋总价,133,房屋户型,1室0厅1卫,所在楼层,中楼层 (共31层),建筑面积,42.2O,户型结构,平层,建筑类型,板楼,房屋朝向,东北,建筑结构,钢混结构,装修情况,简装,梯户比例,五梯二十一户,供暖方式,集中供暖,配备电梯,有
所在区域,高新园区,房屋总价,300,房屋户型,3室2厅1卫,所在楼层,中楼层 (共6层),建筑面积,108.65O,户型结构,平层,建筑类型,板楼,房屋朝向,南 北,建筑结构,钢混结构,装修情况,精装,梯户比例,一梯两户,供暖方式,集中供暖
所在区域,高新园区,房屋总价,190,房屋户型,2室1厅1卫,所在楼层,高楼层 (共9层),建筑面积,89.74O,户型结构,平层,建筑类型,板楼,房屋朝向,南 北,建筑结构,钢混结构,装修情况,精装,梯户比例,两梯两户,供暖方式,集中供暖,配备电梯,有
所在区域,高新园区,房屋总价,158,房屋户型,3室1厅1卫,所在楼层,低楼层 (共30层),建筑面积,79.55O,户型结构,平层,建筑类型,塔楼,房屋朝向,南,建筑结构,钢混结构,装修情况,精装,梯户比例,八梯四十户,供暖方式,集中供暖,配备电梯,有
所在区域,高新园区,房屋总价,388,房屋户型,2室2厅1卫,所在楼层,中楼层 (共32层),建筑面积,99.14O,户型结构,平层,建筑类型,板楼,房屋朝向,南 北,建筑结构,钢混结构,装修情况,精装,梯户比例,一梯三户,供暖方式,集中供暖,配备电梯,有
所在区域,高新园区,房屋总价,62.5,房屋户型,1室1厅1卫,所在楼层,低楼层 (共6层),建筑面积,40.04O,户型结构,平层,套内面积,36O,建筑类型,板楼,房屋朝向,南,建筑结构,混合结构,装修情况,简装,梯户比例,一梯三户,供暖方式,集中供暖
所在区域,高新园区,房屋总价,289,房屋户型,2室1厅1卫,所在楼层,低楼层 (共11层),建筑面积,70.6O,户型结构,平层,建筑类型,板楼,房屋朝向,南,建筑结构,钢混结构,装修情况,精装,梯户比例,一梯四户,供暖方式,集中供暖,配备电梯,有
所在区域,高新园区,房屋总价,84,房屋户型,1室1厅1卫,所在楼层,中楼层 (共32层),建筑面积,50.8O,户型结构,平层,套内面积,40O,建筑类型,板塔结合,房屋朝向,西南,建筑结构,钢混结构,装修情况,精装,梯户比例,六梯四十一户,供暖方式,集中供暖,配备电梯,有
所在区域,高新园区,房屋总价,265,房屋户型,2室1厅1卫,所在楼层,中楼层 (共12层),建筑面积,95.94O,户型结构,平层,建筑类型,板楼,房屋朝向,南 北,建筑结构,钢混结构,装修情况,简装,梯户比例,一梯三户,供暖方式,集中供暖,配备电梯,有
所在区域,高新园区,房屋总价,229,房屋户型,2室1厅1卫,所在楼层,高楼层 (共32层),建筑面积,84O,户型结构,平层,建筑类型,板楼,房屋朝向,南 北,建筑结构,钢混结构,装修情况,精装,梯户比例,两梯六户,供暖方式,集中供暖,配备电梯,有
所在区域,高新园区,房屋总价,220,房屋户型,2室2厅1卫,所在楼层,高楼层 (共6层),建筑面积,87.64O,户型结构,平层,建筑类型,板楼,房屋朝向,南 北,建筑结构,钢混结构,装修情况,精装,梯户比例,一梯两户,供暖方式,集中供暖
所在区域,高新园区,房屋总价,278,房屋户型,3室2厅1卫,所在楼层,低楼层 (共23层),建筑面积,131.18O,户型结构,平层,建筑类型,板楼,房屋朝向,南 北,建筑结构,钢混结构,装修情况,精装,梯户比例,两梯三户,供暖方式,集中供暖,配备电梯,有
所在区域,高新园区,房屋总价,75,房屋户型,2室1厅1卫,所在楼层,中楼层 (共4层),建筑面积,52.58O,户型结构,平层,建筑类型,板楼,房屋朝向,南 北,建筑结构,混合结构,装修情况,简装,梯户比例,一梯三户,供暖方式,集中供暖
所在区域,高新园区,房屋总价,127.5,房屋户型,2室1厅1卫,所在楼层,中楼层 (共6层),建筑面积,75.85O,户型结构,平层,建筑类型,板楼,房屋朝向,南 北,建筑结构,砖混结构,装修情况,简装,梯户比例,一梯四户,供暖方式,集中供暖
所在区域,高新园区,房屋总价,385,房屋户型,3室2厅2卫,所在楼层,低楼层 (共30层),建筑面积,137.85O,户型结构,平层,建筑类型,板楼,房屋朝向,南 北,建筑结构,钢混结构,装修情况,其他,梯户比例,两梯三户,供暖方式,集中供暖,配备电梯,有
所在区域,高新园区,房屋总价,320,房屋户型,3室2厅2卫,所在楼层,低楼层 (共29层),建筑面积,122.23O,户型结构,平层,建筑类型,板楼,房屋朝向,南 北,建筑结构,钢混结构,装修情况,精装,梯户比例,两梯四户,供暖方式,集中供暖,配备电梯,有
所在区域,高新园区,房屋总价,368,房屋户型,3室2厅2卫,所在楼层,高楼层 (共30层),建筑面积,123.7O,户型结构,平层,建筑类型,板楼,房屋朝向,南 北,建筑结构,钢混结构,装修情况,精装,梯户比例,一梯两户,供暖方式,集中供暖,配备电梯,有
所在区域,高新园区,房屋总价,399,房屋户型,3室2厅1卫,所在楼层,高楼层 (共31层),建筑面积,107.42O,户型结构,平层,套内面积,107O,建筑类型,板楼,房屋朝向,南 北,建筑结构,钢混结构,装修情况,毛坯,梯户比例,两梯两户,供暖方式,集中供暖,配备电梯,有
所在区域,高新园区,房屋总价,279,房屋户型,2室2厅1卫,所在楼层,低楼层 (共34层),建筑面积,86.78O,户型结构,平层,建筑类型,板楼,房屋朝向,南 北,建筑结构,钢混结构,装修情况,毛坯,梯户比例,两梯两户,供暖方式,集中供暖,配备电梯,有
所在区域,高新园区,房屋总价,205,房屋户型,2室2厅1卫,所在楼层,低楼层 (共7层),建筑面积,99.69O,户型结构,平层,建筑类型,板楼,房屋朝向,南 北,建筑结构,钢混结构,装修情况,简装,梯户比例,一梯两户,供暖方式,集中供暖
所在区域,高新园区,房屋总价,198,房屋户型,2室1厅1卫,所在楼层,高楼层 (共11层),建筑面积,78.66O,户型结构,平层,建筑类型,板楼,房屋朝向,南,建筑结构,钢混结构,装修情况,精装,梯户比例,四梯十九户,供暖方式,集中供暖,配备电梯,有
所在区域,高新园区,房屋总价,180,房屋户型,2室1厅1卫,所在楼层,低楼层 (共31层),建筑面积,55.53O,户型结构,平层,建筑类型,板楼,房屋朝向,南,建筑结构,钢混结构,装修情况,精装,梯户比例,一梯三户,供暖方式,集中供暖,配备电梯,有
所在区域,高新园区,房屋总价,103,房屋户型,1室0厅1卫,所在楼层,高楼层 (共30层),建筑面积,32.08O,户型结构,平层,建筑类型,塔楼,房屋朝向,北,建筑结构,钢混结构,装修情况,精装,梯户比例,三梯六户,供暖方式,集中供暖,配备电梯,有
所在区域,高新园区,房屋总价,295,房屋户型,3室2厅1卫,所在楼层,低楼层 (共11层),建筑面积,119.99O,户型结构,平层,建筑类型,板楼,房屋朝向,南 北,建筑结构,钢混结构,装修情况,精装,梯户比例,一梯两户,供暖方式,集中供暖,配备电梯,有
所在区域,高新园区,房屋总价,270,房屋户型,2室1厅1卫,所在楼层,低楼层 (共30层),建筑面积,110.97O,户型结构,平层,建筑类型,板楼,房屋朝向,南,建筑结构,钢混结构,装修情况,其他,梯户比例,两梯三户,供暖方式,集中供暖,配备电梯,有
所在区域,高新园区,房屋总价,248,房屋户型,2室1厅1卫,所在楼层,中楼层 (共32层),建筑面积,83.91O,户型结构,平层,套内面积,66.79O,建筑类型,板楼,房屋朝向,南 北,建筑结构,钢混结构,装修情况,精装,梯户比例,两梯六户,供暖方式,集中供暖,配备电梯,有
所在区域,高新园区,房屋总价,100,房屋户型,1室1厅1卫,所在楼层,中楼层 (共24层),建筑面积,46.93O,户型结构,平层,建筑类型,板楼,房屋朝向,东南,建筑结构,钢混结构,装修情况,其他,梯户比例,四梯二十五户,供暖方式,集中供暖,配备电梯,有
所在区域,高新园区,房屋总价,310,房屋户型,3室2厅1卫,所在楼层,中楼层 (共23层),建筑面积,101.8O,户型结构,平层,建筑类型,板楼,房屋朝向,南,建筑结构,钢混结构,装修情况,其他,梯户比例,两梯六户,供暖方式,集中供暖,配备电梯,有
所在区域,高新园区,房屋总价,207,房屋户型,2室1厅1卫,所在楼层,低楼层 (共18层),建筑面积,78.49O,户型结构,平层,建筑类型,板楼,房屋朝向,南,建筑结构,钢混结构,装修情况,精装,梯户比例,两梯四户,供暖方式,集中供暖,配备电梯,有
所在区域,高新园区,房屋总价,360,房屋户型,3室2厅1卫,所在楼层,低楼层 (共28层),建筑面积,112.52O,户型结构,平层,建筑类型,板楼,房屋朝向,南 北,建筑结构,钢混结构,装修情况,精装,梯户比例,两梯三户,供暖方式,集中供暖,配备电梯,有
所在区域,高新园区,房屋总价,340,房屋户型,4室2厅2卫,所在楼层,中楼层 (共6层),建筑面积,151.99O,户型结构,平层,建筑类型,板楼,房屋朝向,南 北,建筑结构,钢混结构,装修情况,精装,梯户比例,一梯两户,供暖方式,集中供暖
所在区域,高新园区,房屋总价,159.8,房屋户型,1室1厅1卫,所在楼层,高楼层 (共18层),建筑面积,59.93O,户型结构,平层,建筑类型,板楼,房屋朝向,南 北,建筑结构,钢混结构,装修情况,简装,梯户比例,两梯四户,供暖方式,集中供暖,配备电梯,有
所在区域,高新园区,房屋总价,195,房屋户型,2室2厅1卫,所在楼层,高楼层 (共6层),建筑面积,77.62O,户型结构,平层,建筑类型,板楼,房屋朝向,南 北,建筑结构,钢混结构,装修情况,简装,梯户比例,一梯两户,供暖方式,集中供暖
所在区域,高新园区,房屋总价,400,房屋户型,3室2厅2卫,所在楼层,高楼层 (共5层),建筑面积,155.14O,户型结构,平层,建筑类型,板楼,房屋朝向,南 北,建筑结构,钢混结构,装修情况,其他,梯户比例,一梯两户,供暖方式,集中供暖,配备电梯,有
所在区域,高新园区,房屋总价,266,房屋户型,2室2厅1卫,所在楼层,高楼层 (共24层),建筑面积,80.35O,户型结构,平层,建筑类型,板楼,房屋朝向,南 北,建筑结构,钢混结构,装修情况,毛坯,梯户比例,四梯两户,供暖方式,集中供暖,配备电梯,有
所在区域,高新园区,房屋总价,267,房屋户型,3室2厅1卫,所在楼层,低楼层 (共11层),建筑面积,118.04O,户型结构,平层,建筑类型,板楼,房屋朝向,南 北,建筑结构,钢混结构,装修情况,其他,梯户比例,一梯两户,供暖方式,集中供暖,配备电梯,有
所在区域,高新园区,房屋总价,170,房屋户型,2室2厅1卫,所在楼层,高楼层 (共30层),建筑面积,87.52O,户型结构,平层,建筑类型,塔楼,房屋朝向,东南,建筑结构,钢混结构,装修情况,其他,梯户比例,三梯八户,供暖方式,集中供暖,配备电梯,有
所在区域,高新园区,房屋总价,206,房屋户型,2室1厅1卫,所在楼层,中楼层 (共24层),建筑面积,82.68O,户型结构,平层,建筑类型,板楼,房屋朝向,南,建筑结构,钢混结构,装修情况,精装,梯户比例,两梯四户,供暖方式,集中供暖,配备电梯,有
所在区域,高新园区,房屋总价,214,房屋户型,2室1厅1卫,所在楼层,低楼层 (共32层),建筑面积,68.88O,户型结构,平层,建筑类型,板塔结合,房屋朝向,南 北,建筑结构,钢混结构,装修情况,精装,梯户比例,两梯六户,供暖方式,集中供暖,配备电梯,有
所在区域,高新园区,房屋总价,126,房屋户型,2室2厅1卫,所在楼层,中楼层 (共6层),建筑面积,92.08O,户型结构,平层,套内面积,77.6O,建筑类型,板楼,房屋朝向,南 北,建筑结构,钢混结构,装修情况,精装,梯户比例,一梯两户,供暖方式,集中供暖,配备电梯,有
所在区域,高新园区,房屋总价,289,房屋户型,2室1厅1卫,所在楼层,低楼层 (共25层),建筑面积,87.54O,户型结构,平层,建筑类型,板塔结合,房屋朝向,南 北,建筑结构,钢混结构,装修情况,精装,梯户比例,一梯三户,供暖方式,集中供暖,配备电梯,有
所在区域,高新园区,房屋总价,125.5,房屋户型,2室1厅1卫,所在楼层,高楼层 (共6层),建筑面积,75.85O,户型结构,平层,建筑类型,板楼,房屋朝向,南 北,建筑结构,砖混结构,装修情况,精装,梯户比例,一梯四户,供暖方式,集中供暖
所在区域,高新园区,房屋总价,230,房屋户型,2室1厅1卫,所在楼层,低楼层 (共18层),建筑面积,78.33O,户型结构,平层,套内面积,64.02O,建筑类型,板楼,房屋朝向,南,建筑结构,钢混结构,装修情况,精装,梯户比例,两梯四户,供暖方式,集中供暖,配备电梯,有
所在区域,高新园区,房屋总价,90,房屋户型,1室0厅1卫,所在楼层,中楼层 (共32层),建筑面积,50.8O,户型结构,平层,套内面积,39.37O,建筑类型,板塔结合,房屋朝向,南,建筑结构,钢混结构,装修情况,精装,梯户比例,六梯四十一户,供暖方式,集中供暖,配备电梯,有
所在区域,高新园区,房屋总价,66,房屋户型,1室1厅1卫,所在楼层,高楼层 (共6层),建筑面积,45.56O,户型结构,平层,建筑类型,板楼,房屋朝向,南,建筑结构,混合结构,装修情况,简装,梯户比例,一梯三户,供暖方式,集中供暖
所在区域,高新园区,房屋总价,107,房屋户型,2室1厅1卫,所在楼层,高楼层 (共6层),建筑面积,60.89O,户型结构,平层,建筑类型,板楼,房屋朝向,南 北,建筑结构,混合结构,装修情况,简装,梯户比例,一梯三户,供暖方式,集中供暖
所在区域,高新园区,房屋总价,64,房屋户型,1室1厅1卫,所在楼层,中楼层 (共6层),建筑面积,32.79O,户型结构,平层,建筑类型,板楼,房屋朝向,南,建筑结构,混合结构,装修情况,简装,梯户比例,一梯三户,供暖方式,集中供暖
所在区域,高新园区,房屋总价,65,房屋户型,2室1厅1卫,所在楼层,高楼层 (共5层),建筑面积,41.29O,户型结构,平层,建筑类型,板楼,房屋朝向,南 北,建筑结构,混合结构,装修情况,其他,梯户比例,一梯四户,供暖方式,集中供暖
所在区域,高新园区,房屋总价,219,房屋户型,2室1厅1卫,所在楼层,中楼层 (共33层),建筑面积,86.12O,户型结构,平层,建筑类型,板楼,房屋朝向,南,建筑结构,钢混结构,装修情况,其他,梯户比例,两梯四户,供暖方式,集中供暖,配备电梯,有
所在区域,高新园区,房屋总价,160,房屋户型,1室1厅1卫,所在楼层,低楼层 (共31层),建筑面积,65.3O,户型结构,平层,建筑类型,塔楼,房屋朝向,东 南 北,建筑结构,钢混结构,装修情况,简装,梯户比例,三梯十户,供暖方式,集中供暖,配备电梯,有
所在区域,高新园区,房屋总价,144.5,房屋户型,2室1厅1卫,所在楼层,低楼层 (共30层),建筑面积,64.9O,户型结构,平层,建筑类型,塔楼,房屋朝向,西南,建筑结构,钢混结构,装修情况,精装,梯户比例,三梯八户,供暖方式,集中供暖,配备电梯,有
所在区域,高新园区,房屋总价,153,房屋户型,1室1厅1卫,所在楼层,中楼层 (共34层),建筑面积,42.53O,户型结构,平层,套内面积,27O,建筑类型,塔楼,房屋朝向,东南,建筑结构,钢混结构,装修情况,简装,梯户比例,三梯八户,供暖方式,集中供暖,配备电梯,有
所在区域,高新园区,房屋总价,99,房屋户型,1室1厅1卫,所在楼层,低楼层 (共32层),建筑面积,36.2O,户型结构,平层,建筑类型,板楼,房屋朝向,南,建筑结构,钢混结构,装修情况,其他,梯户比例,两梯五户,供暖方式,集中供暖,配备电梯,有
所在区域,高新园区,房屋总价,220,房屋户型,3室1厅1卫,所在楼层,高楼层 (共6层),建筑面积,90.56O,户型结构,平层,建筑类型,板楼,房屋朝向,南 北,建筑结构,框架结构,装修情况,简装,梯户比例,一梯两户,供暖方式,集中供暖
所在区域,高新园区,房屋总价,155,房屋户型,2室1厅1卫,所在楼层,高楼层 (共16层),建筑面积,68.18O,户型结构,平层,建筑类型,塔楼,房屋朝向,东,建筑结构,钢混结构,装修情况,其他,梯户比例,两梯八户,供暖方式,集中供暖,配备电梯,有
所在区域,高新园区,房屋总价,89.5,房屋户型,1室0厅1卫,所在楼层,中楼层 (共32层),建筑面积,51.45O,户型结构,平层,套内面积,51.45O,建筑类型,板塔结合,房屋朝向,南,建筑结构,钢混结构,装修情况,精装,梯户比例,六梯四十八户,供暖方式,集中供暖,配备电梯,有
所在区域,高新园区,房屋总价,252,房屋户型,2室1厅1卫,所在楼层,中楼层 (共30层),建筑面积,77.94O,户型结构,平层,建筑类型,板楼,房屋朝向,南,建筑结构,钢混结构,装修情况,简装,梯户比例,两梯四户,供暖方式,集中供暖,配备电梯,有
所在区域,高新园区,房屋总价,220,房屋户型,2室1厅1卫,所在楼层,低楼层 (共31层),建筑面积,71.12O,户型结构,平层,建筑类型,板楼,房屋朝向,南 北,建筑结构,钢混结构,装修情况,精装,梯户比例,一梯三户,供暖方式,集中供暖,配备电梯,有
所在区域,高新园区,房屋总价,320,房屋户型,2室1厅1卫,所在楼层,低楼层 (共36层),建筑面积,99.17O,户型结构,平层,建筑类型,板塔结合,房屋朝向,北 南,建筑结构,钢混结构,装修情况,精装,梯户比例,两梯两户,供暖方式,集中供暖,配备电梯,有
所在区域,高新园区,房屋总价,225,房屋户型,3室2厅1卫,所在楼层,低楼层 (共3层),建筑面积,109.1O,户型结构,平层,建筑类型,板楼,房屋朝向,南 北,建筑结构,砖混结构,装修情况,毛坯,梯户比例,一梯两户,供暖方式,集中供暖
所在区域,高新园区,房屋总价,285,房屋户型,2室1厅1卫,所在楼层,高楼层 (共11层),建筑面积,100.11O,户型结构,平层,建筑类型,板楼,房屋朝向,南 北,建筑结构,钢混结构,装修情况,精装,梯户比例,一梯三户,供暖方式,集中供暖,配备电梯,有
所在区域,高新园区,房屋总价,308,房屋户型,2室1厅1卫,所在楼层,低楼层 (共32层),建筑面积,77.47O,户型结构,平层,建筑类型,板楼,房屋朝向,南,建筑结构,钢混结构,装修情况,其他,梯户比例,一梯三户,供暖方式,集中供暖,配备电梯,有
所在区域,高新园区,房屋总价,215,房屋户型,3室1厅1卫,所在楼层,中楼层 (共5层),建筑面积,91.29O,户型结构,平层,建筑类型,板楼,房屋朝向,南 北,建筑结构,钢混结构,装修情况,精装,梯户比例,一梯两户,供暖方式,集中供暖
所在区域,高新园区,房屋总价,330,房屋户型,2室1厅1卫,所在楼层,中楼层 (共32层),建筑面积,95.46O,户型结构,平层,建筑类型,板楼,房屋朝向,南 北,建筑结构,钢混结构,装修情况,精装,梯户比例,一梯三户,供暖方式,集中供暖,配备电梯,有
所在区域,高新园区,房屋总价,299,房屋户型,2室1厅1卫,所在楼层,中楼层 (共6层),建筑面积,100.78O,户型结构,平层,建筑类型,板楼,房屋朝向,南 北,建筑结构,钢混结构,装修情况,其他,梯户比例,一梯两户,供暖方式,集中供暖
所在区域,高新园区,房屋总价,222,房屋户型,3室2厅2卫,所在楼层,高楼层 (共4层),建筑面积,75.18O,户型结构,平层,建筑类型,板楼,房屋朝向,南 北,建筑结构,钢混结构,装修情况,精装,梯户比例,一梯两户,供暖方式,集中供暖
所在区域,高新园区,房屋总价,104,房屋户型,2室1厅1卫,所在楼层,中楼层 (共6层),建筑面积,54.46O,户型结构,平层,建筑类型,板楼,房屋朝向,南 北,建筑结构,混合结构,装修情况,简装,梯户比例,一梯三户,供暖方式,集中供暖
所在区域,高新园区,房屋总价,336,房屋户型,3室1厅2卫,所在楼层,高楼层 (共18层),建筑面积,130.26O,户型结构,平层,建筑类型,板楼,房屋朝向,南 北,建筑结构,钢混结构,装修情况,简装,梯户比例,两梯两户,供暖方式,集中供暖,配备电梯,有
所在区域,高新园区,房屋总价,185,房屋户型,2室1厅1卫,所在楼层,低楼层 (共30层),建筑面积,60.92O,户型结构,平层,建筑类型,板楼,房屋朝向,南,建筑结构,钢混结构,装修情况,精装,梯户比例,两梯三户,供暖方式,集中供暖,配备电梯,有
所在区域,高新园区,房屋总价,132.6,房屋户型,2室1厅1卫,所在楼层,低楼层 (共7层),建筑面积,65.07O,户型结构,平层,建筑类型,板楼,房屋朝向,南 北,建筑结构,钢混结构,装修情况,简装,梯户比例,一梯三户,供暖方式,集中供暖
所在区域,高新园区,房屋总价,77,房屋户型,1室1厅1卫,所在楼层,低楼层 (共24层),建筑面积,47.77O,户型结构,平层,建筑类型,板楼,房屋朝向,西北,建筑结构,钢混结构,装修情况,精装,梯户比例,三梯九户,供暖方式,集中供暖,配备电梯,有
所在区域,高新园区,房屋总价,395,房屋户型,3室2厅1卫,所在楼层,高楼层 (共34层),建筑面积,107.38O,户型结构,平层,建筑类型,板楼,房屋朝向,南 北,建筑结构,钢混结构,装修情况,毛坯,梯户比例,两梯两户,供暖方式,集中供暖,配备电梯,有
所在区域,高新园区,房屋总价,239,房屋户型,2室1厅1卫,所在楼层,中楼层 (共18层),建筑面积,79.59O,户型结构,平层,建筑类型,板楼,房屋朝向,南,建筑结构,钢混结构,装修情况,精装,梯户比例,两梯四户,供暖方式,集中供暖,配备电梯,有
所在区域,高新园区,房屋总价,111,房屋户型,2室1厅1卫,所在楼层,中楼层 (共5层),建筑面积,52.95O,户型结构,平层,建筑类型,板楼,房屋朝向,西南,建筑结构,钢混结构,装修情况,简装,梯户比例,一梯三户,供暖方式,集中供暖
所在区域,高新园区,房屋总价,70.8,房屋户型,1室1厅1卫,所在楼层,中楼层 (共7层),建筑面积,44.6O,户型结构,平层,建筑类型,板楼,房屋朝向,南,建筑结构,混合结构,装修情况,简装,梯户比例,一梯三户,供暖方式,集中供暖
所在区域,高新园区,房屋总价,185,房屋户型,2室2厅1卫,所在楼层,中楼层 (共11层),建筑面积,80.23O,户型结构,平层,建筑类型,板楼,房屋朝向,南 北,建筑结构,钢混结构,装修情况,精装,梯户比例,一梯两户,供暖方式,集中供暖,配备电梯,有
所在区域,高新园区,房屋总价,167,房屋户型,3室2厅1卫,所在楼层,高楼层 (共7层),建筑面积,119.2O,户型结构,平层,套内面积,119O,建筑类型,板楼,房屋朝向,南 北,建筑结构,钢混结构,装修情况,精装,梯户比例,一梯两户,供暖方式,集中供暖
所在区域,高新园区,房屋总价,213,房屋户型,2室2厅1卫,所在楼层,高楼层 (共18层),建筑面积,93.35O,户型结构,平层,建筑类型,板楼,房屋朝向,南 北,建筑结构,钢混结构,装修情况,精装,梯户比例,一梯三户,供暖方式,集中供暖,配备电梯,有
所在区域,高新园区,房屋总价,247,房屋户型,2室2厅1卫,所在楼层,低楼层 (共25层),建筑面积,79.86O,户型结构,平层,建筑类型,板塔结合,房屋朝向,南 北,建筑结构,钢混结构,装修情况,简装,梯户比例,一梯三户,供暖方式,集中供暖,配备电梯,有
所在区域,高新园区,房屋总价,390,房屋户型,3室1厅1卫,所在楼层,中楼层 (共8层),建筑面积,108.08O,户型结构,平层,建筑类型,板楼,房屋朝向,南 北,建筑结构,钢混结构,装修情况,精装,梯户比例,一梯两户,供暖方式,集中供暖,配备电梯,有
所在区域,高新园区,房屋总价,255,房屋户型,2室2厅1卫,所在楼层,中楼层 (共11层),建筑面积,90.62O,户型结构,平层,建筑类型,板楼,房屋朝向,南 北,建筑结构,钢混结构,装修情况,精装,梯户比例,一梯两户,供暖方式,集中供暖,配备电梯,有
所在区域,高新园区,房屋总价,120,房屋户型,1室0厅1卫,所在楼层,中楼层 (共11层),建筑面积,44.08O,户型结构,平层,建筑类型,板楼,房屋朝向,西北,建筑结构,钢混结构,装修情况,其他,梯户比例,两梯十四户,供暖方式,集中供暖,配备电梯,有
所在区域,高新园区,房屋总价,128,房屋户型,2室1厅1卫,所在楼层,中楼层 (共34层),建筑面积,54.47O,户型结构,平层,建筑类型,板楼,房屋朝向,南,建筑结构,钢混结构,装修情况,精装,梯户比例,两梯四户,供暖方式,集中供暖,配备电梯,有
所在区域,高新园区,房屋总价,91,房屋户型,2室1厅1卫,所在楼层,中楼层 (共6层),建筑面积,56.67O,户型结构,平层,建筑类型,板楼,房屋朝向,南 北,建筑结构,混合结构,装修情况,精装,梯户比例,一梯三户,供暖方式,集中供暖
所在区域,高新园区,房屋总价,124,房屋户型,2室2厅1卫,所在楼层,低楼层 (共6层),建筑面积,63.69O,户型结构,平层,建筑类型,板楼,房屋朝向,南 北,建筑结构,钢混结构,装修情况,精装,梯户比例,一梯三户,供暖方式,集中供暖
所在区域,高新园区,房屋总价,328,房屋户型,3室2厅1卫,所在楼层,中楼层 (共30层),建筑面积,97.56O,户型结构,平层,建筑类型,板楼,房屋朝向,北 南,建筑结构,钢混结构,装修情况,精装,梯户比例,两梯四户,供暖方式,集中供暖,配备电梯,有
所在区域,高新园区,房屋总价,80,房屋户型,2室1厅1卫,所在楼层,低楼层 (共7层),建筑面积,52.56O,户型结构,平层,建筑类型,板楼,房屋朝向,南 北,建筑结构,混合结构,装修情况,简装,梯户比例,一梯三户,供暖方式,集中供暖
所在区域,高新园区,房屋总价,265,房屋户型,2室1厅1卫,所在楼层,中楼层 (共32层),建筑面积,80.75O,户型结构,平层,建筑类型,板楼,房屋朝向,南 北,建筑结构,钢混结构,装修情况,精装,梯户比例,一梯三户,供暖方式,集中供暖,配备电梯,有
所在区域,高新园区,房屋总价,229,房屋户型,2室1厅1卫,所在楼层,中楼层 (共6层),建筑面积,98.11O,户型结构,平层,建筑类型,板楼,房屋朝向,南 北,建筑结构,钢混结构,装修情况,简装,梯户比例,一梯两户,供暖方式,集中供暖
所在区域,高新园区,房屋总价,289,房屋户型,2室2厅1卫,所在楼层,低楼层 (共25层),建筑面积,87.54O,户型结构,平层,建筑类型,板塔结合,房屋朝向,南 北,建筑结构,钢混结构,装修情况,精装,梯户比例,一梯三户,供暖方式,集中供暖,配备电梯,有
所在区域,高新园区,房屋总价,180,房屋户型,2室2厅1卫,所在楼层,低楼层 (共24层),建筑面积,82.68O,户型结构,平层,建筑类型,板楼,房屋朝向,南,建筑结构,钢混结构,装修情况,精装,梯户比例,两梯四户,供暖方式,集中供暖,配备电梯,有
所在区域,高新园区,房屋总价,220,房屋户型,2室1厅1卫,所在楼层,中楼层 (共29层),建筑面积,89.26O,户型结构,平层,建筑类型,塔楼,房屋朝向,南 北,建筑结构,钢混结构,装修情况,精装,梯户比例,三梯九户,供暖方式,集中供暖,配备电梯,有
所在区域,高新园区,房屋总价,240,房屋户型,2室2厅1卫,所在楼层,低楼层 (共23层),建筑面积,81.28O,户型结构,平层,建筑类型,板塔结合,房屋朝向,东 南 北,建筑结构,钢混结构,装修情况,精装,梯户比例,三梯十一户,供暖方式,集中供暖,配备电梯,有
所在区域,高新园区,房屋总价,214,房屋户型,2室1厅1卫,所在楼层,低楼层 (共32层),建筑面积,64.68O,户型结构,平层,建筑类型,板楼,房屋朝向,南 北,建筑结构,钢混结构,装修情况,精装,梯户比例,一梯四户,供暖方式,集中供暖,配备电梯,有
所在区域,高新园区,房屋总价,618,房屋户型,3室2厅3卫,所在楼层,中楼层 (共30层),建筑面积,198.63O,户型结构,平层,建筑类型,板楼,房屋朝向,南 北,建筑结构,钢混结构,装修情况,精装,梯户比例,两梯两户,供暖方式,集中供暖,配备电梯,有
所在区域,高新园区,房屋总价,315,房屋户型,2室2厅1卫,所在楼层,低楼层 (共27层),建筑面积,125.4O,户型结构,平层,建筑类型,板楼,房屋朝向,南 北,建筑结构,钢混结构,装修情况,精装,梯户比例,两梯三户,供暖方式,集中供暖,配备电梯,有
所在区域,高新园区,房屋总价,75,房屋户型,1室1厅1卫,所在楼层,高楼层 (共27层),建筑面积,37.42O,户型结构,平层,建筑类型,塔楼,房屋朝向,北,建筑结构,钢混结构,装修情况,简装,梯户比例,三梯十户,供暖方式,集中供暖,配备电梯,有
所在区域,高新园区,房屋总价,420,房屋户型,3室2厅1卫,所在楼层,中楼层 (共17层),建筑面积,130.2O,户型结构,平层,建筑类型,板楼,房屋朝向,南 北,建筑结构,钢混结构,装修情况,简装,梯户比例,两梯两户,供暖方式,集中供暖,配备电梯,有
所在区域,高新园区,房屋总价,95,房屋户型,1室0厅1卫,所在楼层,低楼层 (共24层),建筑面积,46.93O,户型结构,平层,建筑类型,板楼,房屋朝向,东南,建筑结构,钢混结构,装修情况,精装,梯户比例,四梯二十五户,供暖方式,集中供暖,配备电梯,有
所在区域,高新园区,房屋总价,209,房屋户型,3室2厅1卫,所在楼层,高楼层 (共32层),建筑面积,74.69O,户型结构,平层,建筑类型,板塔结合,房屋朝向,南 北,建筑结构,钢混结构,装修情况,精装,梯户比例,两梯四户,供暖方式,集中供暖,配备电梯,有
所在区域,高新园区,房屋总价,268,房屋户型,2室1厅1卫,所在楼层,中楼层 (共23层),建筑面积,75.97O,户型结构,平层,建筑类型,板楼,房屋朝向,南,建筑结构,钢混结构,装修情况,精装,梯户比例,两梯四户,供暖方式,集中供暖,配备电梯,有
所在区域,高新园区,房屋总价,148,房屋户型,2室1厅1卫,所在楼层,中楼层 (共16层),建筑面积,68.18O,户型结构,平层,建筑类型,塔楼,房屋朝向,东 南,建筑结构,钢混结构,装修情况,精装,梯户比例,两梯八户,供暖方式,集中供暖,配备电梯,有
所在区域,高新园区,房屋总价,105,房屋户型,1室1厅1卫,所在楼层,高楼层 (共29层),建筑面积,48O,户型结构,平层,建筑类型,塔楼,房屋朝向,西 北,建筑结构,钢混结构,装修情况,精装,梯户比例,三梯八户,供暖方式,集中供暖,配备电梯,有
所在区域,高新园区,房屋总价,225,房屋户型,2室2厅1卫,所在楼层,低楼层 (共16层),建筑面积,81.66O,户型结构,平层,建筑类型,板楼,房屋朝向,南 北,建筑结构,钢混结构,装修情况,精装,梯户比例,一梯四户,供暖方式,集中供暖,配备电梯,有
所在区域,高新园区,房屋总价,86,房屋户型,1室1厅1卫,所在楼层,中楼层 (共9层),建筑面积,42.97O,户型结构,平层,建筑类型,塔楼,房屋朝向,西,建筑结构,钢混结构,装修情况,简装,梯户比例,两梯十一户,供暖方式,集中供暖,配备电梯,有
所在区域,高新园区,房屋总价,78,房屋户型,2室0厅1卫,所在楼层,低楼层 (共3层),建筑面积,51.69O,户型结构,平层,建筑类型,板楼,房屋朝向,南,建筑结构,砖混结构,装修情况,简装,梯户比例,一梯四户,供暖方式,集中供暖
所在区域,高新园区,房屋总价,77,房屋户型,1室1厅1卫,所在楼层,高楼层 (共6层),建筑面积,47.68O,户型结构,平层,建筑类型,板楼,房屋朝向,南,建筑结构,砖混结构,装修情况,简装,梯户比例,一梯三户,供暖方式,集中供暖
所在区域,高新园区,房屋总价,309,房屋户型,3室2厅1卫,所在楼层,低楼层 (共27层),建筑面积,125.18O,户型结构,平层,建筑类型,板楼,房屋朝向,南 北,建筑结构,钢混结构,装修情况,毛坯,梯户比例,两梯三户,供暖方式,集中供暖,配备电梯,有
所在区域,高新园区,房屋总价,345,房屋户型,3室1厅1卫,所在楼层,中楼层 (共18层),建筑面积,108.34O,户型结构,平层,建筑类型,板楼,房屋朝向,南 北,建筑结构,钢混结构,装修情况,精装,梯户比例,两梯两户,供暖方式,集中供暖,配备电梯,有
所在区域,高新园区,房屋总价,245,房屋户型,2室1厅1卫,所在楼层,高楼层 (共6层),建筑面积,76.28O,户型结构,平层,建筑类型,板楼,房屋朝向,南 北,建筑结构,钢混结构,装修情况,精装,梯户比例,一梯两户,供暖方式,集中供暖,配备电梯,有
所在区域,高新园区,房屋总价,230,房屋户型,2室2厅1卫,所在楼层,中楼层 (共6层),建筑面积,88.81O,户型结构,平层,建筑类型,板楼,房屋朝向,南 北,建筑结构,钢混结构,装修情况,简装,梯户比例,一梯两户,供暖方式,集中供暖
所在区域,高新园区,房屋总价,135,房屋户型,2室2厅1卫,所在楼层,中楼层 (共32层),建筑面积,83.2O,户型结构,平层,建筑类型,塔楼,房屋朝向,南,建筑结构,钢混结构,装修情况,精装,梯户比例,四梯十户,供暖方式,集中供暖,配备电梯,有
所在区域,高新园区,房屋总价,73,房屋户型,1室0厅1卫,所在楼层,中楼层 (共27层),建筑面积,37.42O,户型结构,平层,建筑类型,塔楼,房屋朝向,北,建筑结构,钢混结构,装修情况,精装,梯户比例,三梯十户,供暖方式,集中供暖,配备电梯,有
所在区域,高新园区,房屋总价,193,房屋户型,1室1厅1卫,所在楼层,低楼层 (共31层),建筑面积,59.99O,户型结构,平层,建筑类型,板楼,房屋朝向,南,建筑结构,钢混结构,装修情况,毛坯,梯户比例,两梯四户,供暖方式,集中供暖,配备电梯,有
所在区域,高新园区,房屋总价,187,房屋户型,2室1厅1卫,所在楼层,中楼层 (共6层),建筑面积,62.14O,户型结构,平层,建筑类型,板楼,房屋朝向,南,建筑结构,钢混结构,装修情况,精装,梯户比例,一梯三户,供暖方式,集中供暖
所在区域,高新园区,房屋总价,370,房屋户型,3室2厅2卫,所在楼层,低楼层 (共15层),建筑面积,125.69O,户型结构,平层,建筑类型,板楼,房屋朝向,南 北,建筑结构,钢混结构,装修情况,精装,梯户比例,一梯两户,供暖方式,集中供暖,配备电梯,有
所在区域,高新园区,房屋总价,280,房屋户型,3室2厅1卫,所在楼层,中楼层 (共33层),建筑面积,88.23O,户型结构,平层,建筑类型,板楼,房屋朝向,南 北,建筑结构,钢混结构,装修情况,精装,梯户比例,两梯四户,供暖方式,集中供暖,配备电梯,有
所在区域,高新园区,房屋总价,390,房屋户型,3室2厅2卫,所在楼层,高楼层 (共18层),建筑面积,120O,户型结构,平层,建筑类型,板楼,房屋朝向,南 北,建筑结构,钢混结构,装修情况,简装,梯户比例,一梯四户,供暖方式,集中供暖,配备电梯,有
所在区域,高新园区,房屋总价,67.5,房屋户型,1室1厅1卫,所在楼层,中楼层 (共11层),建筑面积,46.21O,户型结构,平层,套内面积,46.21O,建筑类型,塔楼,房屋朝向,东,建筑结构,钢混结构,装修情况,精装,梯户比例,五梯五十六户,供暖方式,集中供暖,配备电梯,有
所在区域,高新园区,房屋总价,340,房屋户型,3室2厅1卫,所在楼层,高楼层 (共16层),建筑面积,92.22O,户型结构,平层,建筑类型,板楼,房屋朝向,南 北,建筑结构,钢混结构,装修情况,精装,梯户比例,两梯三户,供暖方式,集中供暖,配备电梯,有
所在区域,高新园区,房屋总价,320,房屋户型,2室1厅1卫,所在楼层,高楼层 (共34层),建筑面积,86.11O,户型结构,平层,套内面积,64.78O,建筑类型,板楼,房屋朝向,南 北,建筑结构,钢混结构,装修情况,毛坯,梯户比例,一梯两户,供暖方式,集中供暖,配备电梯,有
所在区域,高新园区,房屋总价,510,房屋户型,3室1厅2卫,所在楼层,低楼层 (共18层),建筑面积,165.74O,户型结构,平层,套内面积,137.34O,建筑类型,板楼,房屋朝向,南,建筑结构,钢混结构,装修情况,毛坯,梯户比例,两梯两户,供暖方式,集中供暖,配备电梯,有
所在区域,高新园区,房屋总价,136.6,房屋户型,2室1厅1卫,所在楼层,中楼层 (共30层),建筑面积,62.14O,户型结构,平层,建筑类型,塔楼,房屋朝向,东,建筑结构,钢混结构,装修情况,简装,梯户比例,三梯八户,供暖方式,集中供暖,配备电梯,有
所在区域,高新园区,房屋总价,82,房屋户型,2室1厅1卫,所在楼层,高楼层 (共7层),建筑面积,59.52O,户型结构,平层,建筑类型,板楼,房屋朝向,南 北,建筑结构,混合结构,装修情况,简装,梯户比例,一梯三户,供暖方式,集中供暖
所在区域,高新园区,房屋总价,299,房屋户型,2室1厅1卫,所在楼层,高楼层 (共32层),建筑面积,84.37O,户型结构,平层,建筑类型,板楼,房屋朝向,东 南 北,建筑结构,钢混结构,装修情况,其他,梯户比例,两梯六户,供暖方式,集中供暖,配备电梯,有
所在区域,高新园区,房屋总价,199.8,房屋户型,2室1厅1卫,所在楼层,高楼层 (共11层),建筑面积,80.11O,户型结构,平层,建筑类型,板楼,房屋朝向,南 北,建筑结构,钢混结构,装修情况,精装,梯户比例,一梯两户,供暖方式,集中供暖,配备电梯,有
所在区域,高新园区,房屋总价,245,房屋户型,2室1厅1卫,所在楼层,中楼层 (共32层),建筑面积,84.37O,户型结构,平层,建筑类型,板楼,房屋朝向,南,建筑结构,钢混结构,装修情况,精装,梯户比例,两梯六户,供暖方式,集中供暖,配备电梯,有
所在区域,高新园区,房屋总价,85,房屋户型,1室1厅1卫,所在楼层,中楼层 (共32层),建筑面积,50.8O,户型结构,平层,建筑类型,板塔结合,房屋朝向,南,建筑结构,钢混结构,装修情况,精装,梯户比例,六梯四十一户,供暖方式,集中供暖,配备电梯,有
所在区域,高新园区,房屋总价,62,房屋户型,1室0厅1卫,所在楼层,中楼层 (共11层),建筑面积,46.21O,户型结构,平层,建筑类型,塔楼,房屋朝向,东,建筑结构,钢混结构,装修情况,精装,梯户比例,五梯五十六户,供暖方式,集中供暖,配备电梯,有
所在区域,高新园区,房屋总价,59.8,房屋户型,1室0厅1卫,所在楼层,中楼层 (共24层),建筑面积,37.08O,户型结构,平层,建筑类型,塔楼,房屋朝向,西南,建筑结构,钢混结构,装修情况,精装,梯户比例,三梯十八户,供暖方式,集中供暖,配备电梯,有
所在区域,高新园区,房屋总价,134,房屋户型,1室1厅1卫,所在楼层,高楼层 (共32层),建筑面积,50.99O,户型结构,平层,建筑类型,板塔结合,房屋朝向,南,建筑结构,钢混结构,装修情况,精装,梯户比例,两梯四户,供暖方式,集中供暖,配备电梯,有
所在区域,高新园区,房屋总价,140,房屋户型,2室1厅1卫,所在楼层,低楼层 (共7层),建筑面积,60.94O,户型结构,平层,建筑类型,板楼,房屋朝向,南 北,建筑结构,混合结构,装修情况,简装,梯户比例,一梯三户,供暖方式,集中供暖
所在区域,高新园区,房屋总价,117,房屋户型,1室1厅1卫,所在楼层,低楼层 (共31层),建筑面积,37.94O,户型结构,平层,套内面积,29.58O,建筑类型,塔楼,房屋朝向,西北,建筑结构,钢混结构,装修情况,精装,梯户比例,三梯八户,供暖方式,集中供暖,配备电梯,有
所在区域,高新园区,房屋总价,298,房屋户型,2室2厅1卫,所在楼层,中楼层 (共28层),建筑面积,86.71O,户型结构,平层,建筑类型,板楼,房屋朝向,南 北,建筑结构,钢混结构,装修情况,毛坯,梯户比例,两梯两户,供暖方式,集中供暖,配备电梯,有
所在区域,高新园区,房屋总价,290,房屋户型,4室2厅2卫,所在楼层,高楼层 (共6层),建筑面积,130.96O,户型结构,平层,建筑类型,板楼,房屋朝向,南 北,建筑结构,钢混结构,装修情况,精装,梯户比例,一梯两户,供暖方式,集中供暖
所在区域,高新园区,房屋总价,305,房屋户型,2室1厅1卫,所在楼层,中楼层 (共32层),建筑面积,88.16O,户型结构,平层,建筑类型,板塔结合,房屋朝向,南 北,建筑结构,钢混结构,装修情况,精装,梯户比例,两梯两户,供暖方式,集中供暖,配备电梯,有
所在区域,高新园区,房屋总价,180,房屋户型,3室1厅1卫,所在楼层,中楼层 (共7层),建筑面积,83.41O,户型结构,平层,建筑类型,板楼,房屋朝向,南 北,建筑结构,混合结构,装修情况,精装,梯户比例,一梯三户,供暖方式,集中供暖
所在区域,高新园区,房屋总价,93,房屋户型,1室1厅1卫,所在楼层,中楼层 (共28层),建筑面积,52.72O,户型结构,平层,套内面积,52.72O,建筑类型,板塔结合,房屋朝向,南,建筑结构,钢混结构,装修情况,精装,梯户比例,两梯十五户,供暖方式,集中供暖,配备电梯,有,用水类型,民水,用电类型,民电
所在区域,高新园区,房屋总价,154,房屋户型,3室2厅1卫,所在楼层,中楼层 (共6层),建筑面积,85.46O,户型结构,平层,建筑类型,板楼,房屋朝向,南 北 西,建筑结构,砖混结构,装修情况,简装,梯户比例,一梯两户,供暖方式,集中供暖
所在区域,高新园区,房屋总价,86,房屋户型,2室1厅1卫,所在楼层,地下室 (共6层),建筑面积,88.4O,户型结构,平层,建筑类型,板楼,房屋朝向,南 北,建筑结构,钢混结构,装修情况,毛坯,梯户比例,一梯两户,供暖方式,集中供暖
所在区域,高新园区,房屋总价,90,房屋户型,2室1厅1卫,所在楼层,中楼层 (共6层),建筑面积,54.71O,户型结构,平层,套内面积,54O,建筑类型,板楼,房屋朝向,南 北,建筑结构,砖混结构,装修情况,精装,梯户比例,一梯三户,供暖方式,集中供暖
所在区域,高新园区,房屋总价,345,房屋户型,3室1厅2卫,所在楼层,低楼层 (共6层),建筑面积,112.49O,户型结构,平层,建筑类型,板楼,房屋朝向,南 北,建筑结构,钢混结构,装修情况,精装,梯户比例,一梯两户,供暖方式,集中供暖,配备电梯,有
所在区域,高新园区,房屋总价,90,房屋户型,1室1厅1卫,所在楼层,高楼层 (共11层),建筑面积,44.54O,户型结构,平层,建筑类型,板楼,房屋朝向,西北,建筑结构,钢混结构,装修情况,精装,梯户比例,两梯十四户,供暖方式,集中供暖,配备电梯,有
所在区域,高新园区,房屋总价,288,房屋户型,2室1厅1卫,所在楼层,低楼层 (共30层),建筑面积,126.4O,户型结构,平层,建筑类型,板楼,房屋朝向,南 北,建筑结构,钢混结构,装修情况,精装,梯户比例,两梯三户,供暖方式,集中供暖,配备电梯,有
所在区域,高新园区,房屋总价,172,房屋户型,2室1厅1卫,所在楼层,高楼层 (共29层),建筑面积,72.45O,户型结构,平层,建筑类型,塔楼,房屋朝向,南 西,建筑结构,钢混结构,装修情况,精装,梯户比例,三梯九户,供暖方式,集中供暖,配备电梯,有
所在区域,高新园区,房屋总价,87,房屋户型,1室1厅1卫,所在楼层,中楼层 (共24层),建筑面积,56.02O,户型结构,平层,建筑类型,塔楼,房屋朝向,东北,建筑结构,钢混结构,装修情况,简装,梯户比例,三梯十八户,供暖方式,集中供暖,配备电梯,有
所在区域,高新园区,房屋总价,80,房屋户型,1室0厅1卫,所在楼层,高楼层 (共6层),建筑面积,48.78O,户型结构,平层,建筑类型,板楼,房屋朝向,西南,建筑结构,钢混结构,装修情况,精装,梯户比例,一梯六十二户,供暖方式,集中供暖
所在区域,高新园区,房屋总价,270,房屋户型,2室1厅1卫,所在楼层,低楼层 (共6层),建筑面积,106.9O,户型结构,平层,建筑类型,板楼,房屋朝向,南 北,建筑结构,钢混结构,装修情况,简装,梯户比例,一梯两户,供暖方式,集中供暖
